Topology,lambda_parallel_instances,lambda_allocated_memory,car_cache,latency,cost,complexity,scalability
1.2,91,6976,9,0,3.0051,5,5.9934
1.2,78,9600,4,0,3.8853,5,6.2571
1.2,43,2688,5,0,2.5243,5,8.3472
1.2,1,8832,4,0,2.7155,5,8.9525
1.2,20,2880,10,0,1.9826,5,8.5849
1.2,65,2880,4,0,2.9975,5,8.1103
1.2,45,8960,4,0,3.339,5,7.2809
1.2,38,7808,7,0,2.6563,5,7.4096
1.2,1,960,3,0,3.0031,5,8.9943
1.2,27,1216,5,0,2.3935,5,8.8034
1.2,48,5440,10,0,2.3044,5,7.3863
1.2,7,960,9,0,2.0122,5,8.9508
1.2,51,3968,2,0,4.3715,5,8.3406
1.2,66,2688,6,0,2.532,5,8.0018
1.2,4,9664,10,0,1.9527,5,8.7166
1.2,53,6336,9,0,2.5324,5,7.112
1.2,88,640,1,0,6.3906,5,8.8741
1.2,20,5440,6,0,2.4236,5,8.3599
1.2,27,2176,8,0,2.1195,5,8.604
1.2,41,5184,8,0,2.3626,5,7.7186
1.2,100,1664,5,0,2.6046,5,8.0897
1.2,48,4288,5,0,2.667,5,7.9007
1.2,100,896,1,0,6.4432,5,8.8016
1.2,99,9536,8,0,3.519,5,5.1821
1.2,8,4224,4,0,2.755,5,8.8242
1.2,99,9408,1,0,7.774,5,7.295
1.2,48,9024,2,0,4.7363,5,7.6981
1.2,25,1408,8,0,2.0822,5,8.7578
1.2,34,1152,3,0,3.0635,5,8.817
1.2,86,7936,2,0,5.1305,5,7.1067
1.2,40,2688,6,0,2.4216,5,8.3669
1.2,67,832,4,0,2.7897,5,8.7145
1.2,24,9472,4,0,3.0609,5,7.9422
1.2,30,1024,7,0,2.2358,5,8.803
1.2,50,2752,8,0,2.2441,5,8.1261
1.2,95,9664,9,0,3.4529,5,5.2161
1.2,19,7872,5,0,2.578,5,8.1732
1.2,13,3904,1,0,6.3818,5,8.8863
1.2,92,9792,7,0,3.6114,5,5.45
1.2,25,6784,1,0,6.5697,5,8.6322
1.2,97,6720,2,0,5.082,5,7.1744
1.2,9,448,6,0,2.258,5,8.9731
1.2,84,7744,10,0,2.9199,5,5.8292
1.2,61,3712,1,0,6.6595,5,8.5157
1.2,24,6848,5,0,2.6014,5,8.0998
1.2,17,5504,6,0,2.3995,5,8.4438
1.2,82,4800,10,0,2.5138,5,6.7709
1.2,87,5248,6,0,2.9734,5,6.8141
1.2,68,6848,2,0,4.7877,5,7.6155
1.2,48,6208,10,0,2.3626,5,7.2041
1.2,17,8640,3,0,3.2338,5,8.3527
1.2,58,1344,6,0,2.3748,5,8.5315
1.2,9,3776,7,0,2.241,5,8.7828
1.2,3,6592,9,0,2.0328,5,8.8599
1.2,46,8704,8,0,2.6595,5,6.8568
1.2,45,6144,8,0,2.4637,5,7.4019
1.2,24,4608,1,0,6.4764,5,8.7565
1.2,62,256,7,0,2.2124,5,8.8964
1.2,20,5120,5,0,2.5035,5,8.4167
1.2,72,6976,8,0,2.8206,5,6.4652
1.2,45,3328,6,0,2.4883,5,8.1423
1.2,86,9152,7,0,3.4315,5,5.7357
1.2,52,5440,2,0,4.4988,5,8.1046
1.2,14,6016,7,0,2.3204,5,8.4821
1.2,65,704,1,0,6.3739,5,8.8973
1.2,61,4160,5,0,2.7427,5,7.6824
1.2,8,4160,2,0,4.1042,5,8.8838
1.2,100,7104,5,0,3.4646,5,6.0817
1.2,13,7552,10,0,2.0468,5,8.3159
1.2,87,8832,2,0,5.2663,5,6.9235
1.2,29,8512,5,0,2.7318,5,7.7131
1.2,100,2880,4,0,3.1569,5,7.7009
1.2,75,5504,6,0,2.9042,5,6.9765
1.2,8,896,2,0,4.0629,5,8.9741
1.2,90,6784,7,0,3.1525,5,6.2434
1.2,6,5120,4,0,2.7501,5,8.8398
1.2,25,7808,9,0,2.3102,5,7.7963
1.2,6,5632,2,0,4.105,5,8.882
1.2,99,5312,6,0,3.0829,5,6.5719
1.2,72,8192,9,0,2.934,5,6.1386
1.2,63,192,3,0,3.0207,5,8.9419
1.2,6,5184,9,0,2.0508,5,8.7825
1.2,58,6336,2,0,4.6325,5,7.8706
1.2,75,2880,9,0,2.343,5,7.6869
1.2,81,4928,10,0,2.5226,5,6.7473
1.2,53,2240,2,0,4.2393,5,8.6008
1.2,2,3520,9,0,2.0127,5,8.9485
1.2,28,6592,2,0,4.3434,5,8.3946
1.2,30,3776,7,0,2.3664,5,8.3175
1.2,57,5184,1,0,6.7687,5,8.3784
1.2,78,384,7,0,2.2346,5,8.8078
1.2,90,3776,7,0,2.7245,5,7.2241
1.2,70,7872,7,0,3.0584,5,6.4355
1.2,70,8064,4,0,3.5939,5,6.7644
1.2,5,1088,6,0,2.2602,5,8.9642
1.2,85,5376,10,0,2.614,5,6.5115
1.2,9,8640,9,0,2.1245,5,8.4776
1.2,89,832,4,0,2.8186,5,8.625
1.2,23,8448,2,0,4.3587,5,8.365
1.2,89,2048,9,0,2.2897,5,7.8659
1.2,21,6720,3,0,3.2247,5,8.3763
1.2,7,4352,4,0,2.7497,5,8.8411
1.2,59,2560,8,0,2.2654,5,8.0499
1.2,23,128,1,0,6.3062,5,8.9928
1.2,93,512,6,0,2.3269,5,8.7074
1.2,20,1728,7,0,2.2419,5,8.7792
1.2,67,7872,6,0,3.0854,5,6.5668
1.2,80,5824,6,0,2.9881,5,6.7804
1.2,39,5824,5,0,2.7006,5,7.8021
1.2,56,8576,7,0,2.9465,5,6.6799
1.2,5,9024,3,0,3.0729,5,8.79
1.2,56,6208,9,0,2.5512,5,7.0599
1.2,55,384,9,0,2.035,5,8.8507
1.2,97,8320,5,0,3.6174,5,5.8249
1.2,51,6592,7,0,2.7188,5,7.2394
1.2,78,8832,3,0,4.0906,5,6.6031
1.2,81,7552,10,0,2.8586,5,5.9542
1.2,12,7232,7,0,2.3245,5,8.4674
1.2,18,3584,4,0,2.8036,5,8.6714
1.2,59,2048,2,0,4.2426,5,8.594
1.2,92,3584,1,0,6.8228,5,8.3119
1.2,20,5120,4,0,2.8635,5,8.49
1.2,91,2496,3,0,3.3606,5,8.0374
1.2,2,4544,7,0,2.2017,5,8.9398
1.2,71,4672,1,0,6.826,5,8.3081
1.2,65,6336,2,0,4.7026,5,7.7533
1.2,21,6656,4,0,2.9225,5,8.3184
1.2,29,4160,9,0,2.1923,5,8.2155
1.2,31,7616,6,0,2.6248,5,7.719
1.2,78,7872,10,0,2.8622,5,5.9467
1.2,12,8704,9,0,2.1667,5,8.3126
1.2,30,2432,5,0,2.4569,5,8.5761
1.2,20,9152,4,0,2.9909,5,8.1282
1.2,11,4480,6,0,2.3295,5,8.6976
1.2,5,5568,6,0,2.2956,5,8.826
1.2,28,4224,5,0,2.5285,5,8.3332
1.2,62,8384,9,0,2.8233,5,6.3793
1.2,49,2560,2,0,4.2499,5,8.5793
1.2,63,8640,9,0,2.8621,5,6.2929
1.2,16,6016,9,0,2.1537,5,8.3625
1.2,82,8000,9,0,3.0386,5,5.9273
1.2,41,8384,7,0,2.7307,5,7.2078
1.2,21,3840,8,0,2.1541,5,8.4658
1.2,3,2880,7,0,2.2009,5,8.9426
1.2,11,3776,6,0,2.3172,5,8.7435
1.2,33,8960,8,0,2.494,5,7.3119
1.2,13,9984,10,0,2.0968,5,8.1177
1.2,79,6272,10,0,2.6749,5,6.3632
1.2,12,8768,8,0,2.1929,5,8.3158
1.2,69,7232,7,0,2.9761,5,6.6133
1.2,14,5760,4,0,2.8291,5,8.5932
1.2,68,3456,4,0,3.0731,5,7.9109
1.2,22,3776,5,0,2.4729,5,8.5207
1.2,47,2752,9,0,2.2061,5,8.1643
1.2,6,4544,9,0,2.0447,5,8.8086
1.2,92,1664,6,0,2.4936,5,8.1252
1.2,45,9728,8,0,2.7186,5,6.7078
1.2,96,2432,1,0,6.6707,5,8.5015
1.2,23,7872,10,0,2.1778,5,7.8156
1.2,23,8896,10,0,2.215,5,7.6842
1.2,19,6272,9,0,2.19,5,8.2242
1.2,31,1792,8,0,2.1144,5,8.6246
1.2,59,4608,5,0,2.7714,5,7.603
1.2,12,128,10,5.8002e-07,1.894,5,8.9867
1.2,16,8512,5,0,2.5569,5,8.2408
1.2,32,1344,7,0,2.2553,5,8.7272
1.2,92,3520,3,0,3.5135,5,7.6877
1.2,58,5504,4,0,3.2062,5,7.5823
1.2,9,4224,7,0,2.2474,5,8.7578
1.2,13,6848,9,0,2.1423,5,8.4072
1.2,86,6080,9,0,2.8282,5,6.3684
1.2,73,7040,10,0,2.704,5,6.2947
1.2,19,9088,10,0,2.1645,5,7.8634
1.2,73,3776,8,0,2.4623,5,7.4059
1.2,19,9408,3,0,3.2842,5,8.2246
1.2,61,384,8,0,2.0636,5,8.8368
1.2,30,3584,2,0,4.2216,5,8.6368
1.2,45,8512,10,0,2.4971,5,6.8162
1.2,43,2816,8,0,2.218,5,8.2217
1.2,68,7808,4,0,3.5409,5,6.8657
1.2,3,9600,5,0,2.3871,5,8.8269
1.2,89,8704,9,0,3.2262,5,5.5827
1.2,38,3840,7,0,2.418,5,8.14
1.2,67,3008,2,0,4.3702,5,8.3431
1.2,3,1600,4,0,2.7092,5,8.9735
1.2,4,7360,5,0,2.3881,5,8.8232
1.2,41,1024,9,0,2.0679,5,8.7095
1.2,93,8256,2,0,5.2654,5,6.9246
1.2,18,8000,4,0,2.9292,5,8.2994
1.2,90,6336,3,0,3.903,5,6.9204
1.2,82,5504,3,0,3.7151,5,7.2706
1.2,87,2304,7,0,2.5042,5,7.8598
1.2,25,9024,7,0,2.5439,5,7.737
1.2,15,2432,8,0,2.0842,5,8.7493
1.2,88,5568,9,0,2.7762,5,6.4876
1.2,95,3072,5,0,2.8029,5,7.5174
1.2,40,9536,10,0,2.4946,5,6.8231
1.2,74,3584,4,0,3.1208,5,7.7898
1.2,79,8000,4,0,3.7007,5,6.5693
1.2,34,4096,6,0,2.4717,5,8.197
1.2,71,8320,5,0,3.2754,5,6.433
1.2,19,9728,3,0,3.2938,5,8.2006
1.2,47,448,2,0,4.0849,5,8.9258
1.2,9,7872,2,0,4.1636,5,8.7571
1.2,33,3008,2,0,4.2085,5,8.6636
1.2,95,2176,5,0,2.6684,5,7.8965
1.2,6,6784,2,0,4.1159,5,8.8585
1.2,44,8384,1,0,6.8847,5,8.2372
1.2,79,4096,7,0,2.6988,5,7.2929
1.2,62,256,6,0,2.2767,5,8.8993
1.2,43,448,7,0,2.2177,5,8.8749
1.2,78,1856,10,0,2.1204,5,8.027
1.2,33,2880,8,0,2.1768,5,8.3773
1.2,94,8320,5,0,3.5779,5,5.8891
1.2,41,9920,3,0,3.6445,5,7.4113
1.2,30,4416,5,0,2.551,5,8.2598
1.2,48,1984,5,0,2.4921,5,8.4549
1.2,88,1984,1,0,6.5776,5,8.6218
1.2,22,5504,6,0,2.443,5,8.2934
1.2,76,6464,7,0,2.9639,5,6.6407
1.2,72,4864,3,0,3.5552,5,7.5975
1.2,12,5440,6,0,2.3548,5,8.6041
1.2,83,6976,8,0,2.9419,5,6.1986
1.2,19,3264,2,0,4.1496,5,8.7865
1.2,75,5696,8,0,2.7019,5,6.7492
1.2,29,1024,6,0,2.2985,5,8.8147
1.2,9,7808,8,0,2.1377,5,8.5307
1.2,3,2176,7,0,2.1976,5,8.9562
1.2,46,4992,4,0,3.0646,5,7.9328
1.2,62,4608,3,0,3.4532,5,7.8219
1.2,84,3520,10,0,2.359,5,7.2152
1.2,41,5312,6,0,2.5959,5,7.805
1.2,58,8960,4,0,3.5231,5,6.9004
1.2,97,3584,2,0,4.6012,5,7.9243
1.2,57,6976,6,0,2.8802,5,7.0346
1.2,71,9088,9,0,3.0216,5,5.9606
1.2,27,9216,2,0,4.4449,5,8.2028
1.2,24,5440,2,0,4.258,5,8.5629
1.2,23,2624,4,0,2.797,5,8.6918
1.2,14,1728,3,0,3.0398,5,8.8856
1.2,35,2112,1,0,6.4184,5,8.8356
1.2,88,1600,8,0,2.2492,5,8.1078
1.2,95,3584,1,0,6.8398,5,8.2913
1.2,93,7808,3,0,4.1495,5,6.5094
1.2,54,832,9,0,2.0726,5,8.6899
1.2,76,1856,9,0,2.2246,5,8.0963
1.2,4,256,8,4.7245e-08,2.0282,5,8.9911
1.2,93,5632,9,0,2.8296,5,6.3652
1.2,36,3136,7,0,2.3658,5,8.3196
1.2,6,3328,9,0,2.0331,5,8.8586
1.2,42,5056,4,0,3.0373,5,8.0041
1.2,99,4736,10,0,2.6328,5,6.465
1.2,11,3264,4,0,2.7583,5,8.8136
1.2,84,1664,3,0,3.2225,5,8.3818
1.2,17,5760,2,0,4.2064,5,8.668
1.2,68,8960,7,0,3.1505,5,6.2474
1.2,66,4224,7,0,2.628,5,7.4894
1.2,40,5888,9,0,2.3739,5,7.587
1.2,69,9728,3,0,4.0627,5,6.6485
1.2,2,4160,9,0,2.0147,5,8.9396
1.2,99,8192,2,0,5.3337,5,6.836
1.2,4,6080,8,0,2.065,5,8.8308
1.2,5,7936,4,0,2.7643,5,8.7945
1.2,6,6272,2,0,4.1111,5,8.8689
1.2,33,2752,6,0,2.3951,5,8.4591
1.2,86,4352,6,0,2.8432,5,7.1259
1.2,14,5888,7,0,2.3176,5,8.4925
1.2,84,6400,3,0,3.8514,5,7.0132
1.2,91,4096,9,0,2.5908,5,6.9518
1.2,58,256,6,0,2.2751,5,8.9056
1.2,86,2304,7,0,2.5005,5,7.8713
1.2,72,3392,1,0,6.6877,5,8.4799
1.2,46,8704,8,0,2.6595,5,6.8568
1.2,35,7488,7,0,2.6016,5,7.5654
1.2,73,6720,5,0,3.1171,5,6.7598
1.2,58,8064,5,0,3.081,5,6.839
1.2,28,7296,4,0,3.0245,5,8.0379
1.2,39,6080,1,0,6.6764,5,8.4942
1.2,70,4672,8,0,2.5436,5,7.1693
1.2,34,1728,6,0,2.3445,5,8.642
1.2,25,1088,5,0,2.3846,5,8.8363
1.2,83,1728,3,0,3.2283,5,8.3669
1.2,10,7744,10,0,2.014,5,8.4512
1.2,45,1408,3,0,3.1017,5,8.7083
1.2,87,768,1,0,6.4072,5,8.8511
1.2,27,4544,7,0,2.3812,5,8.2655
1.2,27,6976,6,0,2.5493,5,7.9475
1.2,5,1728,6,0,2.2652,5,8.9442
1.2,51,9984,10,0,2.6965,5,6.3121
1.2,77,2432,8,0,2.3226,5,7.8514
1.2,67,6272,9,0,2.6659,5,6.756
1.2,55,9088,1,0,7.0917,5,7.9967
1.2,59,2880,8,0,2.2952,5,7.9452
1.2,22,576,3,0,3.0216,5,8.9392
1.2,14,4608,3,0,3.1036,5,8.7032
1.2,56,832,1,0,6.3752,5,8.8955
1.2,33,6336,8,0,2.3571,5,7.7365
1.2,45,2368,6,0,2.42,5,8.3721
1.2,22,2816,2,0,4.1495,5,8.7868
1.2,78,896,6,0,2.3621,5,8.5776
1.2,74,6592,7,0,2.9584,5,6.6529
1.2,69,1216,4,0,2.8342,5,8.5776
1.2,61,3520,9,0,2.341,5,7.6936
1.2,12,4224,8,0,2.1067,5,8.6561
1.2,88,3584,9,0,2.5002,5,7.2038
1.2,13,3520,5,0,2.4139,5,8.7289
1.2,46,3904,1,0,6.5855,5,8.6115
1.2,43,9920,9,0,2.6759,5,6.7307
1.2,55,8128,5,0,3.0483,5,6.9124
1.2,59,9984,8,0,2.9578,5,6.1654
1.2,47,6208,2,0,4.5128,5,8.0794
1.2,90,1728,3,0,3.2474,5,8.3176
1.2,63,4992,5,0,2.8387,5,7.4226
1.2,11,960,10,0,1.9083,5,8.9195
1.2,40,320,5,0,2.3618,5,8.9214
1.2,86,8640,6,0,3.4262,5,5.9135
1.2,49,2432,10,0,2.08,5,8.1832
1.2,15,1280,4,0,2.7319,5,8.8988
1.2,88,2880,7,0,2.5879,5,7.6054
1.2,27,9152,7,0,2.5779,5,7.6349
1.2,17,9216,2,0,4.2993,5,8.4807
1.2,15,6464,3,0,3.1549,5,8.5617
1.2,1,8576,4,0,2.7151,5,8.9538
1.2,91,4672,4,0,3.3737,5,7.206
1.2,100,8192,3,0,4.2966,5,6.2865
1.2,88,3264,10,0,2.3456,5,7.2563
1.2,93,4992,5,0,3.0755,5,6.8512
1.2,100,4032,10,0,2.529,5,6.7303
1.2,10,3904,8,0,2.0883,5,8.7324
1.2,75,1792,4,0,2.914,5,8.3426
1.2,67,6336,8,0,2.6977,5,6.7598
1.2,68,512,3,0,3.0566,5,8.8368
1.2,49,3520,1,0,6.5742,5,8.6262
1.2,34,1280,2,0,4.1204,5,8.8489
1.2,38,7616,9,0,2.4591,5,7.3242
1.2,86,1408,9,0,2.193,5,8.2129
1.2,60,5952,10,0,2.4561,5,6.9299
1.2,6,7104,5,0,2.409,5,8.7468
1.2,37,9984,10,0,2.4756,5,6.8755
1.2,52,6720,1,0,6.854,5,8.2741
1.2,50,5376,4,0,3.1265,5,7.7757
1.2,86,768,6,0,2.356,5,8.5997
1.2,1,6656,6,0,2.2621,5,8.9566
1.2,45,7872,2,0,4.6116,5,7.9064
1.2,16,8128,10,0,2.0972,5,8.1161
1.2,29,6592,9,0,2.3038,5,7.8179
1.2,83,3136,1,0,6.7131,5,8.4478
1.2,62,1472,9,0,2.1459,5,8.3933
1.2,98,9024,2,0,5.4496,5,6.6905
1.2,93,1472,1,0,6.518,5,8.7007
1.2,68,1344,3,0,3.1461,5,8.5856
1.2,66,3328,6,0,2.5988,5,7.7962
1.2,54,4672,6,0,2.6504,5,7.6444
1.2,58,3904,9,0,2.3595,5,7.6332
1.2,36,8640,5,0,2.8333,5,7.4369
1.2,24,7296,1,0,6.5784,5,8.6208
1.2,16,9088,6,0,2.4814,5,8.1649
1.2,69,896,4,0,2.7993,5,8.6846
1.2,36,1216,5,0,2.4108,5,8.7402
1.2,44,2432,2,0,4.2207,5,8.6385
1.2,26,1024,3,0,3.0437,5,8.8744
1.2,20,4224,1,0,6.4351,5,8.8127
1.2,20,2752,6,0,2.3386,5,8.6637
1.2,12,1600,5,0,2.3719,5,8.8834
1.2,5,4864,10,0,1.93,5,8.819
1.2,90,9152,3,0,4.3037,5,6.2762
1.2,63,256,8,4.7245e-08,2.0521,5,8.8865
1.2,1,7616,4,0,2.7136,5,8.9588
1.2,11,9088,8,0,2.1846,5,8.3474
1.2,13,9600,4,0,2.8989,5,8.3863
1.2,61,5824,10,0,2.4532,5,6.9382
1.2,99,4672,4,0,3.4328,5,7.082
1.2,4,7232,3,0,3.0473,5,8.8638
1.2,41,8256,6,0,2.7867,5,7.2706
1.2,58,3136,3,0,3.2891,5,8.2122
1.2,28,7104,3,0,3.316,5,8.1455
1.2,56,3328,3,0,3.2962,5,8.1945
1.2,27,5056,6,0,2.4674,5,8.2115
1.2,13,576,9,0,2.0134,5,8.9454
1.2,21,7232,7,0,2.4274,5,8.1085
1.2,17,8512,5,0,2.5703,5,8.1977
1.2,71,3072,3,0,3.3464,5,8.0716
1.2,91,6272,3,0,3.9039,5,6.919
1.2,60,1408,1,0,6.4351,5,8.8127
1.2,21,2368,7,0,2.2659,5,8.6863
1.2,22,6720,7,0,2.421,5,8.1298
1.2,31,5696,7,0,2.4664,5,7.9801
1.2,67,5120,1,0,6.8439,5,8.2864
1.2,77,7872,9,0,2.9598,5,6.0851
1.2,39,3584,4,0,2.9225,5,8.3184
1.2,71,3904,1,0,6.7398,5,8.4144
1.2,46,2880,4,0,2.911,5,8.3513
1.2,6,5440,4,0,2.7532,5,8.8301
1.2,100,5376,9,0,2.8514,5,6.3164
1.2,82,3328,3,0,3.433,5,7.868
1.2,28,7552,10,0,2.2259,5,7.6468
1.2,65,8576,9,0,2.8828,5,6.2477
1.2,56,2624,4,0,2.9339,5,8.2862
1.2,55,512,4,0,2.7461,5,8.8529
1.2,81,4992,3,0,3.6408,5,7.4189
1.2,29,8192,6,0,2.6271,5,7.7121
1.2,40,1216,10,0,1.9685,5,8.6467
1.2,1,2560,7,0,2.1913,5,8.9819
1.2,63,4288,7,0,2.6143,5,7.5286
1.2,4,4544,4,0,2.7303,5,8.904
1.2,80,8576,10,0,2.9762,5,5.719
1.2,30,9024,1,0,6.7295,5,8.4271
1.2,40,6848,2,0,4.4846,5,8.1302
1.2,7,1152,1,0,6.3143,5,8.9813
1.2,40,9856,6,0,2.8748,5,7.0477
1.2,29,6720,7,0,2.4954,5,7.8875
1.2,92,2176,1,0,6.6181,5,8.5691
1.2,71,1664,7,0,2.3741,5,8.2906
1.2,7,384,9,0,2.0058,5,8.9792
1.2,76,1088,3,0,3.1323,5,8.6233
1.2,9,8704,1,0,6.4254,5,8.826
1.2,26,6208,5,0,2.5967,5,8.1143
1.2,74,2048,6,0,2.4912,5,8.1331
1.2,46,9728,4,0,3.409,5,7.1314
1.2,21,5696,5,0,2.5307,5,8.3262
1.2,30,4096,6,0,2.4458,5,8.2838
1.2,79,1024,3,0,3.1295,5,8.6311
1.2,3,6848,8,0,2.0591,5,8.8564
1.2,15,3200,4,0,2.7775,5,8.7529
1.2,19,6912,6,0,2.4592,5,8.2388
1.2,55,9344,1,0,7.114,5,7.9717
1.2,67,7808,7,0,3.0143,5,6.5297
1.2,99,9600,8,0,3.529,5,5.1674
1.2,10,4736,2,0,4.1264,5,8.8359
1.2,38,768,10,0,1.9377,5,8.784
1.2,60,9856,10,0,2.8264,5,6.022
1.2,51,576,7,0,2.2337,5,8.8114
1.2,8,5376,7,0,2.2553,5,8.7272
1.2,85,6272,1,0,7.1444,5,7.9378
1.2,30,8832,8,0,2.4454,5,7.4571
1.2,60,6336,8,0,2.6276,5,6.9402
1.2,25,2304,3,0,3.0926,5,8.7339
1.2,78,4224,2,0,4.5724,5,7.9741
1.2,42,9152,6,0,2.8592,5,7.0861
1.2,80,3136,1,0,6.6982,5,8.4666
1.2,8,5632,4,0,2.7728,5,8.7676
1.2,81,576,7,0,2.261,5,8.7049
1.2,34,128,10,5.8002e-07,1.8985,5,8.9656
1.2,20,6016,9,0,2.1918,5,8.2174
1.2,23,8640,9,0,2.3157,5,7.7776
1.2,26,8064,4,0,3.033,5,8.0154
1.2,15,7872,9,0,2.1882,5,8.2307
1.2,84,3904,2,0,4.57,5,7.9783
1.2,52,2880,2,0,4.2883,5,8.5023
1.2,19,1408,3,0,3.0439,5,8.8738
1.2,57,7296,8,0,2.684,5,6.7942
1.2,15,1280,2,0,4.0819,5,8.9322
1.2,44,3072,6,0,2.4653,5,8.2185
1.2,93,2624,6,0,2.6374,5,7.6822
1.2,25,3456,7,0,2.3239,5,8.4696
1.2,6,9920,10,0,1.9857,5,8.5718
1.2,80,960,10,0,2.013,5,8.4555
1.2,56,3008,1,0,6.5679,5,8.6346
1.2,42,9984,7,0,2.8502,5,6.9056
1.2,55,7744,4,0,3.3749,5,7.2034
1.2,69,3712,1,0,6.7065,5,8.4561
1.2,92,1088,8,0,2.1848,5,8.3466
1.2,79,3584,1,0,6.7492,5,8.4026
1.2,2,3456,8,0,2.0375,5,8.9501
1.2,91,4800,1,0,6.9921,5,8.1107
1.2,41,3456,4,0,2.9256,5,8.3097
1.2,30,9728,6,0,2.7129,5,7.4682
1.2,24,9152,1,0,6.6488,5,8.5295
1.2,56,6784,10,0,2.4921,5,6.8298
1.2,99,1792,1,0,6.582,5,8.616
1.2,13,1728,6,0,2.2871,5,8.8588
1.2,57,7616,2,0,4.7378,5,7.6957
1.2,74,5376,5,0,2.9705,5,7.0934
1.2,60,9856,4,0,3.6364,5,6.6854
1.2,28,3328,9,0,2.1489,5,8.3814
1.2,78,2368,7,0,2.4793,5,7.9387
1.2,4,9792,2,0,4.1135,5,8.8637
1.2,15,7232,4,0,2.8731,5,8.4616
1.2,68,1088,6,0,2.3685,5,8.5541
1.2,13,2560,6,0,2.3042,5,8.793
1.2,1,4736,3,0,3.0091,5,8.9765
1.2,26,5248,6,0,2.4673,5,8.2118
1.2,7,4928,9,0,2.0561,5,8.7596
1.2,66,2048,10,0,2.1053,5,8.0849
1.2,96,9088,4,0,4.0808,5,5.9574
1.2,65,8256,5,0,3.1899,5,6.6054
1.2,72,8384,7,0,3.1416,5,6.2651
1.2,56,9600,9,0,2.8514,5,6.3164
1.2,13,4608,4,0,2.7963,5,8.694
1.2,13,3264,4,0,2.7687,5,8.7807
1.2,86,1920,1,0,6.5626,5,8.6415
1.2,2,8000,3,0,3.0269,5,8.9237
1.2,36,8128,6,0,2.7141,5,7.4649
1.2,79,4928,5,0,2.957,5,7.1257
1.2,34,640,7,0,2.2217,5,8.8591
1.2,2,4288,9,0,2.0151,5,8.9378
1.2,1,5056,8,0,2.0346,5,8.963
1.2,68,1920,10,0,2.098,5,8.113
1.2,90,6976,2,0,5.0441,5,7.2284
1.2,88,9088,10,0,3.1559,5,5.3934
1.2,57,4160,2,0,4.4264,5,8.2371
1.2,55,4480,7,0,2.5768,5,7.6382
1.2,22,6464,10,0,2.1164,5,8.0424
1.2,70,8896,10,0,2.876,5,5.9182
1.2,95,5248,2,0,4.8397,5,7.5336
1.2,83,576,2,0,4.1272,5,8.8344
1.2,94,2880,10,0,2.3195,5,7.338
1.2,69,6784,4,0,3.4416,5,7.0639
1.2,87,5632,4,0,3.4762,5,6.9936
1.2,85,7872,10,0,2.9494,5,5.771
1.2,98,6080,1,0,7.2435,5,7.8292
1.2,26,3200,3,0,3.1331,5,8.6211
1.2,73,6528,10,0,2.6449,5,6.4353
1.2,55,4480,7,0,2.5768,5,7.6382
1.2,23,576,3,0,3.0225,5,8.9365
1.2,87,1216,10,0,2.0588,5,8.2673
1.2,41,1920,6,0,2.376,5,8.5272
1.2,42,7936,1,0,6.8285,5,8.305
1.2,3,8448,2,0,4.0916,5,8.911
1.2,96,6144,3,0,3.934,5,6.866
1.2,70,5312,7,0,2.7751,5,7.0924
1.2,63,7232,1,0,7.0218,5,8.0763
1.2,81,4032,2,0,4.5679,5,7.982
1.2,90,8960,9,0,3.2764,5,5.4972
1.2,60,4224,6,0,2.6522,5,7.6392
1.2,55,7232,4,0,3.3304,5,7.2997
1.2,25,6720,1,0,6.5672,5,8.6355
1.2,39,7872,4,0,3.1869,5,7.6283
1.2,57,3264,10,0,2.1857,5,7.7874
1.2,3,2816,6,0,2.2649,5,8.9454
1.2,37,2304,4,0,2.8363,5,8.5712
1.2,81,7872,7,0,3.1953,5,6.1598
1.2,36,3456,1,0,6.4983,5,8.7271
1.2,87,832,7,0,2.3017,5,8.5511
1.2,58,4352,5,0,2.7406,5,7.6884
1.2,68,2112,4,0,2.9286,5,8.3011
1.2,76,1152,7,0,2.3257,5,8.463
1.2,76,6528,7,0,2.9716,5,6.6235
1.2,60,7424,5,0,3.0458,5,6.9181
1.2,15,3264,9,0,2.079,5,8.6633
1.2,66,3968,10,0,2.3056,5,7.3824
1.2,53,1664,7,0,2.3267,5,8.4593
1.2,79,8512,5,0,3.4046,5,6.1889
1.2,9,1472,6,0,2.2725,5,8.9156
1.2,63,7040,5,0,3.0427,5,6.925
1.2,14,3200,8,0,2.0974,5,8.6945
1.2,22,7360,4,0,2.9575,5,8.2199
1.2,3,6528,7,0,2.2182,5,8.8729
1.2,72,8064,7,0,3.1051,5,6.3386
1.2,28,6592,8,0,2.3184,5,7.8658
1.2,30,8192,1,0,6.6901,5,8.4768
1.2,91,9984,5,0,3.7778,5,5.5775
1.2,27,2688,4,0,2.8163,5,8.6321
1.2,79,6400,8,0,2.8259,5,6.4532
1.2,91,9984,10,0,3.3278,5,5.1147
1.2,48,4864,1,0,6.6707,5,8.5015
1.2,31,9280,7,0,2.6421,5,7.4496
1.2,29,4416,4,0,2.904,5,8.3714
1.2,51,1664,5,0,2.4757,5,8.5109
1.2,92,960,4,0,2.8412,5,8.5565
1.2,6,8256,9,0,2.0799,5,8.6595
1.2,85,6656,10,0,2.786,5,6.1095
1.2,60,8832,1,0,7.1393,5,7.9435
1.2,3,2112,6,0,2.2616,5,8.9586
1.2,78,8768,1,0,7.3827,5,7.6816
1.2,86,9344,6,0,3.5219,5,5.7528
1.2,6,8896,2,0,4.136,5,8.8156
1.2,80,3136,7,0,2.5839,5,7.6173
1.2,88,1536,9,0,2.2153,5,8.1303
1.2,87,7488,7,0,3.2171,5,6.1179
1.2,94,3968,5,0,2.9312,5,7.1884
1.2,22,8000,9,0,2.2798,5,7.9001
1.2,73,1408,1,0,6.4641,5,8.7732
1.2,10,2048,5,0,2.374,5,8.8758
1.2,32,6464,8,0,2.3536,5,7.7481
1.2,34,8192,3,0,3.4419,5,7.8477
1.2,62,8576,2,0,4.8921,5,7.4529
1.2,51,7168,3,0,3.5795,5,7.546
1.2,81,5824,10,0,2.6373,5,6.4538
1.2,89,7680,9,0,3.0821,5,5.8436
1.2,33,7296,5,0,2.7222,5,7.7404
1.2,74,5632,5,0,3.0004,5,7.0226
1.2,7,5056,6,0,2.3075,5,8.7803
1.2,52,5120,5,0,2.7625,5,7.6275
1.2,66,7232,7,0,2.9418,5,6.6904
1.2,50,1024,9,0,2.0825,5,8.6486
1.2,40,3776,4,0,2.9404,5,8.268
1.2,41,5184,3,0,3.3376,5,8.0929
1.2,48,384,2,0,4.0807,5,8.9349
1.2,12,5184,10,0,1.9899,5,8.5535
1.2,36,9472,4,0,3.2406,5,7.5019
1.2,23,1152,7,0,2.2292,5,8.8294
1.2,56,6080,8,0,2.5648,5,7.11
1.2,3,9920,1,0,6.3486,5,8.9328
1.2,91,2432,9,0,2.3514,5,7.6595
1.2,62,2880,7,0,2.4696,5,7.9699
1.2,89,3904,9,0,2.5509,5,7.0607
1.2,92,9152,9,0,3.3326,5,5.4044
1.2,22,256,1,0,6.3105,5,8.9868
1.2,72,3136,3,0,3.3585,5,8.0425
1.2,12,3712,4,0,2.772,5,8.7701
1.2,61,192,1,0,6.3201,5,8.9731
1.2,56,9728,8,0,2.8878,5,6.3148
1.2,35,9216,10,0,2.4015,5,7.0876
1.2,34,2624,5,0,2.4826,5,8.4873
1.2,75,1088,8,0,2.1556,5,8.4598
1.2,28,1344,10,0,1.9511,5,8.7238
1.2,82,1344,8,0,2.2008,5,8.286
1.2,24,1216,3,0,3.0477,5,8.8626
1.2,82,2048,9,0,2.2671,5,7.9446
1.2,77,8768,1,0,7.3689,5,7.696
1.2,24,4160,5,0,2.4994,5,8.4303
1.2,24,8768,1,0,6.6342,5,8.5482
1.2,67,2560,2,0,4.3227,5,8.4347
1.2,61,9728,8,0,2.9647,5,6.151
1.2,12,1856,4,0,2.7368,5,8.883
1.2,9,7680,6,0,2.3608,5,8.582
1.2,17,5888,3,0,3.1598,5,8.5482
1.2,16,6016,3,0,3.1537,5,8.5647
1.2,49,2112,1,0,6.4652,5,8.7717
1.2,31,2112,9,0,2.1051,5,8.5559
1.2,70,3520,7,0,2.5768,5,7.6382
1.2,39,5504,2,0,4.3909,5,8.3037
1.2,67,4736,5,0,2.8432,5,7.4109
1.2,78,1152,7,0,2.3293,5,8.4497
1.2,7,5888,4,0,2.7667,5,8.7868
1.2,36,7232,7,0,2.5989,5,7.5734
1.2,80,5888,5,0,3.0862,5,6.8274
1.2,19,1728,9,0,2.0535,5,8.7709
1.2,43,4160,6,0,2.5344,5,7.9944
1.2,56,4352,8,0,2.4119,5,7.5609
1.2,42,2240,7,0,2.336,5,8.4256
1.2,94,2112,8,0,2.3404,5,7.7917
1.2,40,5056,10,0,2.2113,5,7.6972
1.2,41,6464,5,0,2.7605,5,7.6329
1.2,18,8704,9,0,2.2493,5,8.0075
1.2,51,2368,10,0,2.0825,5,8.1733
1.2,21,6784,5,0,2.5668,5,8.209
1.2,85,320,5,0,2.3846,5,8.8363
1.2,42,576,10,0,1.9298,5,8.8199
1.2,97,2432,4,0,3.0745,5,7.9072
1.2,66,3136,10,0,2.2188,5,7.6713
1.2,19,7168,2,0,4.2669,5,8.5451
1.2,32,7936,2,0,4.453,5,8.1878
1.2,32,7680,3,0,3.3901,5,7.9676
1.2,64,7296,8,0,2.7647,5,6.5958
1.2,67,3520,8,0,2.3994,5,7.6001
1.2,78,6784,2,0,4.8881,5,7.4591
1.2,31,3200,10,0,2.0484,5,8.3093
1.2,79,7040,9,0,2.8808,5,6.2521
1.2,37,8320,8,0,2.5132,5,7.2559
1.2,65,384,10,0,1.931,5,8.8143
1.2,78,3328,1,0,6.7119,5,8.4492
1.2,47,5760,6,0,2.6795,5,7.5613
1.2,26,8128,8,0,2.3607,5,7.7249
1.2,71,8256,4,0,3.6282,5,6.7005
1.2,49,9856,10,0,2.655,5,6.4108
1.2,16,9984,7,0,2.4398,5,8.0671
1.2,9,4544,4,0,2.7662,5,8.7884
1.2,45,2816,3,0,3.2019,5,8.4359
1.2,96,8448,9,0,3.2837,5,5.485
1.2,93,9536,1,0,7.7035,5,7.3616
1.2,91,8704,1,0,7.5537,5,7.5077
1.2,25,9344,5,0,2.7109,5,7.7727
1.2,45,832,6,0,2.3108,5,8.768
1.2,39,3584,1,0,6.5225,5,8.6946
1.2,77,9728,4,0,3.8857,5,6.2564
1.2,44,8704,1,0,6.907,5,8.2106
1.2,96,5312,4,0,3.5077,5,6.9306
1.2,50,7104,2,0,4.6131,5,7.9038
1.2,57,6208,2,0,4.611,5,7.9074
1.2,96,2176,9,0,2.3318,5,7.724
1.2,24,4672,10,0,2.0688,5,8.2272
1.2,59,512,3,0,3.0493,5,8.8579
1.2,26,2240,7,0,2.2794,5,8.635
1.2,56,2112,10,0,2.0785,5,8.1888
1.2,3,6528,1,0,6.3325,5,8.9555
1.2,39,3328,1,0,6.5068,5,8.7157
1.2,28,9024,7,0,2.5867,5,7.6089
1.2,50,4672,6,0,2.6209,5,7.7306
1.2,34,1920,2,0,4.1548,5,8.7756
1.2,59,3712,1,0,6.6478,5,8.5308
1.2,34,6016,6,0,2.5749,5,7.8685
1.2,79,8256,9,0,3.0326,5,5.939
1.2,57,512,10,0,1.9377,5,8.784
1.2,90,1600,7,0,2.4149,5,8.1502
1.2,6,8704,6,0,2.3341,5,8.6802
1.2,32,1152,1,0,6.3599,5,8.917
1.2,98,1024,7,0,2.3459,5,8.39
1.2,38,5632,9,0,2.3399,5,7.6972
1.2,80,7296,6,0,3.1743,5,6.3828
1.2,39,8768,8,0,2.5672,5,7.1035
1.2,7,512,9,0,2.0072,5,8.9729
1.2,59,6656,6,0,2.8724,5,7.0537
1.2,26,6848,9,0,2.283,5,7.8889
1.2,39,3200,2,0,4.2489,5,8.5813
1.2,68,5376,9,0,2.5795,5,6.9823
1.2,52,1984,8,0,2.1897,5,8.3281
1.2,91,5696,6,0,3.071,5,6.5975
1.2,62,6528,2,0,4.6914,5,7.7718
1.2,26,6976,4,0,2.9883,5,8.1353
1.2,56,2048,8,0,2.2079,5,8.2594
1.2,63,2368,1,0,6.5374,5,8.6748
1.2,99,6528,8,0,3.0482,5,5.9824
1.2,62,9792,3,0,3.9613,5,6.8186
1.2,29,5568,10,0,2.1468,5,7.9283
1.2,26,5440,6,0,2.4752,5,8.1856
1.2,49,4864,3,0,3.3784,5,7.9953
1.2,19,2432,5,0,2.4146,5,8.7263
1.2,67,512,10,0,1.9458,5,8.7474
1.2,45,4352,8,0,2.3362,5,7.8058
1.2,25,7488,3,0,3.2975,5,8.1913
1.2,7,6144,4,0,2.7696,5,8.7778
1.2,82,576,9,0,2.0762,5,8.6747
1.2,9,8384,7,0,2.3066,5,8.5331
1.2,61,5184,3,0,3.5015,5,7.7141
1.2,71,5504,9,0,2.6193,5,6.8761
1.2,14,8704,10,0,2.0842,5,8.1665
1.2,37,2048,5,0,2.4614,5,8.5606
1.2,44,1664,10,0,2.0073,5,8.4794
1.2,42,6656,5,0,2.7835,5,7.5699
1.2,94,7168,10,0,2.9567,5,5.7566
1.2,92,1920,7,0,2.4665,5,7.9797
1.2,10,9856,8,0,2.1824,5,8.3559
1.2,22,6208,4,0,2.9175,5,8.3328
1.2,64,5184,8,0,2.5511,5,7.1483
1.2,51,1728,6,0,2.3909,5,8.4741
1.2,83,4352,2,0,4.6226,5,7.8875
1.2,68,2816,4,0,3.0043,5,8.092
1.2,40,1408,10,0,1.9806,5,8.5937
1.2,97,256,6,0,2.2908,5,8.8443
1.2,20,8576,9,0,2.2727,5,7.9248
1.2,58,3264,4,0,3.0009,5,8.1013
1.2,77,6848,2,0,4.8852,5,7.4636
1.2,62,6912,8,0,2.704,5,6.7439
1.2,23,2304,1,0,6.3854,5,8.8814
1.2,59,7360,9,0,2.688,5,6.7003
1.2,8,4416,9,0,2.0574,5,8.754
1.2,51,4096,5,0,2.6718,5,7.8863
1.2,37,5696,6,0,2.5847,5,7.8386
1.2,19,6784,7,0,2.3911,5,8.2316
1.2,82,2752,8,0,2.3833,5,7.6514
1.2,32,7168,10,0,2.2542,5,7.5507
1.2,71,960,6,0,2.3593,5,8.5875
1.2,78,5120,1,0,6.9329,5,8.1799
1.2,67,4160,1,0,6.7422,5,8.4113
1.2,68,4672,10,0,2.3938,5,7.1103
1.2,39,2688,3,0,3.1673,5,8.528
1.2,64,3584,2,0,4.4142,5,8.2599
1.2,22,6080,5,0,2.553,5,8.2532
1.2,49,8896,1,0,6.9907,5,8.1123
1.2,58,768,3,0,3.072,5,8.7926
1.2,49,1856,5,0,2.4853,5,8.478
1.2,63,7360,10,0,2.6246,5,6.4851
1.2,41,8896,2,0,4.6282,5,7.878
1.2,67,4928,5,0,2.8635,5,7.3583
1.2,39,1536,9,0,2.0963,5,8.5918
1.2,12,8192,9,0,2.157,5,8.35
1.2,27,1088,6,0,2.298,5,8.8166
1.2,84,6784,3,0,3.9024,5,6.9215
1.2,28,2816,8,0,2.1512,5,8.4769
1.2,75,3584,10,0,2.3165,5,7.3476
1.2,96,6016,8,0,2.9396,5,6.2036
1.2,90,1216,5,0,2.5146,5,8.3794
1.2,85,6336,9,0,2.853,5,6.313
1.2,8,9792,8,0,2.1504,5,8.4801
1.2,97,3520,6,0,2.7913,5,7.2584
1.2,49,8320,1,0,6.9461,5,8.1645
1.2,47,2176,7,0,2.349,5,8.3791
1.2,74,896,4,0,2.8064,5,8.6626
1.2,93,4416,3,0,3.6508,5,7.3986
1.2,23,2816,9,0,2.104,5,8.5604
1.2,45,9152,5,0,2.9926,5,7.0409
1.2,42,5952,5,0,2.7368,5,7.6992
1.2,8,4544,10,0,1.949,5,8.7329
1.2,51,1728,2,0,4.1909,5,8.7
1.2,53,9152,1,0,7.0684,5,8.0232
1.2,17,1664,5,0,2.3863,5,8.8299
1.2,39,7744,2,0,4.529,5,8.0505
1.2,68,5824,9,0,2.6276,5,6.8544
1.2,61,7360,8,0,2.7363,5,6.6644
1.2,62,2560,2,0,4.3025,5,8.4743
1.2,49,3904,1,0,6.604,5,8.5874
1.2,4,6336,4,0,2.7416,5,8.8672
1.2,19,7680,7,0,2.418,5,8.14
1.2,72,6016,8,0,2.7113,5,6.7258
1.2,91,1344,8,0,2.2199,5,8.2146
1.2,9,6848,10,0,1.989,5,8.5574
1.2,16,9408,10,0,2.1295,5,7.9927
1.2,44,2560,1,0,6.4796,5,8.7521
1.2,86,6016,6,0,3.0695,5,6.6007
1.2,36,8704,1,0,6.7969,5,8.3436
1.2,21,9088,2,0,4.3533,5,8.3755
1.2,14,7808,8,0,2.1994,5,8.2913
1.2,47,3648,2,0,4.3226,5,8.4349
1.2,12,4864,10,0,1.9839,5,8.5797
1.2,23,960,6,0,2.2865,5,8.8611
1.2,31,7808,1,0,6.6842,5,8.4843
1.2,26,6720,2,0,4.3278,5,8.4248
1.2,100,7616,4,0,3.9056,5,6.2247
1.2,55,4864,3,0,3.4245,5,7.8875
1.2,80,6400,8,0,2.836,5,6.4302
1.2,74,1344,7,0,2.3445,5,8.395
1.2,75,3648,2,0,4.4841,5,8.1311
1.2,58,2688,4,0,2.948,5,8.2464
1.2,33,2752,1,0,6.4451,5,8.799
1.2,32,6656,6,0,2.5883,5,7.8279
1.2,88,832,10,0,2.0073,5,8.4794
1.2,14,6016,4,0,2.8347,5,8.5761
1.2,40,7936,6,0,2.7534,5,7.3585
1.2,46,256,4,0,2.7202,5,8.9372
1.2,28,4096,3,0,3.1829,5,8.4863
1.2,69,3712,2,0,4.4565,5,8.1815
1.2,13,6592,4,0,2.8371,5,8.569
1.2,8,6528,9,0,2.0841,5,8.6418
1.2,11,3520,3,0,3.0628,5,8.819
1.2,10,2624,3,0,3.0431,5,8.8762
1.2,62,8960,8,0,2.9048,5,6.2779
1.2,87,8384,1,0,7.4547,5,7.6074
1.2,34,640,7,0,2.2217,5,8.8591
1.2,24,4800,1,0,6.4837,5,8.7467
1.2,85,6016,3,0,3.81,5,7.0895
1.2,97,960,1,0,6.4488,5,8.794
1.2,62,9728,2,0,5.005,5,7.2848
1.2,38,2816,2,0,4.2207,5,8.6385
1.2,39,3200,9,0,2.1989,5,8.1909
1.2,80,6272,6,0,3.0448,5,6.6543
1.2,24,2432,4,0,2.7939,5,8.7015
1.2,23,1664,9,0,2.0621,5,8.7343
1.2,78,8832,9,0,3.0906,5,5.8276
1.2,9,1728,1,0,6.3262,5,8.9645
1.2,33,2112,6,0,2.3618,5,8.5787
1.2,4,1664,7,0,2.1978,5,8.9554
1.2,58,5440,10,0,2.3904,5,7.1206
1.2,64,6080,1,0,6.9167,5,8.1991
1.2,23,3648,8,0,2.1592,5,8.4456
1.2,53,7104,5,0,2.9368,5,7.1748
1.2,80,2176,10,0,2.1668,5,7.8554
1.2,66,2496,3,0,3.262,5,8.2804
1.2,10,6848,10,0,1.9998,5,8.5111
1.2,58,9152,7,0,3.0264,5,6.5035
1.2,98,6400,9,0,2.9931,5,6.0175
1.2,88,9600,4,0,4.0371,5,6.0219
1.2,61,2816,1,0,6.5731,5,8.6277
1.2,15,3328,6,0,2.3305,5,8.6938
1.2,18,5632,7,0,2.3475,5,8.3842
1.2,55,8832,1,0,7.0695,5,8.0219
1.2,3,6592,2,0,4.0828,5,8.9302
1.2,49,5952,4,0,3.1626,5,7.6869
1.2,36,9728,2,0,4.6052,5,7.9173
1.2,90,8448,2,0,5.2535,5,6.9403
1.2,16,7552,2,0,4.2426,5,8.594
1.2,60,4672,8,0,2.4697,5,7.3837
1.2,77,5632,9,0,2.6871,5,6.7026
1.2,23,8128,2,0,4.3471,5,8.3874
1.2,58,3904,7,0,2.5452,5,7.733
1.2,55,3904,2,0,4.391,5,8.3035
1.2,23,3200,2,0,4.1679,5,8.7479
1.2,35,3776,3,0,3.2105,5,8.4133
1.2,94,9856,10,0,3.3562,5,5.0715
1.2,27,768,4,0,2.7344,5,8.8909
1.2,89,192,2,0,4.0786,5,8.9396
1.2,29,1408,1,0,6.3661,5,8.9082
1.2,91,9664,5,0,3.7318,5,5.6463
1.2,16,9920,7,0,2.4382,5,8.0724
1.2,69,4032,10,0,2.3314,5,7.3007
1.2,91,1536,5,0,2.5625,5,8.2226
1.2,41,9408,4,0,3.3114,5,7.3416
1.2,80,128,6,1.8051e-07,2.2678,5,8.9343
1.2,72,2304,3,0,3.2638,5,8.2758
1.2,81,8960,9,0,3.1489,5,5.7197
1.2,66,9920,7,0,3.2223,5,6.1081
1.2,21,1536,3,0,3.0526,5,8.8485
1.2,10,6272,7,0,2.2864,5,8.6083
1.2,32,1920,10,0,1.9887,5,8.5587
1.2,12,9792,3,0,3.1873,5,8.4744
1.2,92,6720,3,0,3.9789,5,6.7885
1.2,16,7232,1,0,6.4845,5,8.7456
1.2,57,5312,3,0,3.4802,5,7.7612
1.2,67,4608,5,0,2.8296,5,7.4465
1.2,47,7744,4,0,3.277,5,7.4187
1.2,72,1664,5,0,2.531,5,8.3252
1.2,20,1920,7,0,2.248,5,8.7555
1.2,90,6080,3,0,3.8666,5,6.9856
1.2,59,4800,9,0,2.4493,5,7.3535
1.2,68,6144,9,0,2.662,5,6.7658
1.2,81,6016,2,0,4.8219,5,7.5615
1.2,94,6656,7,0,3.1764,5,6.1965
1.2,81,3840,3,0,3.4933,5,7.7322
1.2,33,9792,3,0,3.5124,5,7.6901
1.2,40,384,8,0,2.0509,5,8.8918
1.2,45,1280,10,0,1.9826,5,8.5849
1.2,68,4480,2,0,4.5332,5,8.0431
1.2,32,5376,5,0,2.6135,5,8.0622
1.2,90,1600,6,0,2.4792,5,8.1722
1.2,73,7296,9,0,2.8436,5,6.3339
1.2,70,5504,2,0,4.6606,5,7.8231
1.2,45,4992,7,0,2.5424,5,7.7416
1.2,53,2368,5,0,2.54,5,8.2956
1.2,5,8192,2,0,4.1163,5,8.8576
1.2,53,7296,1,0,6.9129,5,8.2037
1.2,43,896,6,0,2.3125,5,8.7615
1.2,57,3008,9,0,2.2726,5,7.9251
1.2,74,6656,10,0,2.6702,5,6.3743
1.2,89,9280,8,0,3.3322,5,5.4725
1.2,9,2624,4,0,2.7389,5,8.8761
1.2,90,7232,3,0,4.0305,5,6.7016
1.2,13,7616,9,0,2.1581,5,8.3457
1.2,27,8000,5,0,2.683,5,7.8533
1.2,89,7808,3,0,4.1001,5,6.5878
1.2,21,3840,8,0,2.1541,5,8.4658
1.2,25,7808,3,0,3.3102,5,8.16
1.2,52,2688,7,0,2.4083,5,8.1728
1.2,42,3264,4,0,2.9183,5,8.3305
1.2,47,8256,5,0,2.955,5,7.1306
1.2,96,4544,1,0,6.9912,5,8.1118
1.2,20,5632,10,0,2.0696,5,8.224
1.2,62,8192,6,0,3.0545,5,6.6331
1.2,54,192,3,0,3.018,5,8.95
1.2,66,8768,8,0,2.9414,5,6.1997
1.2,74,7552,1,0,7.185,5,7.8929
1.2,78,256,4,0,2.7331,5,8.8948
1.2,67,5888,8,0,2.6502,5,6.8809
1.2,9,832,5,0,2.3534,5,8.9533
1.2,18,960,3,0,3.0289,5,8.9177
1.2,56,960,1,0,6.3866,5,8.8797
1.2,94,5120,10,0,2.6524,5,6.4171
1.2,72,7168,3,0,3.8174,5,7.0756
1.2,95,4096,1,0,6.9167,5,8.1991
1.2,5,4032,6,0,2.2834,5,8.8729
1.2,2,3072,4,0,2.7113,5,8.9665
1.2,69,3456,2,0,4.4286,5,8.2331
1.2,54,9088,3,0,3.7774,5,7.1507
1.2,53,8000,4,0,3.3719,5,7.2099
1.2,2,7488,3,0,3.0253,5,8.9284
1.2,93,128,5,2.9001e-07,2.3604,5,8.9268
1.2,14,2944,6,0,2.3167,5,8.7454
1.2,34,8192,6,0,2.6919,5,7.5266
1.2,19,8832,1,0,6.5669,5,8.6359
1.2,54,6336,9,0,2.5425,5,7.084
1.2,76,3776,9,0,2.4552,5,7.3356
1.2,50,1408,5,0,2.4529,5,8.5903
1.2,12,2944,5,0,2.3974,5,8.7889
1.2,8,3968,8,0,2.0768,5,8.7809
1.2,94,9408,4,0,4.0996,5,5.93
1.2,65,9216,7,0,3.1343,5,6.2797
1.2,19,8512,10,0,2.1472,5,7.9268
1.2,33,2624,6,0,2.3885,5,8.4828
1.2,74,6336,1,0,7.0428,5,8.0523
1.2,30,1280,2,0,4.1123,5,8.8663
1.2,74,4672,6,0,2.7981,5,7.2409
1.2,29,8448,2,0,4.4389,5,8.214
1.2,3,6016,7,0,2.2158,5,8.8826
1.2,49,9920,6,0,3.02,5,6.7089
1.2,39,5504,1,0,6.6409,5,8.5396
1.2,84,2624,2,0,4.4,5,8.2865
1.2,48,2368,4,0,2.8813,5,8.4375
1.2,50,8448,9,0,2.6693,5,6.7473
1.2,6,1536,3,0,3.0161,5,8.9554
1.2,89,2560,4,0,3.0618,5,7.9401
1.2,31,4288,2,0,4.2617,5,8.5554
1.2,78,2176,8,0,2.2949,5,7.9463
1.2,86,128,9,2.7077e-07,2.019,5,8.9208
1.2,29,1216,5,0,2.3973,5,8.7893
1.2,17,640,8,0,2.0438,5,8.9226
1.2,87,7936,3,0,4.093,5,6.5992
1.2,87,7360,1,0,7.3138,5,7.7539
1.2,67,832,1,0,6.3897,5,8.8753
1.2,52,7360,3,0,3.6066,5,7.4893
1.2,99,5824,10,0,2.8031,5,6.0722
1.2,24,8448,5,0,2.6621,5,7.9151
1.2,7,832,8,0,2.0358,5,8.9576
1.2,11,9920,5,0,2.5141,5,8.3811
1.2,75,3584,1,0,6.7265,5,8.4309
1.2,83,2496,1,0,6.6291,5,8.5549
1.2,6,7104,5,0,2.409,5,8.7468
1.2,70,8448,4,0,3.6364,5,6.6854
1.2,54,7488,4,0,3.3408,5,7.2769
1.2,77,4736,9,0,2.5781,5,6.9862
1.2,28,7168,2,0,4.3689,5,8.3456
1.2,35,5248,4,0,2.9919,5,8.1254
1.2,70,8640,10,0,2.8477,5,5.9771
1.2,88,7744,8,0,3.1039,5,5.8752
1.2,71,6016,7,0,2.8625,5,6.8758
1.2,30,5440,10,0,2.1496,5,7.9182
1.2,71,7744,6,0,3.1208,5,6.4923
1.2,97,384,6,0,2.3105,5,8.7692
1.2,27,1984,2,0,4.1363,5,8.8149
1.2,19,3008,4,0,2.7919,5,8.7075
1.2,64,3840,5,0,2.7301,5,7.718
1.2,76,2624,7,0,2.5025,5,7.8649
1.2,5,4608,8,0,2.063,5,8.8394
1.2,57,6144,8,0,2.5802,5,7.0676
1.2,68,7360,4,0,3.4928,5,6.9603
1.2,90,9728,1,0,7.6856,5,7.3788
1.2,55,7104,10,0,2.5092,5,6.7832
1.2,4,9152,6,0,2.3095,5,8.773
1.2,15,3136,3,0,3.0759,5,8.7813
1.2,5,2048,3,0,3.0178,5,8.9506
1.2,99,9728,6,0,3.774,5,5.3685
1.2,59,7360,10,0,2.578,5,6.6022
1.2,96,128,9,2.7077e-07,2.021,5,8.9118
1.2,25,960,9,0,2.0395,5,8.8309
1.2,90,2688,8,0,2.409,5,7.5698
1.2,40,6912,1,0,6.7387,5,8.4157
1.2,85,7936,3,0,4.068,5,6.6399
1.2,85,3072,2,0,4.4644,5,8.1671
1.2,70,2176,2,0,4.2924,5,8.4943
1.2,38,7168,5,0,2.7722,5,7.6008
1.2,30,6848,4,0,3.0263,5,8.033
1.2,95,1216,10,0,2.0742,5,8.206
1.2,93,256,1,0,6.3392,5,8.946
1.2,54,7424,7,0,2.821,5,6.9769
1.2,55,3328,6,0,2.5409,5,7.9738
1.2,90,8896,4,0,3.9673,5,6.1278
1.2,27,6720,4,0,2.9884,5,8.135
1.2,64,5632,1,0,6.8714,5,8.2532
1.2,39,5696,1,0,6.6528,5,8.5244
1.2,48,320,5,0,2.3659,5,8.9062
1.2,25,8128,5,0,2.6628,5,7.913
1.2,89,1152,10,0,2.0537,5,8.288
1.2,38,1728,1,0,6.4054,5,8.8536
1.2,37,4352,5,0,2.5961,5,8.1162
1.2,2,3136,3,0,3.0115,5,8.9692
1.2,87,7232,3,0,3.9962,5,6.7591
1.2,32,9792,10,0,2.3869,5,7.1308
1.2,78,8320,1,0,7.3275,5,7.7395
1.2,15,5120,7,0,2.3087,5,8.5253
1.2,18,3968,10,0,2.0045,5,8.4913
1.2,97,7616,1,0,7.4694,5,7.5924
1.2,43,1856,3,0,3.1277,5,8.6359
1.2,42,2432,2,0,4.2131,5,8.6542
1.2,44,2304,10,0,2.0518,5,8.2954
1.2,38,3648,10,0,2.1107,5,8.064
1.2,33,8960,4,0,3.169,5,7.6714
1.2,1,7616,5,0,2.3536,5,8.9525
1.2,14,8576,5,0,2.5314,5,8.3238
1.2,2,9408,4,0,2.7313,5,8.9007
1.2,87,8768,1,0,7.5075,5,7.5539
1.2,88,8704,2,0,5.2624,5,6.9285
1.2,96,4224,10,0,2.5326,5,6.7206
1.2,54,2560,8,0,2.2451,5,8.1224
1.2,61,2112,4,0,2.9052,5,8.3679
1.2,7,9920,6,0,2.3614,5,8.5802
1.2,95,2240,7,0,2.5237,5,7.799
1.2,47,2624,9,0,2.1965,5,8.1996
1.2,30,1216,4,0,2.7592,5,8.8107
1.2,22,5120,6,0,2.4296,5,8.339
1.2,92,9472,10,0,3.2692,5,5.2065
1.2,50,5824,10,0,2.3519,5,7.237
1.2,57,6208,2,0,4.611,5,7.9074
1.2,31,7296,6,0,2.6091,5,7.7654
1.2,15,5568,7,0,2.3193,5,8.4862
1.2,69,6784,3,0,3.7416,5,7.2191
1.2,15,9664,6,0,2.4807,5,8.1672
1.2,21,2688,1,0,6.3908,5,8.8738
1.2,68,9408,2,0,5.0629,5,7.2015
1.2,67,7872,10,0,2.7254,5,6.2454
1.2,51,3904,8,0,2.3413,5,7.7886
1.2,46,5760,4,0,3.1204,5,7.7908
1.2,27,7360,1,0,6.6157,5,8.5721
1.2,65,2112,7,0,2.4043,5,8.1862
1.2,28,8640,4,0,3.084,5,7.8828
1.2,73,2880,4,0,3.0339,5,8.013
1.2,28,5696,4,0,2.9537,5,8.2306
1.2,13,1600,8,0,2.0595,5,8.8546
1.2,27,8384,2,0,4.4094,5,8.2688
1.2,68,2496,7,0,2.4556,5,8.0152
1.2,34,4672,8,0,2.2777,5,8.0063
1.2,36,3136,8,0,2.2051,5,8.27
1.2,79,5440,3,0,3.681,5,7.338
1.2,39,6080,9,0,2.3764,5,7.5789
1.2,10,7680,9,0,2.123,5,8.4837
1.2,84,9216,5,0,3.5654,5,5.9098
1.2,89,4864,1,0,6.9859,5,8.1179
1.2,96,5568,3,0,3.8466,5,7.022
1.2,40,3264,8,0,2.233,5,8.1666
1.2,1,7360,7,0,2.1989,5,8.9509
1.2,67,8384,1,0,7.1896,5,7.8879
1.2,70,3520,8,0,2.4161,5,7.5476
1.2,14,7232,1,0,6.4616,5,8.7765
1.2,41,8640,9,0,2.5616,5,7.0311
1.2,34,6592,4,0,3.0559,5,7.9554
1.2,45,6080,10,0,2.3241,5,7.3236
1.2,8,3648,3,0,3.0477,5,8.8626
1.2,41,3648,8,0,2.263,5,8.0582
1.2,55,7168,6,0,2.8748,5,7.0477
1.2,59,2304,7,0,2.4022,5,8.1935
1.2,34,6912,10,0,2.2631,5,7.521
1.2,71,6016,2,0,4.7268,5,7.7136
1.2,85,4928,3,0,3.6638,5,7.3724
1.2,21,9216,8,0,2.3325,5,7.818
1.2,81,1344,4,0,2.8737,5,8.4598
1.2,34,2304,10,0,2.0154,5,8.4453
1.2,23,2816,4,0,2.804,5,8.6701
1.2,37,5440,6,0,2.5698,5,7.8843
1.2,11,4928,4,0,2.7873,5,8.7221
1.2,54,7680,6,0,2.9072,5,6.9692
1.2,17,2048,1,0,6.3566,5,8.9215
1.2,50,1280,6,0,2.3528,5,8.6115
1.2,37,4224,4,0,2.9486,5,8.2447
1.2,37,3008,9,0,2.1775,5,8.2712
1.2,65,7552,9,0,2.7776,5,6.4843
1.2,82,3968,1,0,6.8159,5,8.3203
1.2,3,8768,10,0,1.9332,5,8.8046
1.2,32,7616,7,0,2.5726,5,7.6508
1.2,83,8512,3,0,4.1184,5,6.5585
1.2,12,6144,2,0,4.1681,5,8.7475
1.2,6,3840,10,0,1.928,5,8.8282
1.2,21,4352,6,0,2.3961,5,8.4559
1.2,21,6336,1,0,6.5119,5,8.7088
1.2,82,3456,2,0,4.4996,5,8.1032
1.2,28,6848,5,0,2.6447,5,7.9672
1.2,90,2880,6,0,2.6613,5,7.613
1.2,30,9472,8,0,2.4758,5,7.3656
1.2,58,4416,9,0,2.4065,5,7.4843
1.2,63,3712,1,0,6.6713,5,8.5008
1.2,75,9984,6,0,3.4353,5,5.8978
1.2,21,7680,10,0,2.1465,5,7.9294
1.2,33,7424,8,0,2.4139,5,7.5546
1.2,74,6784,10,0,2.6852,5,6.3388
1.2,44,7104,9,0,2.4957,5,7.2167
1.2,7,1920,1,0,6.3228,5,8.9692
1.2,87,5632,1,0,7.0762,5,8.0143
1.2,43,576,3,0,3.0407,5,8.883
1.2,15,4672,9,0,2.1124,5,8.5264
1.2,12,3904,9,0,2.0756,5,8.6772
1.2,44,9920,4,0,3.3916,5,7.168
1.2,78,6720,2,0,4.8802,5,7.4712
1.2,10,9728,2,0,4.2054,5,8.6701
1.2,36,1792,8,0,2.1286,5,8.5672
1.2,76,2112,9,0,2.2553,5,7.9859
1.2,45,4480,7,0,2.506,5,7.8541
1.2,12,5568,10,0,1.9972,5,8.5223
1.2,61,6592,7,0,2.823,5,6.9722
1.2,44,5184,3,0,3.3622,5,8.0338
1.2,56,5952,9,0,2.5285,5,7.1231
1.2,82,2240,8,0,2.3169,5,7.8706
1.2,89,2752,9,0,2.3888,5,7.5398
1.2,81,3712,8,0,2.5019,5,7.2888
1.2,57,3264,4,0,2.9957,5,8.1153
1.2,40,1088,3,0,3.0704,5,8.7972
1.2,4,6656,10,0,1.9337,5,8.8023
1.2,38,2624,9,0,2.1592,5,8.3414
1.2,75,2752,4,0,3.0279,5,8.029
1.2,78,8512,7,0,3.2369,5,6.0806
1.2,28,2240,6,0,2.3507,5,8.6189
1.2,64,512,10,0,1.9434,5,8.7583
1.2,77,4032,7,0,2.6781,5,7.3494
1.2,57,3584,3,0,3.3245,5,8.1247
1.2,100,7104,6,0,3.3746,5,6.0039
1.2,42,2176,9,0,2.1461,5,8.3925
1.2,41,1088,9,0,2.0721,5,8.6921
1.2,62,6272,3,0,3.6163,5,7.4692
1.2,69,4288,8,0,2.4943,5,7.311
1.2,64,9152,3,0,3.9275,5,6.8773
1.2,1,7296,9,0,2.0131,5,8.9467
1.2,38,3264,9,0,2.1977,5,8.1955
1.2,47,9216,7,0,2.872,5,6.8531
1.2,13,4608,4,0,2.7963,5,8.694
1.2,81,5312,1,0,6.9818,5,8.1227
1.2,46,9664,5,0,3.0443,5,6.9213
1.2,16,5888,10,0,2.0405,5,8.3415
1.2,85,960,9,0,2.1306,5,8.4535
1.2,95,9920,9,0,3.4914,5,5.1587
1.2,25,2752,2,0,4.1603,5,8.7639
1.2,29,1728,8,0,2.1058,5,8.6598
1.2,45,7424,10,0,2.4197,5,7.0342
1.2,83,5824,5,0,3.1057,5,6.7845
1.2,24,1600,8,0,2.0873,5,8.7366
1.2,61,5184,9,0,2.5015,5,7.2001
1.2,29,5056,2,0,4.2834,5,8.5122
1.2,33,6592,9,0,2.3455,5,7.679
1.2,77,8128,5,0,3.331,5,6.3257
1.2,29,4608,3,0,3.2128,5,8.4072
1.2,36,6208,5,0,2.6949,5,7.8188
1.2,93,3264,8,0,2.5064,5,7.2756
1.2,21,3136,3,0,3.1057,5,8.6972
1.2,70,1728,6,0,2.4428,5,8.2941
1.2,21,1664,8,0,2.0818,5,8.7595
1.2,92,2304,2,0,4.3867,5,8.3117
1.2,80,6144,8,0,2.8036,5,6.5044
1.2,56,3008,6,0,2.5179,5,8.0468
1.2,17,3776,10,0,1.9931,5,8.54
1.2,42,8320,10,0,2.444,5,6.9643
1.2,57,6848,6,0,2.8686,5,7.0629
1.2,75,6464,2,0,4.818,5,7.5677
1.2,84,1408,7,0,2.3743,5,8.2899
1.2,95,4608,2,0,4.7436,5,7.6863
1.2,7,7808,1,0,6.388,5,8.8777
1.2,61,3648,4,0,3.0534,5,7.962
1.2,40,4224,9,0,2.2687,5,7.9389
1.2,73,9088,8,0,3.0754,5,5.9297
1.2,33,2112,7,0,2.2975,5,8.5669
1.2,11,8896,6,0,2.4063,5,8.42
1.2,79,6016,2,0,4.8029,5,7.5914
1.2,9,8320,2,0,4.17,5,8.7437
1.2,7,5952,5,0,2.4074,5,8.7524
1.2,47,9088,2,0,4.7268,5,7.7136
1.2,80,6784,10,0,2.7495,5,6.1904
1.2,57,2112,3,0,3.1919,5,8.4623
1.2,63,3840,4,0,3.084,5,7.8828
1.2,3,7680,3,0,3.038,5,8.891
1.2,67,7552,8,0,2.8265,5,6.4518
1.2,82,7424,7,0,3.1497,5,6.249
1.2,10,9984,5,0,2.4994,5,8.4303
1.2,8,7424,10,0,1.9855,5,8.5727
1.2,55,5952,2,0,4.5691,5,7.9799
1.2,64,5504,3,0,3.5584,5,7.5906
1.2,66,9984,6,0,3.2933,5,6.1522
1.2,21,6400,7,0,2.3998,5,8.2018
1.2,46,960,10,0,1.9614,5,8.6779
1.2,4,7424,6,0,2.2985,5,8.8147
1.2,96,4032,6,0,2.8635,5,7.0756
1.2,80,4032,2,0,4.5615,5,7.9932
1.2,57,6016,9,0,2.5437,5,7.0806
1.2,100,3520,1,0,6.858,5,8.2692
1.2,7,4736,10,0,1.944,5,8.7556
1.2,4,3712,2,0,4.0751,5,8.9473
1.2,87,6400,9,0,2.8818,5,6.2499
1.2,77,4928,1,0,6.9014,5,8.2172
1.2,52,4096,6,0,2.5883,5,7.8279
1.2,97,9664,10,0,3.3735,5,5.0455
1.2,52,7232,2,0,4.6461,5,7.8477
1.2,19,2432,10,0,1.9646,5,8.6636
1.2,9,6976,2,0,4.1508,5,8.784
1.2,82,3328,9,0,2.433,5,7.4028
1.2,82,3264,3,0,3.4247,5,7.8871
1.2,17,9152,8,0,2.2725,5,8.0244
1.2,13,6464,2,0,4.1844,5,8.7135
1.2,9,7488,2,0,4.1581,5,8.7686
1.2,1,320,5,0,2.3421,5,8.9966
1.2,60,576,1,0,6.3562,5,8.9221
1.2,58,3584,2,0,4.3802,5,8.324
1.2,63,5568,9,0,2.5561,5,7.0462
1.2,41,640,10,0,1.9331,5,8.8051
1.2,5,1344,5,0,2.3522,5,8.9579
1.2,81,4096,8,0,2.5511,5,7.1483
1.2,34,3520,7,0,2.3765,5,8.2821
1.2,95,1856,2,0,4.3303,5,8.4199
1.2,46,9792,8,0,2.7386,5,6.6587
1.2,16,7936,8,0,2.2273,5,8.1874
1.2,31,1536,10,0,1.9669,5,8.6538
1.2,78,5184,4,0,3.3408,5,7.2769
1.2,27,6016,2,0,4.3084,5,8.4628
1.2,69,2112,9,0,2.232,5,8.0695
1.2,62,448,9,0,2.0455,5,8.8051
1.2,14,2368,4,0,2.754,5,8.8275
1.2,21,6720,2,0,4.2747,5,8.5295
1.2,84,7040,3,0,3.9364,5,6.8618
1.2,76,8384,3,0,4.0089,5,6.7378
1.2,53,192,8,0,2.0427,5,8.9274
1.2,97,9792,7,0,3.6888,5,5.3357
1.2,42,192,4,1.09e-07,2.7143,5,8.9564
1.2,69,4096,3,0,3.4484,5,7.8329
1.2,96,2560,1,0,6.6901,5,8.4768
1.2,27,8128,8,0,2.3735,5,7.6831
1.2,13,1344,1,0,6.3292,5,8.9602
1.2,83,5888,4,0,3.4741,5,6.9976
1.2,76,6848,3,0,3.8243,5,7.0629
1.2,62,4800,3,0,3.472,5,7.7795
1.2,59,8640,8,0,2.8324,5,6.4382
1.2,85,5184,4,0,3.3982,5,7.1541
1.2,19,896,5,0,2.3685,5,8.8963
1.2,10,5952,9,0,2.0957,5,8.5943
1.2,5,3904,6,0,2.2824,5,8.8768
1.2,65,1152,8,0,2.145,5,8.5017
1.2,40,448,1,0,6.3299,5,8.9592
1.2,1,5824,8,0,2.0358,5,8.9576
1.2,9,704,7,0,2.1973,5,8.9575
1.2,91,4160,8,0,2.625,5,6.9469
1.2,51,2688,4,0,2.9183,5,8.3305
1.2,48,7232,6,0,2.8003,5,7.2351
1.2,47,2688,7,0,2.387,5,8.2456
1.2,4,704,8,0,2.031,5,8.9786
1.2,3,6528,9,0,2.0325,5,8.8612
1.2,90,3008,9,0,2.4295,5,7.4132
1.2,57,9344,8,0,2.8686,5,6.3571
1.2,28,9984,8,0,2.4685,5,7.3874
1.2,29,5952,8,0,2.2994,5,7.9305
1.2,46,512,10,0,1.9288,5,8.8245
1.2,49,896,1,0,6.371,5,8.9014
1.2,64,3136,8,0,2.3439,5,7.7802
1.2,57,7168,7,0,2.8332,5,6.947
1.2,31,5504,8,0,2.2963,5,7.9414
1.2,68,9728,7,0,3.233,5,6.0879
1.2,25,4544,3,0,3.1812,5,8.4909
1.2,77,5248,2,0,4.6904,5,7.7735
1.2,69,6656,10,0,2.6176,5,6.5024
1.2,49,4672,7,0,2.5492,5,7.721
1.2,94,3328,1,0,6.7961,5,8.3446
1.2,78,960,6,0,2.37,5,8.549
1.2,80,5504,9,0,2.6977,5,6.6765
1.2,32,4032,5,0,2.5455,5,8.2775
1.2,27,7808,5,0,2.6748,5,7.8774
1.2,63,5184,9,0,2.5179,5,7.1532
1.2,81,4992,9,0,2.6408,5,6.8202
1.2,50,9664,1,0,7.0654,5,8.0265
1.2,38,5952,3,0,3.3591,5,8.041
1.2,68,6720,8,0,2.749,5,6.6337
1.2,79,6208,9,0,2.7769,5,6.486
1.2,30,2688,1,0,6.4291,5,8.821
1.2,73,4544,2,0,4.576,5,7.9679
1.2,71,9856,5,0,3.4478,5,6.1113
1.2,18,192,3,0,3.007,5,8.9825
1.2,45,512,1,0,6.338,5,8.9477
1.2,5,6592,1,0,6.3537,5,8.9257
1.2,87,2048,3,0,3.2832,5,8.2269
1.2,10,9152,2,0,4.1963,5,8.6889
1.2,36,896,6,0,2.3026,5,8.7992
1.2,39,4800,10,0,2.1875,5,7.7809
1.2,17,9472,5,0,2.5961,5,8.1162
1.2,95,3392,9,0,2.511,5,7.1728
1.2,4,7168,9,0,2.0469,5,8.799
1.2,29,6272,10,0,2.1791,5,7.8109
1.2,51,8128,7,0,2.8426,5,6.924
1.2,4,1216,10,0,1.8993,5,8.9618
1.2,26,832,1,0,6.3358,5,8.9509
1.2,50,2176,9,0,2.1736,5,8.2863
1.2,57,3392,6,0,2.5572,5,7.923
1.2,42,5504,10,0,2.257,5,7.5413
1.2,8,576,3,0,3.0089,5,8.9771
1.2,62,4032,8,0,2.4218,5,7.53
1.2,39,1344,4,0,2.7844,5,8.7309
1.2,84,7232,6,0,3.2119,5,6.308
1.2,28,5888,4,0,2.9622,5,8.207
1.2,18,320,10,0,1.9007,5,8.9551
1.2,85,8704,8,0,3.1962,5,5.7055
1.2,62,2112,3,0,3.2086,5,8.4183
1.2,1,3456,8,0,2.032,5,8.9741
1.2,29,128,1,0,6.3074,5,8.9911
1.2,70,2816,1,0,6.6132,5,8.5754
1.2,39,6400,4,0,3.0962,5,7.8519
1.2,64,6592,10,0,2.5585,5,6.6526
1.2,72,1216,7,0,2.3257,5,8.463
1.2,24,8832,7,0,2.5224,5,7.8031
1.2,6,7040,5,0,2.4084,5,8.749
1.2,24,6656,6,0,2.5041,5,8.091
1.2,76,3328,8,0,2.4264,5,7.5155
1.2,3,1152,9,0,2.007,5,8.9738
1.2,33,9856,6,0,2.7657,5,7.3256
1.2,26,3584,5,0,2.4889,5,8.4659
1.2,28,8064,3,0,3.3585,5,8.0425
1.2,20,7488,7,0,2.424,5,8.1196
1.2,71,1728,4,0,2.8955,5,8.396
1.2,64,1600,2,0,4.2135,5,8.6534
1.2,82,8256,9,0,3.0718,5,5.8633
1.2,12,6464,6,0,2.3742,5,8.5337
1.2,86,7488,1,0,7.3196,5,7.7478
1.2,86,4736,5,0,2.9855,5,7.0578
1.2,52,3968,4,0,3.0278,5,8.0293
1.2,21,1152,8,0,2.0648,5,8.8317
1.2,3,9984,1,0,6.3489,5,8.9323
1.2,40,3392,7,0,2.4018,5,8.1949
1.2,50,320,1,0,6.3269,5,8.9635
1.2,41,4736,10,0,2.1985,5,7.7419
1.2,29,6656,7,0,2.4924,5,7.8968
1.2,1,7168,5,0,2.3529,5,8.9552
1.2,9,4608,4,0,2.7671,5,8.7855
1.2,95,2560,8,0,2.411,5,7.5635
1.2,91,9088,3,0,4.309,5,6.2685
1.2,34,256,5,0,2.3553,5,8.946
1.2,82,8448,1,0,7.3967,5,7.6671
1.2,97,1600,8,0,2.2719,5,8.0266
1.2,51,7296,8,0,2.6148,5,6.9741
1.2,96,6144,4,0,3.634,5,6.6898
1.2,90,3648,2,0,4.5706,5,7.9772
1.2,37,4416,8,0,2.2849,5,7.9811
1.2,90,1216,9,0,2.1746,5,8.2824
1.2,9,2240,1,0,6.3334,5,8.9542
1.2,40,6784,8,0,2.4556,5,7.4263
1.2,52,5632,5,0,2.8046,5,7.5131
1.2,94,8960,6,0,3.583,5,5.6547
1.2,52,3584,2,0,4.3462,5,8.3891
1.2,65,1600,2,0,4.216,5,8.6482
1.2,11,8256,2,0,4.1951,5,8.6912
1.2,37,7616,9,0,2.447,5,7.3602
1.2,8,5696,4,0,2.7736,5,8.765
1.2,18,8320,6,0,2.4883,5,8.1423
1.2,82,3456,10,0,2.3396,5,7.2752
1.2,12,5952,7,0,2.3002,5,8.5568
1.2,7,8192,10,0,1.9822,5,8.5867
1.2,76,4992,6,0,2.8513,5,7.1057
1.2,38,1536,3,0,3.0939,5,8.7305
1.2,64,4544,9,0,2.4613,5,7.3176
1.2,70,6080,4,0,3.3744,5,7.2045
1.2,48,2944,10,0,2.115,5,8.0478
1.2,9,4352,1,0,6.3635,5,8.9119
1.2,86,8896,3,0,4.211,5,6.4143
1.2,48,6400,5,0,2.8272,5,7.4528
1.2,10,7040,8,0,2.1379,5,8.5299
1.2,69,7040,4,0,3.4695,5,7.007
1.2,68,8256,9,0,2.8891,5,6.2341
1.2,79,4736,8,0,2.618,5,6.9654
1.2,28,768,10,0,1.9256,5,8.8393
1.2,47,1600,4,0,2.8205,5,8.6194
1.2,41,5632,8,0,2.3916,5,7.6249
1.2,27,3712,2,0,4.21,5,8.6605
1.2,52,8000,10,0,2.5492,5,6.6769
1.2,15,2368,4,0,2.7577,5,8.8155
1.2,51,2304,4,0,2.8873,5,8.4198
1.2,39,7424,9,0,2.4593,5,7.3236
1.2,76,2112,1,0,6.5553,5,8.6511
1.2,98,192,6,1.6351e-07,2.2813,5,8.8811
1.2,15,5440,9,0,2.1306,5,8.4535
1.2,46,1792,4,0,2.8319,5,8.5847
1.2,27,9856,9,0,2.4223,5,7.4355
1.2,64,3200,6,0,2.5753,5,7.8672
1.2,78,896,8,0,2.1371,5,8.5331
1.2,46,1536,1,0,6.4133,5,8.8427
1.2,90,4608,9,0,2.6572,5,6.7781
1.2,41,5568,1,0,6.6625,5,8.512
1.2,78,1344,2,0,4.2173,5,8.6455
1.2,57,9728,5,0,3.2182,5,6.5475
1.2,50,7872,6,0,2.8738,5,7.0502
1.2,47,4800,4,0,3.0582,5,7.9493
1.2,63,1344,6,0,2.3854,5,8.4936
1.2,92,3456,4,0,3.2042,5,7.5871
1.2,58,6912,7,0,2.821,5,6.9769
1.2,93,3392,5,0,2.8403,5,7.4186
1.2,34,2432,5,0,2.4723,5,8.5228
1.2,96,1984,7,0,2.4884,5,7.9097
1.2,16,2624,8,0,2.0929,5,8.713
1.2,24,3776,4,0,2.8448,5,8.5456
1.2,89,384,7,0,2.2413,5,8.7816
1.2,24,7168,1,0,6.5735,5,8.6271
1.2,98,4096,9,0,2.6361,5,6.8323
1.2,29,256,6,0,2.2633,5,8.9518
1.2,6,6080,7,0,2.245,5,8.7673
1.2,79,5504,5,0,3.029,5,6.9565
1.2,34,2880,9,0,2.1564,5,8.3523
1.2,22,1408,6,0,2.3005,5,8.8069
1.2,69,3712,7,0,2.5922,5,7.5929
1.2,35,8320,7,0,2.6476,5,7.4339
1.2,36,896,7,0,2.2383,5,8.7935
1.2,90,9536,5,0,3.6983,5,5.6974
1.2,93,5632,10,0,2.7196,5,6.2586
1.2,1,4416,7,0,2.1943,5,8.9698
1.2,80,9728,9,0,3.2319,5,5.5729
1.2,100,6528,2,0,5.0836,5,7.1723
1.2,3,9472,2,0,4.0965,5,8.9005
1.2,57,7680,6,0,2.9436,5,6.883
1.2,48,7104,3,0,3.5406,5,7.6288
1.2,47,8640,6,0,2.8935,5,7.0021
1.2,99,9408,10,0,3.364,5,5.0597
1.2,57,192,4,1.09e-07,2.7189,5,8.9414
1.2,88,1728,9,0,2.242,5,8.0335
1.2,67,1152,10,0,2.0136,5,8.4529
1.2,21,5504,1,0,6.4843,5,8.7459
1.2,58,4416,2,0,4.4565,5,8.1815
1.2,94,8128,7,0,3.3951,5,5.7972
1.2,31,640,1,0,6.3329,5,8.9549
1.2,68,5504,5,0,2.9332,5,7.1834
1.2,57,8128,8,0,2.759,5,6.6096
1.2,12,5056,1,0,6.3975,5,8.8645
1.2,87,8832,9,0,3.2163,5,5.5999
1.2,64,7040,4,0,3.4138,5,7.1212
1.2,78,2880,2,0,4.4067,5,8.2739
1.2,86,9920,7,0,3.5359,5,5.5663
1.2,6,8320,10,0,1.9705,5,8.6378
1.2,9,9280,9,0,2.1336,5,8.4415
1.2,25,4032,2,0,4.2109,5,8.6586
1.2,96,1856,6,0,2.5332,5,7.998
1.2,43,6400,6,0,2.6866,5,7.5413
1.2,13,4992,6,0,2.3542,5,8.6063
1.2,43,6080,1,0,6.7149,5,8.4455
1.2,22,3712,3,0,3.1307,5,8.6278
1.2,15,7232,3,0,3.1731,5,8.5125
1.2,57,1088,10,0,1.9896,5,8.5548
1.2,37,6400,10,0,2.2659,5,7.5116
1.2,54,448,4,0,2.7398,5,8.8731
1.2,9,7936,5,0,2.4545,5,8.5846
1.2,14,7104,7,0,2.3445,5,8.395
1.2,28,4992,8,0,2.2475,5,8.1137
1.2,47,8896,4,0,3.3626,5,7.2299
1.2,76,832,1,0,6.4015,5,8.8589
1.2,59,8576,6,0,3.0515,5,6.6397
1.2,96,3456,4,0,3.2261,5,7.5357
1.2,74,1600,10,0,2.0788,5,8.188
1.2,28,1600,8,0,2.0974,5,8.6945
1.2,17,8000,8,0,2.2416,5,8.1353
1.2,9,9856,7,0,2.3275,5,8.4563
1.2,29,2752,6,0,2.3777,5,8.521
1.2,58,1984,6,0,2.4335,5,8.3258
1.2,44,1344,2,0,4.1451,5,8.7962
1.2,22,3008,8,0,2.1312,5,8.5566
1.2,33,5760,7,0,2.4878,5,7.9116
1.2,34,9984,8,0,2.5632,5,7.1144
1.2,61,3584,2,0,4.3972,5,8.2918
1.2,23,704,8,0,2.0522,5,8.8861
1.2,18,2112,1,0,6.3617,5,8.9144
1.2,79,2240,3,0,3.2813,5,8.2317
1.2,73,7168,3,0,3.8288,5,7.0547
1.2,40,5952,5,0,2.7179,5,7.7525
1.2,96,8960,8,0,3.3864,5,5.3851
1.2,10,3200,2,0,4.1022,5,8.8882
1.2,11,2880,10,0,1.9417,5,8.7661
1.2,44,2112,8,0,2.1735,5,8.3901
1.2,98,5120,10,0,2.6848,5,6.3397
1.2,93,5184,4,0,3.4637,5,7.0187
1.2,64,2816,4,0,2.9865,5,8.1403
1.2,80,2432,2,0,4.3591,5,8.3642
1.2,88,192,9,2.4642e-07,2.0283,5,8.8797
1.2,47,4032,5,0,2.6412,5,7.9779
1.2,31,4864,4,0,2.9399,5,8.2691
1.2,31,8320,5,0,2.7493,5,7.664
1.2,62,6784,2,0,4.7165,5,7.7305
1.2,42,6016,4,0,3.101,5,7.8396
1.2,62,256,6,0,2.2767,5,8.8993
1.2,55,9408,10,0,2.7096,5,6.2817
1.2,42,3008,1,0,6.5013,5,8.723
1.2,36,5056,1,0,6.5893,5,8.6065
1.2,18,6464,10,0,2.0755,5,8.2008
1.2,84,3456,1,0,6.7605,5,8.3885
1.2,23,6464,6,0,2.4866,5,8.148
1.2,29,3712,6,0,2.4218,5,8.3662
1.2,84,7232,2,0,5.0119,5,7.2748
1.2,23,2240,3,0,3.083,5,8.7611
1.2,90,7360,6,0,3.2987,5,6.142
1.2,47,384,5,0,2.3701,5,8.8902
1.2,27,3712,2,0,4.21,5,8.6605
1.2,74,3200,7,0,2.5616,5,7.6835
1.2,67,5312,6,0,2.8142,5,7.1995
1.2,78,9408,10,0,3.0516,5,5.5776
1.2,2,448,10,0,1.893,5,8.9915
1.2,38,5888,6,0,2.6053,5,7.7768
1.2,42,5376,4,0,3.0585,5,7.9485
1.2,84,5824,2,0,4.825,5,7.5567
1.2,72,960,3,0,3.1108,5,8.6828
1.2,10,4032,7,0,2.251,5,8.7437
1.2,95,2560,4,0,3.086,5,7.8777
1.2,62,7040,3,0,3.6916,5,7.3169
1.2,19,5312,3,0,3.1611,5,8.5447
1.2,45,512,10,0,1.928,5,8.8282
1.2,12,5312,8,0,2.1273,5,8.5721
1.2,33,6208,1,0,6.6254,5,8.5596
1.2,4,832,9,0,2.0068,5,8.9747
1.2,82,3264,8,0,2.4497,5,7.4441
1.2,85,704,7,0,2.2819,5,8.6254
1.2,83,1152,1,0,6.4527,5,8.7886
1.2,60,6464,1,0,6.9147,5,8.2015
1.2,96,1216,1,0,6.4861,5,8.7434
1.2,64,8576,5,0,3.2092,5,6.5656
1.2,88,8192,2,0,5.1912,5,7.0236
1.2,12,4608,10,0,1.979,5,8.6007
1.2,65,384,10,0,1.931,5,8.8143
1.2,58,8192,4,0,3.4527,5,7.0411
1.2,12,704,9,0,2.0149,5,8.9387
1.2,8,5120,2,0,4.1163,5,8.8576
1.2,10,896,3,0,3.0157,5,8.9566
1.2,60,2880,3,0,3.2747,5,8.2482
1.2,21,3264,10,0,1.9999,5,8.5107
1.2,37,448,3,0,3.0278,5,8.921
1.2,85,4800,6,0,2.8966,5,6.9948
1.2,22,9280,2,0,4.3743,5,8.3352
1.2,29,128,5,2.9001e-07,2.3475,5,8.9761
1.2,39,9920,3,0,3.6132,5,7.4756
1.2,21,1024,2,0,4.0856,5,8.9243
1.2,93,8128,9,0,3.1965,5,5.6345
1.2,87,2304,7,0,2.5042,5,7.8598
1.2,30,7744,9,0,2.3688,5,7.6032
1.2,80,6144,2,0,4.8286,5,7.551
1.2,93,4288,2,0,4.682,5,7.7874
1.2,8,5760,2,0,4.1244,5,8.8402
1.2,13,3840,10,0,1.9705,5,8.6378
1.2,36,9088,5,0,2.8588,5,7.3706
1.2,27,2624,2,0,4.1636,5,8.7571
1.2,57,2048,1,0,6.4861,5,8.7434
1.2,31,2368,7,0,2.3033,5,8.5451
1.2,48,9280,5,0,3.0458,5,6.9181
1.2,62,832,1,0,6.3831,5,8.8845
1.2,14,1536,5,0,2.3756,5,8.8698
1.2,42,7808,6,0,2.77,5,7.3144
1.2,22,8896,10,0,2.201,5,7.7333
1.2,65,3968,10,0,2.2993,5,7.4026
1.2,62,8512,2,0,4.8859,5,7.4625
1.2,92,1728,2,0,4.3029,5,8.4735
1.2,28,3520,1,0,6.4574,5,8.7823
1.2,20,3328,8,0,2.1318,5,8.5542
1.2,91,3584,4,0,3.2172,5,7.5566
1.2,16,8512,3,0,3.2169,5,8.3966
1.2,1,9664,10,0,1.9069,5,8.9261
1.2,80,1920,2,0,4.2944,5,8.4903
1.2,26,6208,10,0,2.1467,5,7.9287
1.2,46,2880,1,0,6.511,5,8.71
1.2,11,8704,2,0,4.2029,5,8.6751
1.2,71,6528,3,0,3.7343,5,7.2332
1.2,39,8000,8,0,2.5198,5,7.237
1.2,79,5184,3,0,3.649,5,7.4023
1.2,60,5696,4,0,3.2418,5,7.4991
1.2,17,5312,2,0,4.1943,5,8.6929
1.2,91,7040,10,0,2.9043,5,5.8605
1.2,53,2816,3,0,3.2375,5,8.3431
1.2,32,3712,10,0,2.0794,5,8.1856
1.2,16,8384,3,0,3.2136,5,8.405
1.2,92,4800,10,0,2.5897,5,6.5725
1.2,9,6080,1,0,6.3881,5,8.8776
1.2,30,4928,2,0,4.2853,5,8.5084
1.2,61,5120,8,0,2.5203,5,7.2355
1.2,15,3520,2,0,4.135,5,8.8175
1.2,49,4736,9,0,2.3684,5,7.6045
1.2,54,8192,8,0,2.7259,5,6.6898
1.2,4,1152,3,0,3.0089,5,8.9771
1.2,55,1280,7,0,2.2986,5,8.5628
1.2,67,3648,3,0,3.388,5,7.9726
1.2,89,3840,7,0,2.7276,5,7.2161
1.2,33,8128,1,0,6.7256,5,8.4321
1.2,35,5056,2,0,4.3313,5,8.4179
1.2,97,4160,10,0,2.5295,5,6.729
1.2,64,4672,3,0,3.4743,5,7.7745
1.2,18,5952,2,0,4.2209,5,8.6381
1.2,41,6400,8,0,2.4414,5,7.4694
1.2,45,2816,1,0,6.5019,5,8.7222
1.2,52,5632,9,0,2.4646,5,7.3079
1.2,61,5120,6,0,2.7453,5,7.3802
1.2,46,2816,9,0,2.2064,5,8.1631
1.2,48,6464,6,0,2.7421,5,7.3889
1.2,14,2560,4,0,2.7582,5,8.8139
1.2,6,7232,8,0,2.0952,5,8.7037
1.2,98,1088,7,0,2.3558,5,8.3546
1.2,14,3200,5,0,2.4124,5,8.7344
1.2,3,6208,6,0,2.281,5,8.8823
1.2,35,192,7,0,2.1979,5,8.955
1.2,36,9856,9,0,2.5625,5,7.0286
1.2,44,5760,10,0,2.2922,5,7.4254
1.2,94,5440,10,0,2.7,5,6.3041
1.2,77,9792,5,0,3.5335,5,5.9631
1.2,19,8896,10,0,2.1588,5,7.8845
1.2,86,576,3,0,3.0799,5,8.7701
1.2,84,3328,9,0,2.4435,5,7.3709
1.2,14,9536,3,0,3.2126,5,8.4077
1.2,6,6016,10,0,1.9486,5,8.7347
1.2,83,9280,5,0,3.5592,5,5.9201
1.2,57,6656,2,0,4.6513,5,7.8388
1.2,87,4160,9,0,2.5737,5,6.998
1.2,19,9920,9,0,2.2995,5,7.8324
1.2,83,4096,1,0,6.839,5,8.2922
1.2,62,9920,5,0,3.3139,5,6.3584
1.2,16,8896,2,0,4.2766,5,8.5257
1.2,1,8640,10,0,1.9052,5,8.9337
1.2,73,7232,6,0,3.0862,5,6.565
1.2,61,1152,7,0,2.2984,5,8.5635
1.2,83,7936,2,0,5.0929,5,7.1592
1.2,92,3712,4,0,3.2414,5,7.5
1.2,96,1024,8,0,2.182,5,8.3574
1.2,38,960,10,0,1.9492,5,8.732
1.2,68,8320,10,0,2.786,5,6.1095
1.2,64,384,5,0,2.3804,5,8.8517
1.2,19,6208,4,0,2.888,5,8.4177
1.2,64,8512,8,0,2.8878,5,6.3148
1.2,38,6912,1,0,6.7168,5,8.4431
1.2,81,7296,1,0,7.2358,5,7.8375
1.2,51,9280,3,0,3.7498,5,7.2033
1.2,93,1600,3,0,3.2368,5,8.3449
1.2,84,7872,7,0,3.2326,5,6.0886
1.2,85,1408,2,0,4.2408,5,8.5977
1.2,21,5376,9,0,2.1801,5,8.2616
1.2,59,3328,7,0,2.4977,5,7.8802
1.2,8,2944,6,0,2.2888,5,8.8521
1.2,18,2176,9,0,2.0635,5,8.7283
1.2,88,1920,4,0,2.9687,5,8.1891
1.2,35,1856,2,0,4.1543,5,8.7767
1.2,79,6784,6,0,3.0988,5,6.5382
1.2,63,2688,4,0,2.9693,5,8.1874
1.2,86,704,4,0,2.7973,5,8.6908
1.2,95,1408,8,0,2.238,5,8.1481
1.2,7,9472,7,0,2.2921,5,8.587
1.2,11,4096,6,0,2.3228,5,8.7226
1.2,64,2752,8,0,2.305,5,7.9114
1.2,38,7744,8,0,2.4918,5,7.3184
1.2,95,1088,4,0,2.865,5,8.4855
1.2,1,5056,10,0,1.8996,5,8.9603
1.2,3,5056,5,0,2.3656,5,8.9073
1.2,83,7232,1,0,7.2505,5,7.8216
1.2,77,1920,6,0,2.4853,5,8.1523
1.2,60,8512,9,0,2.8089,5,6.4119
1.2,16,7424,9,0,2.1894,5,8.2265
1.2,95,3904,1,0,6.8879,5,8.2334
1.2,20,3648,10,0,2.0069,5,8.4811
1.2,44,3840,5,0,2.6087,5,8.0772
1.2,9,4864,8,0,2.0958,5,8.7012
1.2,15,3136,10,0,1.9659,5,8.6578
1.2,40,6656,8,0,2.4475,5,7.4509
1.2,62,1856,1,0,6.4835,5,8.747
1.2,20,5568,4,0,2.8776,5,8.4482
1.2,21,5056,7,0,2.3551,5,8.3572
1.2,81,6208,5,0,3.1365,5,6.7179
1.2,48,192,5,0,2.3561,5,8.9429
1.2,17,4736,9,0,2.1289,5,8.4603
1.2,55,512,3,0,3.0461,5,8.8674
1.2,6,3584,2,0,4.0856,5,8.9243
1.2,36,2112,3,0,3.1218,5,8.6524
1.2,75,7936,10,0,2.8325,5,6.0091
1.2,88,2176,3,0,3.3043,5,8.1745
1.2,95,6720,1,0,7.3108,5,7.7571
1.2,49,1600,9,0,2.1255,5,8.4736
1.2,89,6656,1,0,7.238,5,7.8351
1.2,96,6528,1,0,7.2923,5,7.7768
1.2,29,7680,2,0,4.4037,5,8.2796
1.2,3,1408,4,0,2.7083,5,8.9765
1.2,69,1024,5,0,2.4533,5,8.5888
1.2,14,6336,6,0,2.3918,5,8.4709
1.2,61,8064,6,0,3.0292,5,6.6885
1.2,11,6848,9,0,2.1207,5,8.493
1.2,38,128,1,0,6.3093,5,8.9885
1.2,26,9472,5,0,2.7309,5,7.7157
1.2,15,3136,2,0,4.1259,5,8.837
1.2,38,6656,8,0,2.4264,5,7.5155
1.2,14,2560,10,0,1.9482,5,8.7365
1.2,71,4352,2,0,4.54,5,8.0309
1.2,46,6080,8,0,2.4687,5,7.3868
1.2,19,8256,3,0,3.2496,5,8.3121
1.2,91,9536,6,0,3.6234,5,5.5917
1.2,34,2048,1,0,6.4117,5,8.845
1.2,17,6400,8,0,2.1986,5,8.2944
1.2,49,2752,7,0,2.4005,5,8.1994
1.2,84,2048,8,0,2.2985,5,7.9337
1.2,54,5120,6,0,2.6887,5,7.5357
1.2,32,4160,10,0,2.102,5,8.0973
1.2,87,9216,6,0,3.5191,5,5.7574
1.2,19,6784,4,0,2.9053,5,8.3676
1.2,19,4224,9,0,2.1285,5,8.4619
1.2,26,6720,2,0,4.3278,5,8.4248
1.2,44,1024,4,0,2.7728,5,8.7676
1.2,72,3904,5,0,2.7859,5,7.5633
1.2,1,1792,1,0,6.3044,5,8.9954
1.2,66,4416,7,0,2.648,5,7.4328
1.2,52,1408,5,0,2.4573,5,8.5747
1.2,100,3904,9,0,2.6187,5,6.8777
1.2,5,1856,8,0,2.0412,5,8.9336
1.2,30,4288,6,0,2.4549,5,8.2531
1.2,78,2432,7,0,2.4872,5,7.9135
1.2,72,2240,5,0,2.5965,5,8.115
1.2,89,9984,8,0,3.4313,5,5.3146
1.2,17,6336,4,0,2.8719,5,8.4652
1.2,60,7552,9,0,2.7179,5,6.6268
1.2,7,6144,5,0,2.4096,5,8.7446
1.2,42,3776,3,0,3.2523,5,8.3052
1.2,51,9792,5,0,3.131,5,6.7296
1.2,98,512,6,0,2.3309,5,8.6923
1.2,88,3072,1,0,6.7289,5,8.4279
1.2,60,1984,3,0,3.1898,5,8.468
1.2,24,6336,1,0,6.542,5,8.6688
1.2,45,2240,4,0,2.8609,5,8.4975
1.2,4,9472,5,0,2.4015,5,8.7741
1.2,80,1152,8,0,2.1723,5,8.3948
1.2,98,1024,4,0,2.8602,5,8.4996
1.2,52,128,10,5.8002e-07,1.9021,5,8.9485
1.2,46,9856,3,0,3.7183,5,7.2643
1.2,37,2688,1,0,6.4588,5,8.7804
1.2,8,3840,6,0,2.3001,5,8.8085
1.2,24,5952,9,0,2.2274,5,8.086
1.2,66,5120,7,0,2.7215,5,7.2322
1.2,76,3328,6,0,2.6514,5,7.6415
1.2,77,1600,10,0,2.0863,5,8.1582
1.2,74,9088,7,0,3.2504,5,6.0553
1.2,63,3648,9,0,2.3649,5,7.6159
1.2,27,1152,4,0,2.7508,5,8.8379
1.2,53,1920,6,0,2.4124,5,8.3984
1.2,30,9664,4,0,3.1599,5,7.6935
1.2,44,8448,4,0,3.2892,5,7.3911
1.2,66,5312,1,0,6.8558,5,8.2719
1.2,31,4992,7,0,2.4319,5,8.0933
1.2,100,6400,8,0,3.0383,5,6.0019
1.2,26,2048,3,0,3.0858,5,8.7534
1.2,52,6208,1,0,6.8119,5,8.3253
1.2,41,9728,7,0,2.8178,5,6.985
1.2,79,896,5,0,2.4535,5,8.5881
1.2,7,4416,6,0,2.3004,5,8.8073
1.2,86,3968,9,0,2.541,5,7.088
1.2,26,576,10,0,1.9153,5,8.887
1.2,71,6848,8,0,2.7952,5,6.524
1.2,4,6272,6,0,2.2912,5,8.8427
1.2,58,5824,3,0,3.5356,5,7.6397
1.2,83,3264,5,0,2.7698,5,7.6072
1.2,19,2688,1,0,6.3823,5,8.8856
1.2,75,3968,7,0,2.6577,5,7.4056
1.2,15,3776,2,0,4.1411,5,8.8046
1.2,36,4864,6,0,2.5284,5,8.0133
1.2,57,8064,9,0,2.7282,5,6.6017
1.2,51,5056,8,0,2.4342,5,7.4915
1.2,54,9088,10,0,2.6674,5,6.3811
1.2,60,7296,5,0,3.0336,5,6.9458
1.2,1,5376,3,0,3.0101,5,8.9735
1.2,19,9536,8,0,2.313,5,7.884
1.2,25,1152,10,0,1.9371,5,8.7867
1.2,67,4736,1,0,6.8032,5,8.3359
1.2,51,5568,4,0,3.1505,5,7.7165
1.2,37,7552,9,0,2.4433,5,7.3715
1.2,61,3008,7,0,2.4774,5,7.9449
1.2,41,5504,7,0,2.544,5,7.7366
1.2,69,6592,3,0,3.7206,5,7.2597
1.2,96,4864,5,0,3.0797,5,6.8417
1.2,49,1600,2,0,4.1755,5,8.732
1.2,69,8576,2,0,4.987,5,7.3111
1.2,45,256,1,0,6.3198,5,8.9735
1.2,69,9472,5,0,3.3748,5,6.2436
1.2,96,5056,8,0,2.7939,5,6.527
1.2,67,3840,1,0,6.7083,5,8.4538
1.2,65,4480,2,0,4.5119,5,8.081
1.2,8,7744,2,0,4.1495,5,8.7868
1.2,22,5760,7,0,2.3876,5,8.2435
1.2,22,4544,8,0,2.1846,5,8.3474
1.2,2,5632,6,0,2.2694,5,8.9279
1.2,1,4608,4,0,2.7089,5,8.9745
1.2,35,4416,4,0,2.9459,5,8.2524
1.2,63,7104,3,0,3.7091,5,7.2823
1.2,70,2048,5,0,2.5682,5,8.2045
1.2,66,2048,8,0,2.2403,5,8.14
1.2,7,384,10,0,1.8958,5,8.978
1.2,70,9472,9,0,3.0497,5,5.9057
1.2,97,1088,10,0,2.0584,5,8.2689
1.2,53,8192,8,0,2.7129,5,6.7218
1.2,89,8192,3,0,4.1542,5,6.5021
1.2,16,7680,10,0,2.0858,5,8.1602
1.2,91,2048,2,0,4.3462,5,8.3891
1.2,47,9088,2,0,4.7268,5,7.7136
1.2,67,4544,9,0,2.4829,5,7.254
1.2,62,4288,5,0,2.7619,5,7.6292
1.2,94,9152,7,0,3.5473,5,5.5486
1.2,88,3328,8,0,2.4896,5,7.3249
1.2,36,3200,9,0,2.1837,5,8.2479
1.2,53,3712,7,0,2.4983,5,7.8783
1.2,20,7360,3,0,3.2343,5,8.3514
1.2,24,5248,9,0,2.2007,5,8.1842
1.2,43,6336,2,0,4.4823,5,8.1344
1.2,66,3072,10,0,2.2121,5,7.6944
1.2,46,3584,6,0,2.5122,5,8.065
1.2,89,8128,7,0,3.3309,5,5.9091
1.2,100,2304,10,0,2.2558,5,7.5453
1.2,90,8960,3,0,4.2764,5,6.3163
1.2,32,5248,10,0,2.1571,5,7.8907
1.2,54,6848,2,0,4.6362,5,7.8644
1.2,61,2880,2,0,4.3293,5,8.4219
1.2,88,6720,2,0,4.9864,5,7.312
1.2,79,3968,4,0,3.1971,5,7.6039
1.2,87,9152,3,0,4.2603,5,6.3401
1.2,86,768,7,0,2.2917,5,8.5885
1.2,88,1280,10,0,2.0696,5,8.224
1.2,61,512,1,0,6.351,5,8.9295
1.2,13,8704,6,0,2.4305,5,8.3362
1.2,19,896,3,0,3.0285,5,8.9189
1.2,11,8960,9,0,2.1574,5,8.3484
1.2,29,1280,8,0,2.0853,5,8.7451
1.2,25,768,4,0,2.7319,5,8.8988
1.2,43,4992,8,0,2.3659,5,7.7077
1.2,93,6976,8,0,3.0522,5,5.9747
1.2,84,576,9,0,2.0781,5,8.6671
1.2,41,5696,1,0,6.6708,5,8.5014
1.2,79,4928,4,0,3.317,5,7.3291
1.2,53,8000,7,0,2.8576,5,6.8878
1.2,82,9408,7,0,3.4068,5,5.7773
1.2,45,7424,3,0,3.5297,5,7.6524
1.2,41,7872,8,0,2.5368,5,7.1885
1.2,67,3712,2,0,4.4447,5,8.2031
1.2,45,8192,2,0,4.6343,5,7.8675
1.2,3,8128,4,0,2.7401,5,8.8721
1.2,23,8128,2,0,4.3471,5,8.3874
1.2,26,8064,4,0,3.033,5,8.0154
1.2,71,6848,3,0,3.7702,5,7.1643
1.2,20,2752,2,0,4.1386,5,8.81
1.2,27,1216,6,0,2.3035,5,8.7957
1.2,67,4480,5,0,2.8161,5,7.4823
1.2,96,2048,9,0,2.3124,5,7.7888
1.2,30,6464,5,0,2.6481,5,7.9568
1.2,7,4864,7,0,2.2411,5,8.7824
1.2,39,2688,7,0,2.353,5,8.3647
1.2,42,3712,1,0,6.548,5,8.6607
1.2,51,6272,10,0,2.3972,5,7.1001
1.2,75,8896,5,0,3.3963,5,6.204
1.2,58,6272,3,0,3.5767,5,7.552
1.2,14,2624,3,0,3.0597,5,8.8281
1.2,26,2112,8,0,2.1134,5,8.6287
1.2,47,896,1,0,6.3682,5,8.9054
1.2,65,1280,5,0,2.4731,5,8.52
1.2,62,2368,10,0,2.1237,5,8.0148
1.2,76,3968,3,0,3.4783,5,7.7655
1.2,90,3904,1,0,6.857,5,8.2705
1.2,14,6400,6,0,2.3932,5,8.4659
1.2,26,4032,2,0,4.2173,5,8.6455
1.2,77,7936,5,0,3.3076,5,6.3704
1.2,9,6208,10,0,1.9799,5,8.5968
1.2,51,4800,10,0,2.2786,5,7.4699
1.2,72,4736,1,0,6.8406,5,8.2903
1.2,52,7040,1,0,6.8803,5,8.2425
1.2,9,6272,5,0,2.4308,5,8.6682
1.2,42,5440,1,0,6.6628,5,8.5116
1.2,58,8320,3,0,3.7644,5,7.1753
1.2,65,1472,9,0,2.1528,5,8.3661
1.2,83,7552,10,0,2.8825,5,5.9049
1.2,46,7104,7,0,2.7039,5,7.2793
1.2,41,9088,9,0,2.5906,5,6.9523
1.2,24,5696,6,0,2.4677,5,8.2104
1.2,95,256,4,0,2.74,5,8.8725
1.2,97,8512,1,0,7.6068,5,7.4553
1.2,5,9088,6,0,2.3234,5,8.7203
1.2,85,3200,6,0,2.6816,5,7.5556
1.2,20,256,10,0,1.8997,5,8.9599
1.2,54,1088,5,0,2.4345,5,8.6552
1.2,75,5376,10,0,2.529,5,6.7303
1.2,40,1664,9,0,2.1068,5,8.5489
1.2,17,8576,9,0,2.2321,5,8.0692
1.2,49,7744,9,0,2.6014,5,6.9234
1.2,40,5632,6,0,2.6077,5,7.7696
1.2,30,9216,5,0,2.7787,5,7.5831
1.2,91,4864,5,0,3.0413,5,6.9282
1.2,70,8448,2,0,4.9864,5,7.312
1.2,87,6208,5,0,3.1954,5,6.5941
1.2,66,1280,8,0,2.1601,5,8.442
1.2,11,5696,8,0,2.1256,5,8.579
1.2,92,8832,4,0,3.9861,5,6.0989
1.2,71,3904,5,0,2.7798,5,7.5801
1.2,24,5888,1,0,6.525,5,8.6913
1.2,41,3904,2,0,4.3046,5,8.4702
1.2,74,3328,4,0,3.0909,5,7.8653
1.2,99,6272,5,0,3.3232,5,6.3406
1.2,24,9664,2,0,4.4182,5,8.2523
1.2,41,5376,2,0,4.4,5,8.2865
1.2,59,1152,6,0,2.359,5,8.5886
1.2,48,8192,6,0,2.8732,5,7.0517
1.2,22,4352,5,0,2.4929,5,8.4522
1.2,88,7488,4,0,3.7433,5,6.4945
1.2,17,5440,1,0,6.4478,5,8.7954
1.2,13,6400,5,0,2.4731,5,8.52
1.2,100,6656,10,0,2.9438,5,5.7819
1.2,89,7104,1,0,7.3011,5,7.7675
1.2,45,128,7,0,2.1964,5,8.9612
1.2,78,9152,4,0,3.8301,5,6.3473
1.2,55,6592,2,0,4.6247,5,7.8839
1.2,99,128,2,2.8685e-07,4.0716,5,8.9549
1.2,47,5632,3,0,3.42,5,7.8978
1.2,100,4544,1,0,7.0199,5,8.0786
1.2,70,2432,3,0,3.2707,5,8.2584
1.2,26,960,6,0,2.291,5,8.8435
1.2,27,384,7,0,2.2037,5,8.9315
1.2,61,1984,7,0,2.3786,5,8.2747
1.2,32,4352,4,0,2.9217,5,8.3207
1.2,63,7872,6,0,3.0356,5,6.6744
1.2,66,5952,2,0,4.6726,5,7.8031
1.2,5,1472,3,0,3.0132,5,8.9641
1.2,76,4224,2,0,4.5591,5,7.9974
1.2,74,6720,7,0,2.9734,5,6.6194
1.2,55,2624,1,0,6.5297,5,8.685
1.2,39,9536,1,0,6.8895,5,8.2315
1.2,60,8896,6,0,3.0954,5,6.5455
1.2,72,7232,4,0,3.5247,5,6.8972
1.2,16,1664,5,0,2.3837,5,8.8397
1.2,4,7296,8,0,2.0727,5,8.798
1.2,46,2944,2,0,4.2657,5,8.5475
1.2,50,3712,8,0,2.32,5,7.8603
1.2,14,7488,7,0,2.353,5,8.3647
1.2,91,7232,2,0,5.092,5,7.1605
1.2,88,768,1,0,6.4084,5,8.8494
1.2,31,4032,3,0,3.1992,5,8.4431
1.2,65,2688,10,0,2.1678,5,7.8517
1.2,68,6720,8,0,2.749,5,6.6337
1.2,7,2496,6,0,2.2792,5,8.8894
1.2,87,9984,7,0,3.5604,5,5.5281
1.2,3,9088,8,0,2.0697,5,8.8109
1.2,51,7552,7,0,2.7962,5,7.039
1.2,43,2560,3,0,3.1756,5,8.5057
1.2,33,3648,5,0,2.5319,5,8.3222
1.2,52,9088,2,0,4.7986,5,7.5981
1.2,19,4736,4,0,2.8438,5,8.5486
1.2,94,8832,10,0,3.204,5,5.3123
1.2,20,8256,7,0,2.4483,5,8.0391
1.2,24,7936,5,0,2.6427,5,7.9733
1.2,13,5760,2,0,4.17,5,8.7437
1.2,22,4736,5,0,2.5063,5,8.4072
1.2,20,1280,7,0,2.2278,5,8.835
1.2,100,6592,3,0,4.0437,5,6.6798
1.2,83,3776,7,0,2.6827,5,7.3366
1.2,65,320,3,0,3.0345,5,8.9014
1.2,91,6656,4,0,3.6591,5,6.6439
1.2,59,3776,2,0,4.4038,5,8.2795
1.2,5,9856,6,0,2.3295,5,8.6976
1.2,62,2880,10,0,2.1739,5,7.8298
1.2,44,2496,1,0,6.4752,5,8.7582
1.2,13,5056,8,0,2.1305,5,8.5595
1.2,33,192,7,0,2.1973,5,8.9575
1.2,19,5248,10,0,2.0492,5,8.306
1.2,47,8704,5,0,2.9883,5,7.0511
1.2,89,3776,2,0,4.5828,5,7.9559
1.2,43,3968,10,0,2.1613,5,7.8752
1.2,98,3136,10,0,2.3774,5,7.1594
1.2,80,9408,7,0,3.3771,5,5.8282
1.2,37,4160,8,0,2.2699,5,8.0337
1.2,64,5760,9,0,2.5843,5,6.9692
1.2,15,2752,4,0,2.7668,5,8.7865
1.2,11,7424,4,0,2.8307,5,8.5883
1.2,60,8960,3,0,3.8514,5,7.0132
1.2,75,4800,5,0,2.9107,5,7.2391
1.2,83,5312,5,0,3.0386,5,6.9345
1.2,87,1408,2,0,4.2452,5,8.5887
1.2,14,6592,10,0,2.0375,5,8.3539
1.2,59,4224,1,0,6.6956,5,8.4699
1.2,90,9792,10,0,3.2847,5,5.1818
1.2,93,1920,6,0,2.5339,5,7.996
1.2,50,8640,4,0,3.3845,5,7.183
1.2,91,6208,8,0,2.9196,5,6.2459
