Topology,lambda_parallel_instances,lambda_allocated_memory,kinesis_ondemand,kinesis_efos,kinesis_records,kinesis_peak,car_cache,latency,cost,complexity,scalability
1.4,72,7168,1,0,1600,0.8,1,0,5.3263,9,7.6038
1.4,42,9984,1,1,1600,0.6,10,0,1.4458,9,2.8013
1.4,91,4608,0,1,2200,0.2,8,0,4.1414,9,1.2224
1.4,33,8128,1,1,1450,0.7,3,0,2.2569,9,5.9817
1.4,93,4480,1,0,2850,0.6,6,0,1.419,9,4.7568
1.4,66,9920,1,1,3600,0.2,5,0,2.2679,9,3.5716
1.4,97,6656,1,0,200,1,3,0,2.531,9,5.3338
1.4,74,8064,1,0,800,0.3,8,0,1.5162,9,3.3389
1.4,1,1600,1,1,1550,0.3,7,0,0.97826,9,5.9143
1.4,51,5760,1,1,3200,0.2,2,0,3.0473,9,6.6453
1.4,84,576,0,0,2350,0.4,10,0,1.5171,9,2.6695
1.4,100,6080,1,1,400,0.2,4,0,2.419,9,4.1856
1.4,22,2240,0,0,3000,0.7,3,0,2.0397,9,6.6188
1.4,1,3136,0,0,950,0.4,8,0,0.88667,9,5.7095
1.4,32,9792,1,1,2450,0.1,2,0,3.0782,9,6.5785
1.4,50,960,1,1,2850,0.3,3,0,1.9088,9,7.0727
1.4,61,2688,0,0,3650,1,6,0,2.3374,9,2.8878
1.4,50,8832,1,0,600,0.1,10,0,1.1585,9,3.4959
1.4,50,6336,0,1,2850,0.7,2,0,3.8775,9,5.2224
1.4,94,3264,1,1,2150,0.1,7,0,1.4608,9,3.9608
1.4,34,9856,1,1,300,0.3,1,0,5.3626,9,7.5523
1.4,16,9344,0,0,2000,0.7,4,0,1.7743,9,5.7064
1.4,25,8576,1,1,850,0.2,5,0,1.5718,9,5.1533
1.4,5,6336,0,1,2700,0.5,1,0,5.0433,9,8.0304
1.4,88,3392,1,1,3850,0.2,3,0,2.3047,9,5.8575
1.4,51,5376,0,0,3100,0.5,7,0,2.0557,9,2.8145
1.4,60,5312,1,0,3300,1,7,0,1.1571,9,5.0003
1.4,26,8768,0,0,3750,0.4,8,0,2.1874,9,2.3144
1.4,27,9920,1,0,3750,0.4,6,0,1.1838,9,5.702
1.4,18,6016,1,1,1500,0.2,6,0,1.2541,9,5.3825
1.4,80,3776,0,1,3350,0.9,10,0,7.9204,9,0.51134
1.4,29,576,0,0,2850,0,9,0,1.2957,9,3.4729
1.4,25,9152,0,1,1550,0.8,1,0,5.1722,9,7.8303
1.4,67,2752,1,1,250,0.7,8,0,1.1869,9,4.2655
1.4,44,1920,1,0,1700,0.9,9,0,0.64393,9,6.9883
1.4,50,3584,0,1,3700,0.9,4,0,4.4973,9,2.2514
1.4,76,4544,1,1,750,0.7,2,0,3.1288,9,6.4721
1.4,68,6720,0,0,650,0.6,7,0,1.5832,9,3.6545
1.4,80,7168,1,0,2250,0.5,7,0,1.5598,9,3.7094
1.4,17,2944,1,0,600,0.9,5,0,0.9895,9,8.186
1.4,39,2240,1,0,2100,0.5,4,0,1.2735,9,7.9506
1.4,12,3200,0,0,1150,0.1,9,0,0.90243,9,4.9866
1.4,12,9344,1,0,900,0.2,9,0,0.68764,9,6.5441
1.4,43,3008,1,1,3300,0,7,0,1.1802,9,4.9023
1.4,84,2688,0,1,300,0.5,3,0,2.0241,9,6.6696
1.4,68,256,1,0,3100,0.2,1,0,4.5379,9,8.9248
1.4,44,5952,1,1,1700,0,7,0,1.3897,9,4.1632
1.4,10,3264,1,0,3750,1,5,0,0.96198,9,8.4201
1.4,97,832,0,0,3550,0.9,1,0,4.8305,9,8.3842
1.4,1,3328,1,1,3850,0.1,9,0,0.83813,9,5.3691
1.4,69,8128,1,0,3100,1,2,0,3.147,9,6.4348
1.4,83,3200,0,1,1100,0.2,8,0,2.4368,9,2.0775
1.4,31,3840,0,1,2200,0,4,0,2.6626,9,3.8027
1.4,35,1280,1,1,3900,0.8,6,0,1.1537,9,5.8508
1.4,100,3520,0,0,200,0.2,8,0,1.1756,9,4.3063
1.4,80,3456,0,0,2400,1,4,0,2.1476,9,4.7145
1.4,25,1408,1,0,1500,0.3,8,0,0.62853,9,8.0545
1.4,40,3392,1,0,3200,0.7,8,0,0.78737,9,6.4296
1.4,26,3136,1,0,2850,1,4,0,1.2643,9,8.0085
1.4,38,640,0,0,3100,0.9,10,0,2.2706,9,1.7837
1.4,10,1792,0,1,2150,0.2,1,0,4.8875,9,8.2864
1.4,65,4096,0,0,1950,0.6,8,0,1.7377,9,2.9133
1.4,98,5056,0,1,1800,0.6,9,0,4.3608,9,1.0319
1.4,11,5120,1,0,700,0.7,1,0,4.5994,9,8.8055
1.4,77,7104,1,1,1450,0.1,7,0,1.8405,9,3.1436
1.4,9,5184,0,0,2850,0.6,6,0,1.6494,9,4.0925
1.4,6,9152,0,1,350,0.3,1,0,4.65,9,8.7097
1.4,11,2240,1,1,1600,1,1,0,4.8718,9,8.3131
1.4,52,8064,1,1,600,0.6,9,0,1.4958,9,3.0085
1.4,26,4032,0,0,2750,1,2,0,2.7499,9,7.3638
1.4,90,6912,1,0,3350,0.6,9,0,1.4938,9,3.0125
1.4,9,384,0,1,550,0.3,5,0,1.3809,9,5.8659
1.4,100,9856,0,0,900,0.1,7,0,2.4076,9,2.4031
1.4,95,1664,1,1,1650,0.2,8,0,1.1453,9,4.4203
1.4,33,3840,1,0,2100,0,4,0,1.3357,9,7.5803
1.4,13,320,0,0,1050,0.7,4,0,1.3458,9,7.5236
1.4,75,1792,1,0,2450,0.3,2,0,2.4728,9,8.1889
1.4,2,8256,1,1,3950,0.3,3,0,1.859,9,7.2621
1.4,89,4224,0,1,750,0.4,3,0,2.4929,9,5.4154
1.4,18,9344,1,0,650,0.7,10,0,0.72627,9,5.5765
1.4,6,7168,1,1,3900,1,2,0,2.6509,9,7.639
1.4,72,5952,0,1,3400,0.2,10,0,6.7643,9,0.59874
1.4,65,5824,0,1,1350,0.9,4,0,2.8521,9,3.5501
1.4,32,7616,0,0,2400,0.1,6,0,1.612,9,4.1873
1.4,55,2752,1,0,1250,0.6,5,0,1.1497,9,7.0456
1.4,85,448,0,0,2350,0,4,0,1.4669,9,6.9023
1.4,46,8768,1,0,2050,0.7,3,0,2.148,9,6.285
1.4,98,9216,0,1,1750,0.2,1,0,6.2195,9,6.5117
1.4,62,9216,1,1,1000,0.6,5,0,2.1362,9,3.7919
1.4,59,5312,1,1,2400,0.3,6,0,1.5783,9,4.2767
1.4,5,1600,1,1,800,0.4,3,0,1.8455,9,7.315
1.4,71,2624,0,0,4000,1,9,0,2.978,9,1.5111
1.4,77,1280,1,0,3350,0,3,0,1.6662,9,8.1023
1.4,35,2624,1,1,1250,0.5,7,0,1.1209,9,5.1616
1.4,38,6848,0,0,3800,0.9,9,0,2.881,9,1.5619
1.4,87,5248,1,0,2900,0.8,5,0,1.6322,9,4.9628
1.4,90,1664,1,0,2850,1,1,0,4.7471,9,8.5315
1.4,91,960,1,0,1050,0.8,6,0,0.89848,9,7.5126
1.4,30,1024,1,0,3100,0,6,0,0.80895,9,8.3442
1.4,69,7616,0,0,900,0.3,4,0,2.0949,9,4.8331
1.4,34,2624,1,1,2000,0.3,7,0,1.1168,9,5.1808
1.4,90,8768,1,1,2200,0,4,0,2.7053,9,3.7426
1.4,88,256,0,0,2650,0.5,3,0,1.8923,9,7.134
1.4,53,6848,1,1,3700,0.9,6,0,1.6566,9,4.0745
1.4,18,5504,1,1,1400,0.6,5,0,1.3895,9,5.8295
1.4,23,9984,1,1,3150,0.8,7,0,1.3387,9,4.3218
1.4,15,9152,0,1,1950,0.6,7,0,3.4586,9,1.6729
1.4,6,512,0,0,2600,0.3,6,0,1.3629,9,4.9527
1.4,1,832,1,0,2150,0.1,8,0,0.5742,9,8.8167
1.4,60,8960,1,1,2550,1,6,0,1.9327,9,3.4925
1.4,49,6656,1,0,600,1,9,0,1.026,9,4.3861
1.4,73,1920,0,0,3200,0.3,7,0,1.7425,9,3.3203
1.4,80,6208,1,1,1950,0.1,1,0,5.618,9,7.209
1.4,91,6656,0,1,800,0.1,2,0,3.4627,9,5.848
1.4,96,6144,0,0,550,0.7,9,0,1.6841,9,2.672
1.4,2,6784,0,1,3100,0.1,5,0,3.3933,9,2.3871
1.4,7,1344,1,0,2100,0.3,2,0,2.2753,9,8.9001
1.4,71,256,0,0,3750,0.7,2,0,2.6655,9,7.5972
1.4,33,6976,0,0,1500,0.8,5,0,1.6732,9,4.8411
1.4,75,4352,1,1,3150,0.5,5,0,1.7489,9,4.6316
1.4,1,8576,0,1,1550,0.8,7,0,2.8504,9,2.0298
1.4,55,6208,0,1,2050,0.8,4,0,3.3256,9,3.0446
1.4,50,7296,1,1,4000,1,7,0,1.5524,9,3.7269
1.4,25,9600,1,1,1750,0.1,2,0,2.9623,9,6.836
1.4,97,9280,1,0,2050,0.6,8,0,1.9959,9,2.5365
1.4,32,6464,0,1,1100,0.8,5,0,2.3425,9,3.4579
1.4,35,1408,1,0,300,0.5,1,0,4.5883,9,8.8268
1.4,2,6016,1,0,3150,0.2,7,0,0.67226,9,8.6064
1.4,15,5312,0,1,2100,0.5,9,0,4.1063,9,1.0959
1.4,78,6080,1,1,500,0,8,0,1.6451,9,3.0774
1.4,43,2432,1,1,2700,0.1,7,0,1.141,9,5.0705
1.4,55,9344,0,0,2700,0.5,4,0,2.4292,9,4.1681
1.4,50,2496,0,0,3650,0.6,2,0,2.8003,9,7.2315
1.4,50,4928,0,0,1900,0.8,5,0,1.8075,9,4.4812
1.4,1,2560,0,1,1250,0.3,2,0,2.6835,9,7.546
1.4,77,4736,1,1,2850,0.5,2,0,3.1594,9,6.4095
1.4,38,2112,0,0,1100,0.1,9,0,0.95359,9,4.719
1.4,61,7104,1,0,2050,0.3,7,0,1.3383,9,4.3232
1.4,93,6464,1,1,2400,0.9,7,0,1.9261,9,3.0039
1.4,27,1216,1,0,1550,0.6,5,0,0.96228,9,8.4175
1.4,53,4608,1,1,4000,1,5,0,1.619,9,5.0032
1.4,8,8832,0,1,3750,0.4,1,0,5.2783,9,7.673
1.4,66,7936,1,1,2700,0.2,6,0,1.9109,9,3.5324
1.4,63,3520,1,0,500,0.6,4,0,1.486,9,6.8138
1.4,22,768,0,1,1150,0.2,1,0,4.7173,9,8.5855
1.4,44,2368,0,1,1000,0.6,4,0,2.0472,9,4.9458
1.4,11,8192,0,1,3150,0,3,0,3.0977,9,4.358
1.4,98,6784,0,1,1150,0,2,0,3.6518,9,5.5453
1.4,40,9216,0,0,1600,0.9,10,0,1.9521,9,2.0746
1.4,21,7232,1,1,500,0,5,0,1.473,9,5.4991
1.4,68,1216,0,0,3400,0.1,4,0,1.7062,9,5.9342
1.4,40,6720,0,1,900,0.4,4,0,2.1874,9,4.6287
1.4,52,8256,0,0,3100,0.9,9,0,2.7845,9,1.6161
1.4,95,8064,1,0,3900,0.4,2,0,3.4714,9,5.8333
1.4,16,5568,0,0,3000,1,7,0,2.0557,9,2.8145
1.4,22,1408,0,0,900,0,7,0,0.87975,9,6.5765
1.4,50,8384,0,0,1750,0.3,6,0,1.8219,9,3.7049
1.4,46,7552,1,1,2050,0.5,6,0,1.632,9,4.1359
1.4,39,9152,1,1,2650,0.1,2,0,3.1471,9,6.4345
1.4,32,3392,1,1,1900,0.8,9,0,1.0045,9,4.48
1.4,97,6336,0,0,3150,0.3,9,0,2.5823,9,1.7427
1.4,83,2048,1,0,3300,1,2,0,2.5291,9,8.0068
1.4,38,6528,0,0,2850,0.3,7,0,1.8156,9,3.1867
1.4,84,6144,0,1,3850,0.3,9,0,7.2686,9,0.6191
1.4,8,5696,1,1,1500,0.5,6,0,1.1549,9,5.8446
1.4,93,2496,1,1,1100,0.2,1,0,5.1998,9,7.7887
1.4,53,6592,0,0,800,0,3,0,2.124,9,6.3561
1.4,58,4096,0,0,2500,1,10,0,2.3413,9,1.7298
1.4,7,2368,0,1,3950,0,5,0,3.961,9,2.0449
1.4,48,1408,0,0,3250,0.7,1,0,4.7723,9,8.4865
1.4,14,6400,0,0,3500,0.3,9,0,1.8761,9,2.3986
1.4,34,6976,1,1,3750,0.6,5,0,1.6078,9,5.0379
1.4,53,8832,0,0,2450,0,1,0,5.3154,9,7.6194
1.4,30,7616,1,0,1350,0.2,1,0,4.8716,9,8.3135
1.4,65,7104,1,1,2750,0.7,9,0,1.5628,9,2.8794
1.4,1,8832,0,1,3350,0.9,3,0,3.6106,9,3.739
1.4,9,128,1,1,3350,0.1,8,5.3995e-08,0.8972,9,5.6427
1.4,70,3776,1,0,2550,0.7,4,0,1.5532,9,6.5187
1.4,38,3584,1,0,2750,0.9,8,0,0.78818,9,6.423
1.4,21,5696,1,1,1450,0.1,3,0,2.022,9,6.6767
1.4,67,5504,0,1,1700,0.2,1,0,5.3625,9,7.5524
1.4,13,2816,1,1,3800,1,5,0,1.2907,9,6.2755
1.4,52,640,1,0,2100,0.6,6,0,0.81299,9,8.3027
1.4,31,7232,1,1,2050,0.5,7,0,1.3301,9,4.3497
1.4,9,1152,0,0,3500,0.5,7,0,1.7662,9,3.2758
1.4,21,7680,0,1,2600,0.5,8,0,4.6483,9,1.0891
1.4,93,9024,1,1,2950,0.7,4,0,2.7846,9,3.6361
1.4,52,4416,0,1,450,0.1,9,0,1.5126,9,2.9749
1.4,85,2368,0,0,950,0.3,1,0,4.8561,9,8.3401
1.4,77,2752,0,0,2300,0.5,8,0,1.7306,9,2.9253
1.4,96,1280,1,0,3950,0.5,2,0,2.4546,9,8.2497
1.4,5,2752,0,1,900,0.4,1,0,4.6814,9,8.6512
1.4,80,3584,1,0,2300,0.1,3,0,1.9636,9,6.875
1.4,66,9664,1,1,2550,0.6,8,0,1.9037,9,2.6593
1.4,38,7872,0,1,3700,0.6,2,0,4.1363,9,4.8957
1.4,18,1792,1,0,450,0.9,2,0,2.3114,9,8.761
1.4,83,5888,0,0,600,0.5,9,0,1.5168,9,2.9668
1.4,10,6976,0,1,1950,0.5,9,0,3.8442,9,1.1706
1.4,4,8576,0,0,2750,0.3,5,0,1.491,9,5.4326
1.4,43,8064,1,0,3100,0.5,8,0,1.121,9,4.5159
1.4,36,9984,1,1,300,0.2,8,0,1.4636,9,3.459
1.4,44,4992,0,0,450,1,3,0,1.9301,9,6.9943
1.4,100,9088,1,1,2400,0.2,4,0,2.8945,9,3.498
1.4,44,4736,1,1,1950,0.7,10,0,1.1123,9,3.6411
1.4,9,4160,1,1,1400,0.3,2,0,2.6421,9,7.6645
1.4,15,1856,0,0,2900,0.5,9,0,1.726,9,2.6072
1.4,44,3648,0,1,350,0.3,2,0,2.6222,9,7.7226
1.4,61,9280,0,1,1800,1,5,0,3.7257,9,2.1741
1.4,8,7232,0,1,2500,0.1,1,0,4.9909,9,8.1147
1.4,68,4352,0,0,1350,0.3,6,0,1.5333,9,4.4023
1.4,23,9984,0,0,1250,0.4,4,0,1.6984,9,5.9613
1.4,83,5056,0,1,2050,1,8,0,4.7498,9,1.0658
1.4,89,5888,0,1,1800,0.3,8,0,3.8648,9,1.3099
1.4,84,8192,0,1,1900,0.4,8,0,4.3567,9,1.162
1.4,98,7168,0,1,1000,0.7,4,0,3.0155,9,3.3577
1.4,16,7040,1,1,3650,0.3,1,0,5.0109,9,8.0823
1.4,86,3456,1,0,750,0.8,4,0,1.6052,9,6.3075
1.4,11,9856,0,1,900,0.3,10,0,2.1696,9,1.8667
1.4,90,6656,1,0,2850,0.5,3,0,2.4574,9,5.4937
1.4,36,1856,1,0,3500,0.3,8,0,0.67851,9,7.4612
1.4,85,8640,1,1,1750,0.2,5,0,2.3938,9,3.3837
1.4,46,4864,0,0,1600,0.4,3,0,2.0566,9,6.5641
1.4,63,896,1,0,2100,0.1,7,0,0.74247,9,7.7925
1.4,58,1536,0,1,2200,0.8,8,0,4.2645,9,1.1871
1.4,18,3072,0,1,1100,0.6,3,0,2.2118,9,6.1035
1.4,67,7744,1,1,1550,0.7,1,0,5.6531,9,7.1642
1.4,10,6912,1,0,850,0,1,0,4.6197,9,8.7669
1.4,91,4352,0,1,3300,0.5,4,0,4.1801,9,2.4222
1.4,35,9024,0,1,1950,0.6,10,0,4.6659,9,0.868
1.4,66,6592,1,1,2700,0.7,3,0,2.5207,9,5.3558
1.4,20,2944,1,1,3550,0.3,3,0,1.926,9,7.0095
1.4,27,5760,1,1,750,0.1,3,0,2.0787,9,6.4944
1.4,80,5120,1,0,1450,1,5,0,1.5579,9,5.1993
1.4,47,4608,1,0,2800,0.4,8,0,0.91526,9,5.5312
1.4,6,1216,1,0,2050,0,5,0,0.92192,9,8.7861
1.4,18,3328,0,1,1850,0.7,10,0,4.1827,9,0.96828
1.4,11,4928,1,0,2600,0.9,9,0,0.59608,9,7.5494
1.4,36,1728,1,1,1250,0.8,8,0,0.99371,9,5.0945
1.4,46,5056,0,1,550,1,2,0,2.8561,9,7.0902
1.4,77,4928,1,0,950,0.7,9,0,1.1102,9,4.0532
1.4,85,2816,0,0,3900,0.7,5,0,2.2803,9,3.5522
1.4,55,2944,0,1,2150,1,7,0,4.1313,9,1.4005
1.4,89,8512,0,1,1800,0.9,3,0,3.8262,9,3.5283
1.4,58,1472,0,0,2800,0.4,4,0,1.733,9,5.8426
1.4,98,6720,0,1,950,0.4,9,0,3.0622,9,1.4696
1.4,1,6016,1,0,3350,0.1,8,0,0.58239,9,8.6926
1.4,17,448,0,1,3700,0.3,1,0,5.1439,9,7.8734
1.4,69,9792,0,0,3100,0.4,4,0,2.7186,9,3.7243
1.4,80,7616,0,0,3450,0,8,0,2.355,9,2.1497
1.4,65,6336,0,1,1450,1,2,0,3.518,9,5.756
1.4,57,1344,1,1,700,0.5,6,0,1.204,9,5.6064
1.4,15,9216,1,1,3150,0.4,1,0,5.0514,9,8.0176
1.4,33,384,1,0,1900,0.5,9,0,0.53041,9,8.4839
1.4,12,7104,0,0,2950,0.1,7,0,1.4607,9,3.961
1.4,22,5504,1,0,3950,0.7,8,0,0.7643,9,6.6237
1.4,35,4032,1,0,1800,0.8,6,0,0.98347,9,6.8634
1.4,16,1728,0,0,1750,0.4,6,0,1.2367,9,5.458
1.4,94,384,1,1,1700,0,10,0,0.83993,9,4.8218
1.4,90,7360,0,0,3450,0.8,6,0,2.9228,9,2.3094
1.4,22,9536,0,1,1750,0,6,0,2.6953,9,2.5044
1.4,29,9472,1,0,800,0.6,6,0,1.1946,9,5.6503
1.4,78,2496,1,1,1500,0.9,2,0,2.8906,9,7.0054
1.4,60,1408,1,0,2500,0,2,0,2.3939,9,8.4589
1.4,20,5504,1,0,750,0.3,1,0,4.6844,9,8.6457
1.4,7,448,1,1,2450,0.2,8,0,0.90033,9,5.6229
1.4,78,5504,1,0,1800,0.1,7,0,1.3319,9,4.3439
1.4,89,1600,0,1,2350,0.5,8,0,4.2511,9,1.1909
1.4,89,1152,1,0,1000,0,1,0,4.6725,9,8.6678
1.4,52,3584,0,1,1250,0.8,1,0,5.0471,9,8.0245
1.4,71,8576,0,1,2350,0.4,7,0,4.5338,9,1.2761
1.4,20,1920,1,1,500,0.7,6,0,1.1436,9,5.9025
1.4,17,640,0,0,2450,0,7,0,1.1743,9,4.9269
1.4,11,896,1,0,300,0.6,3,0,1.526,9,8.8469
1.4,39,3072,0,0,450,0.8,5,0,1.2098,9,6.6953
1.4,61,3392,0,1,3550,0.5,9,0,6.7071,9,0.67093
1.4,62,7104,0,0,2800,0.8,6,0,2.3619,9,2.8579
1.4,73,4672,0,0,2700,0.9,5,0,2.216,9,3.6552
1.4,43,7936,0,0,800,0.6,1,0,5.0774,9,7.9766
1.4,69,9472,1,0,750,0.3,10,0,1.4936,9,2.7116
1.4,81,5824,1,1,3800,0.7,4,0,2.2036,9,4.5947
1.4,4,9728,0,1,2950,0,9,0,4.6381,9,0.97023
1.4,63,9984,0,0,3950,0.8,8,0,3.2789,9,1.5439
1.4,74,1152,1,1,400,0.8,2,0,2.7176,9,7.4513
1.4,78,7872,0,0,950,0.6,7,0,1.9365,9,2.9877
1.4,51,2624,0,0,1800,0.3,1,0,4.7832,9,8.4671
1.4,20,1856,0,1,1050,1,2,0,2.7607,9,7.335
1.4,41,4160,1,0,3650,0,7,0,0.92287,9,6.2693
1.4,94,6400,1,1,1650,0.9,7,0,1.9268,9,3.0028
1.4,71,9600,0,1,950,0.4,4,0,2.8812,9,3.5141
1.4,67,9856,1,0,1950,0,4,0,2.1793,9,4.646
1.4,34,9280,0,1,3000,0.2,4,0,3.6104,9,2.8044
1.4,12,1408,1,1,1750,0,4,0,1.4846,9,6.8201
1.4,58,5376,0,1,1100,0.5,7,0,2.5473,9,2.2714
1.4,100,8448,0,0,350,0.6,3,0,2.8846,9,4.68
1.4,44,896,1,0,2250,0.1,9,0,0.57271,9,7.8574
1.4,48,6336,1,1,2550,0.1,8,0,1.3762,9,3.6787
1.4,15,6208,0,1,2550,0.3,2,0,3.2727,9,6.1876
1.4,26,4736,0,0,2200,1,5,0,1.7627,9,4.5952
1.4,47,3968,1,0,3200,0.4,7,0,0.94806,9,6.1027
1.4,55,5440,0,1,900,0.2,8,0,2.2276,9,2.2726
1.4,16,7808,0,0,750,0.5,2,0,2.5154,9,8.0504
1.4,41,9408,0,0,3700,1,2,0,3.3065,9,6.1243
1.4,4,3904,1,1,2100,0.7,2,0,2.6076,9,7.7659
1.4,71,5696,1,1,250,0.4,3,0,2.4722,9,5.4607
1.4,5,8128,1,0,1050,0.3,6,0,0.82463,9,8.1855
1.4,26,2624,1,0,200,0.5,3,0,1.6182,9,8.3424
1.4,86,6464,0,1,2350,0.1,6,0,3.8795,9,1.7399
1.4,29,9344,0,0,3700,0.1,5,0,1.9402,9,4.1749
1.4,36,5120,0,0,2800,0.7,6,0,1.9045,9,3.5442
1.4,3,7168,0,0,2250,0.6,5,0,1.4783,9,5.4794
1.4,55,9152,0,0,3150,0.6,2,0,3.3499,9,6.0449
1.4,63,1024,1,1,1250,0.6,10,0,0.88486,9,4.577
1.4,35,5760,1,1,3650,0.9,8,0,1.2141,9,4.1699
1.4,97,9664,0,1,700,0.8,1,0,6.1228,9,6.6146
1.4,1,3136,0,0,1200,0,9,0,0.82792,9,5.4353
1.4,90,960,1,1,3800,0.1,10,0,0.91946,9,4.4048
1.4,90,7104,0,0,350,0.2,5,0,1.9749,9,4.1015
1.4,5,6976,1,0,1700,0.6,7,0,0.70838,9,8.1676
1.4,15,7744,1,0,3050,0.4,5,0,1.094,9,7.4039
1.4,37,3264,0,0,1700,0.5,9,0,1.3852,9,3.2486
1.4,25,192,0,0,450,0,7,0,0.7446,9,7.7703
1.4,68,3136,1,0,850,0.8,9,0,0.84749,9,5.3098
1.4,82,8320,1,0,1050,0.5,8,0,1.6514,9,3.0656
1.4,43,1536,1,1,600,0.2,10,0,0.88728,9,4.5645
1.4,3,7040,0,1,3500,0.9,4,0,4.0825,9,2.4801
1.4,63,3008,0,1,800,0.5,9,0,2.1192,9,2.1234
1.4,67,4032,0,0,1000,0.3,9,0,1.28,9,3.5155
1.4,55,1664,0,1,2600,0.7,10,0,5.7,9,0.71052
1.4,42,2432,0,0,650,0.6,10,0,0.92319,9,4.387
1.4,18,640,1,0,1200,0,1,0,4.5286,9,8.9432
1.4,39,8896,1,0,2100,0.1,4,0,1.6838,9,6.013
1.4,59,2176,0,1,300,1,9,0,1.2787,9,3.5192
1.4,31,5824,0,0,200,0.3,4,0,1.4408,9,7.0273
1.4,71,9408,0,1,3100,1,8,0,6.949,9,0.72852
1.4,1,2816,0,0,1650,0.7,6,0,1.265,9,5.3361
1.4,92,6720,0,1,1050,0.2,5,0,2.7444,9,2.9515
1.4,20,1472,0,0,1750,0.2,4,0,1.4232,9,7.1141
1.4,51,9216,1,0,1750,1,10,0,1.2034,9,3.3655
1.4,82,6656,0,0,1700,0,10,0,1.8233,9,2.2212
1.4,41,4352,1,1,3000,0.5,6,0,1.3649,9,4.9453
1.4,86,4160,1,0,350,0.4,7,0,1.2188,9,4.7471
1.4,87,5632,0,1,2100,0.1,3,0,3.2774,9,4.1191
1.4,20,5632,1,1,2900,0.5,6,0,1.2609,9,5.3532
1.4,33,9664,0,1,3550,0.8,10,0,8.1418,9,0.49744
1.4,47,2880,0,1,3050,0.3,1,0,5.24,9,7.729
1.4,64,9408,1,1,2900,0.1,4,0,2.4097,9,4.2017
1.4,57,2304,1,0,2850,0.8,2,0,2.468,9,8.2051
1.4,69,6976,0,0,750,0.5,4,0,2.0213,9,5.009
1.4,64,640,0,1,1350,0.4,4,0,2.1458,9,4.7185
1.4,24,9152,1,0,3000,0.9,1,0,4.8576,9,8.3374
1.4,90,6784,1,1,3050,0.2,10,0,1.7481,9,2.3168
1.4,3,960,1,0,2450,0.9,9,0,0.51493,9,8.739
1.4,60,9088,1,1,3100,0.8,9,0,1.6949,9,2.6551
1.4,66,5568,1,1,200,0.3,4,0,2.0388,9,4.9661
1.4,89,9664,0,1,1600,0.4,9,0,4.4236,9,1.0173
1.4,94,9152,0,0,3500,0.4,10,0,3.2883,9,1.2317
1.4,85,4032,0,0,1750,0.9,3,0,2.346,9,5.7545
1.4,26,7040,0,0,2050,0.9,5,0,1.7786,9,4.554
1.4,97,2560,1,1,3650,0.8,9,0,1.2254,9,3.6722
1.4,43,6656,1,1,200,0.1,9,0,1.2853,9,3.5011
1.4,6,192,0,0,2900,0.2,9,2.4642e-07,1.4475,9,3.1089
1.4,52,7488,1,0,1350,0.1,7,0,1.2688,9,4.5601
1.4,61,6848,0,1,2650,0.8,6,0,4.6324,9,1.4571
1.4,38,8512,1,0,2750,0.4,7,0,1.1646,9,4.9681
1.4,59,1536,1,0,1450,0,6,0,0.90364,9,7.4698
1.4,34,2560,1,1,1650,0.5,2,0,2.7205,9,7.4436
1.4,62,6208,1,1,2100,0.8,8,0,1.5038,9,3.3664
1.4,100,4928,0,0,400,0.3,7,0,1.5311,9,3.7789
1.4,55,832,1,0,2600,1,6,0,0.83272,9,8.106
1.4,78,5504,0,0,1700,0.8,3,0,2.4566,9,5.4953
1.4,26,9152,1,1,750,0.5,3,0,2.209,9,6.1113
1.4,38,9344,1,0,1900,0.3,4,0,1.6967,9,5.9675
1.4,78,6912,0,1,950,0.4,5,0,2.595,9,3.1214
1.4,7,9664,1,0,3700,0.7,2,0,2.3673,9,8.554
1.4,79,1856,0,0,1000,0.5,4,0,1.5372,9,6.5866
1.4,7,512,0,1,3450,0.8,9,0,6.7965,9,0.6621
1.4,95,2496,0,0,3950,1,7,0,2.691,9,2.15
1.4,100,5952,0,0,2800,0.7,4,0,2.6402,9,3.8349
1.4,46,6976,0,0,1600,0.8,10,0,1.8279,9,2.2157
1.4,9,9024,1,1,1250,0.7,1,0,4.9613,9,8.1632
1.4,99,9024,1,1,2800,0.5,9,0,2.2452,9,2.0043
1.4,63,8832,0,1,3900,0,2,0,4.3254,9,4.6817
1.4,66,2496,1,0,1750,0.5,1,0,4.7708,9,8.4891
1.4,70,5760,1,0,300,0.6,6,0,1.3978,9,4.8291
1.4,79,6720,1,1,2300,0.6,10,0,1.6221,9,2.4967
1.4,13,3264,0,1,3250,0.2,3,0,3.1855,9,4.238
1.4,98,9728,0,1,3300,0.6,3,0,4.8946,9,2.7581
1.4,74,384,1,1,2200,0.7,6,0,1.1278,9,5.9851
1.4,87,3008,0,0,1100,0.4,6,0,1.4417,9,4.6821
1.4,60,7040,0,0,2650,0.9,3,0,2.6258,9,5.1414
1.4,44,9920,0,1,300,0.1,7,0,1.6649,9,3.4751
1.4,61,6656,0,0,950,0.3,8,0,1.5011,9,3.3726
1.4,11,5824,1,0,450,0.1,1,0,4.6117,9,8.7821
1.4,29,2368,1,0,2600,0.5,8,0,0.68144,9,7.4291
1.4,96,1984,1,1,1400,0.8,7,0,1.2768,9,4.5313
1.4,91,4224,0,1,1450,1,10,0,4.1711,9,0.97097
1.4,76,1664,1,1,1700,0.1,6,0,1.2828,9,5.262
1.4,64,7936,0,0,3600,0.7,6,0,2.6636,9,2.5342
1.4,94,3136,1,0,3800,0.2,6,0,1.2264,9,5.504
1.4,88,6848,0,1,1600,1,8,0,4.2669,9,1.1865
1.4,6,4544,1,0,1300,0.4,9,0,0.55348,9,8.1303
1.4,85,5824,1,1,1500,0,8,0,1.678,9,3.0171
1.4,38,1088,1,0,3950,1,5,0,0.97574,9,8.3014
1.4,10,8128,1,1,300,0.7,4,0,1.5864,9,6.3825
1.4,90,8512,0,0,3200,0.4,8,0,2.8542,9,1.7737
1.4,80,2880,1,1,3250,0.1,6,0,1.4471,9,4.6645
1.4,29,8832,1,1,3850,0.6,2,0,2.9878,9,6.7776
1.4,60,9344,1,1,3450,0.5,2,0,3.4692,9,5.8372
1.4,77,7040,0,0,3450,0.3,10,0,2.6577,9,1.5239
1.4,18,3968,1,0,500,0.9,7,0,0.76615,9,7.5517
1.4,95,2240,1,0,3400,0.8,4,0,1.4718,9,6.8794
1.4,17,8640,0,0,1000,0.2,1,0,4.7701,9,8.4904
1.4,2,7552,1,1,3350,0.2,8,0,0.91925,9,5.5072
1.4,70,192,1,0,350,0.4,4,1.09e-07,1.1566,9,8.7538
1.4,67,5440,1,1,800,0.3,2,0,3.1591,9,6.4101
1.4,36,704,1,1,2850,0.3,4,0,1.4979,9,6.7593
1.4,83,2048,0,0,2500,0.3,1,0,4.8666,9,8.322
1.4,81,192,0,1,950,1,6,1.6351e-07,1.9988,9,3.377
1.4,6,9472,0,0,2350,0.9,8,0,1.7368,9,2.9149
1.4,62,384,1,1,3200,0.2,6,0,1.1205,9,6.024
1.4,76,640,0,0,2850,0.1,10,0,1.4688,9,2.7574
1.4,12,3968,0,0,2550,0.8,3,0,1.992,9,6.7771
1.4,41,9152,0,1,400,0.8,6,0,1.8308,9,3.6868
1.4,2,9024,0,0,3650,0,7,0,1.437,9,4.0263
1.4,27,1856,1,0,1700,0.6,5,0,0.9896,9,8.1851
1.4,58,4864,0,1,300,0.2,3,0,2.0981,9,6.4343
1.4,90,5056,0,1,2050,0.5,5,0,3.5096,9,2.3079
1.4,69,2368,1,1,2300,0.5,7,0,1.234,9,4.6885
1.4,70,8832,0,1,1100,0.5,9,0,3.3049,9,1.3616
1.4,6,6912,0,0,550,0.6,8,0,0.8385,9,6.0376
1.4,57,960,0,1,3850,0.7,5,0,4.7697,9,1.6982
1.4,16,1600,1,0,1700,0.7,10,0,0.50085,9,8.0862
1.4,43,2560,1,0,2550,0.4,10,0,0.6344,9,6.384
1.4,78,5248,1,1,3700,0.9,5,0,1.88,9,4.3086
1.4,87,1152,0,1,550,0.9,8,0,1.6434,9,3.0805
1.4,69,4288,1,0,3200,0.5,5,0,1.3781,9,5.8776
1.4,13,4096,1,1,3700,0.8,4,0,1.542,9,6.5659
1.4,59,6720,0,1,2050,0.2,10,0,4.4744,9,0.90516
1.4,3,4096,1,0,1450,0.4,1,0,4.5298,9,8.9408
1.4,21,9792,0,1,2350,0.6,10,0,5.2488,9,0.77161
1.4,37,9280,0,1,4000,0.4,6,0,5.5657,9,1.2128
1.4,14,9792,1,0,2600,1,9,0,0.7271,9,6.189
1.4,79,4352,1,0,2500,0.6,4,0,1.6789,9,6.0308
1.4,50,4032,0,1,1600,0.7,2,0,3.1988,9,6.3306
1.4,11,576,1,0,1550,0.9,2,0,2.2704,9,8.9191
1.4,21,2240,0,1,3450,0.6,3,0,3.5415,9,3.8119
1.4,21,5952,1,0,350,0.5,7,0,0.85083,9,6.8001
1.4,8,9536,0,1,700,1,8,0,1.8905,9,2.6779
1.4,75,4160,0,0,3400,0.2,4,0,2.11,9,4.7986
1.4,95,9856,0,0,700,0.6,3,0,3.0818,9,4.3805
1.4,82,2048,1,1,2800,0.7,9,0,1.0984,9,4.097
1.4,5,384,0,0,3200,1,5,0,1.8749,9,4.3202
1.4,10,9472,1,0,2050,0.7,10,0,0.61012,9,6.638
1.4,51,7488,0,1,2250,0.1,6,0,3.5108,9,1.9227
1.4,62,4608,0,0,2350,0.9,2,0,2.9721,9,6.8134
1.4,38,8000,1,0,3200,0.9,1,0,4.991,9,8.1147
1.4,41,1152,1,0,2750,0.5,10,0,0.53505,9,7.5694
1.4,25,7680,1,0,200,0.1,5,0,1.2139,9,6.6727
1.4,99,8704,1,1,1800,0.1,8,0,2.2576,9,2.2424
1.4,73,2240,0,0,3900,0.1,4,0,1.8978,9,5.3352
1.4,19,5888,1,0,700,0.7,3,0,1.6872,9,8.0013
1.4,4,512,1,0,2350,0,1,0,4.5136,9,8.9728
1.4,23,9856,0,0,2700,0.8,2,0,2.9051,9,6.9706
1.4,90,5184,1,0,1950,1,2,0,2.9979,9,6.7546
1.4,72,5504,0,1,1950,0.2,10,0,4.3054,9,0.94067
1.4,73,3136,1,1,3350,0.9,8,0,1.2573,9,4.0266
1.4,40,768,0,1,1100,1,2,0,2.7675,9,7.3171
1.4,96,384,1,0,950,1,3,0,1.5687,9,8.6061
1.4,27,5120,1,0,400,1,7,0,0.87177,9,6.6367
1.4,84,3712,1,1,3500,1,6,0,1.5758,9,4.2836
1.4,77,7936,1,1,1550,0,7,0,1.9417,9,2.9797
1.4,83,4480,0,0,600,0.5,9,0,1.332,9,3.3783
1.4,24,7104,1,1,1000,0.3,7,0,1.2453,9,4.6462
1.4,44,4864,0,1,3150,0.3,5,0,3.9436,9,2.0539
1.4,79,1600,1,0,500,0.5,7,0,0.85306,9,6.7823
1.4,57,5312,0,0,3450,0.9,3,0,2.5717,9,5.2495
1.4,65,2496,1,1,2100,0.4,10,0,1.0393,9,3.8967
1.4,1,6720,1,0,1250,0.1,7,0,0.66386,9,8.7153
1.4,93,8064,0,0,1200,0.5,5,0,2.356,9,3.438
1.4,83,4992,1,0,2650,0.6,3,0,2.1654,9,6.2345
1.4,23,7616,0,0,300,0.7,3,0,1.8223,9,7.4082
1.4,65,1792,0,0,3650,0,1,0,4.7933,9,8.4493
1.4,51,1664,0,1,200,0.7,5,0,1.2332,9,6.5683
1.4,12,9344,1,0,200,0.3,9,0,0.68764,9,6.5441
1.4,38,8448,1,1,2550,0.6,10,0,1.2904,9,3.1387
1.4,84,8384,0,0,2800,0,1,0,5.6962,9,7.11
1.4,70,5312,1,0,3200,0.4,5,0,1.4982,9,5.4065
1.4,93,2560,0,1,3550,0.8,7,0,6.0544,9,0.95562
1.4,13,4480,0,1,2700,0.1,10,0,4.8558,9,0.83405
1.4,16,5888,1,1,2750,0.6,1,0,4.9818,9,8.1296
1.4,76,3968,0,0,3250,1,8,0,2.615,9,1.9359
1.4,100,1728,1,0,1200,0.2,1,0,4.7836,9,8.4665
1.4,39,256,0,1,2250,0.4,2,0,3.0626,9,6.6121
1.4,86,8704,0,1,1600,1,6,0,4.0028,9,1.6863
1.4,81,7872,1,0,650,0.4,8,0,1.5809,9,3.2023
1.4,27,3392,1,0,1000,0.9,7,0,0.79802,9,7.2501
1.4,42,9536,1,1,1400,0.5,1,0,5.466,9,7.4094
1.4,63,2688,0,0,700,0.1,4,0,1.4869,9,6.8096
1.4,87,6528,1,0,3150,0.5,9,0,1.4082,9,3.1956
1.4,66,4352,1,0,3050,0.4,8,0,1.027,9,4.9296
1.4,16,3392,1,0,500,0,3,0,1.5962,9,8.4577
1.4,78,7936,1,1,2900,0.3,9,0,1.8114,9,2.4842
1.4,25,5504,0,1,3900,0.5,2,0,3.9034,9,5.1878
1.4,44,9280,1,0,3250,0.7,10,0,1.1059,9,3.6623
1.4,89,1792,1,0,2200,0.5,10,0,0.71251,9,5.6841
1.4,59,9664,1,0,650,0.5,10,0,1.3617,9,2.9741
1.4,90,2816,0,0,1700,1,6,0,1.7699,9,3.8137
1.4,2,9216,0,0,1500,0.4,3,0,1.7171,9,7.8622
1.4,4,5440,1,0,3700,0.6,2,0,2.2948,9,8.8244
1.4,2,7424,0,0,850,0.5,8,0,0.89393,9,5.6632
1.4,56,2432,0,0,3700,0.4,9,0,2.1186,9,2.1241
1.4,75,9600,1,0,700,0.8,10,0,1.5986,9,2.5335
1.4,1,9216,1,0,2050,0.6,3,0,1.525,9,8.8527
1.4,44,6144,0,0,3350,0.4,8,0,2.1193,9,2.3888
1.4,25,8000,1,0,3600,0.4,10,0,0.77655,9,5.2154
1.4,22,1664,1,0,3900,0.6,3,0,1.5683,9,8.6083
1.4,26,704,0,0,800,0.6,1,0,4.5668,9,8.8683
1.4,7,5440,1,0,2200,0.5,9,0,0.57058,9,7.8867
1.4,82,768,0,0,700,0.4,10,0,0.84251,9,4.807
1.4,30,1088,0,1,3900,0.7,10,0,8.1594,9,0.49636
1.4,41,960,0,1,2500,0,8,0,3.6979,9,1.369
1.4,58,3968,1,1,4000,0.8,5,0,1.5967,9,5.073
1.4,29,4864,0,1,250,0,2,0,2.5502,9,7.9406
1.4,50,704,0,0,1950,0.8,8,0,1.47,9,3.4439
1.4,50,9088,1,0,450,0.4,4,0,1.8537,9,5.462
1.4,56,1152,1,0,1600,0,3,0,1.6124,9,8.3728
1.4,84,6912,1,1,2400,0.3,5,0,2.1507,9,3.7662
1.4,96,9408,1,1,1800,1,8,0,2.3231,9,2.1792
1.4,54,9984,0,0,2450,0.8,9,0,2.5567,9,1.7601
1.4,34,7488,0,1,1050,0.2,8,0,2.3595,9,2.1456
1.4,79,704,1,1,3600,0.5,10,0,0.87079,9,4.6509
1.4,33,1792,1,0,3450,0.1,1,0,4.6039,9,8.797
1.4,35,3520,0,0,3800,0,6,0,1.6278,9,4.1466
1.4,47,704,0,0,1600,0.7,7,0,1.2694,9,4.5577
1.4,71,9984,0,0,350,0.7,8,0,1.826,9,2.7724
1.4,12,5888,1,1,1900,1,9,0,0.94457,9,4.7641
1.4,39,8832,1,0,1750,0.9,4,0,1.6799,9,6.0271
1.4,47,9600,0,0,2600,0.9,7,0,2.403,9,2.4077
1.4,23,9664,1,0,2800,0.1,1,0,4.8618,9,8.3303
1.4,40,768,1,0,3700,0.2,6,0,0.80895,9,8.3442
1.4,35,5056,0,0,1300,0,6,0,1.2627,9,5.3457
1.4,55,256,1,0,1050,0.4,2,0,2.2826,9,8.8713
1.4,59,9920,0,1,3950,0.9,3,0,4.9004,9,2.7549
1.4,65,1408,1,0,2250,0.1,4,0,1.2801,9,7.9098
1.4,52,5312,1,0,2050,0.8,6,0,1.197,9,5.6389
1.4,83,960,0,1,400,0.7,9,0,1.331,9,3.3809
1.4,37,384,0,1,1850,0.8,3,0,2.6501,9,5.0941
1.4,96,9152,1,1,950,0.9,8,0,2.2843,9,2.2162
1.4,4,4160,1,0,2600,0.2,2,0,2.2867,9,8.8556
1.4,1,192,0,0,3500,0.6,8,2.6784e-06,1.9135,9,2.6456
1.4,73,7744,0,1,3900,1,5,0,5.9829,9,1.3539
1.4,32,6272,1,0,3950,1,8,0,0.89016,9,5.6872
1.4,36,7168,1,1,2250,0.2,3,0,2.2408,9,6.0246
1.4,55,6528,1,1,3300,0.6,10,0,1.3505,9,2.999
1.4,20,8640,0,0,1850,0.7,6,0,1.5937,9,4.2354
1.4,2,6592,0,0,3900,0,2,0,2.5038,9,8.0878
1.4,54,8512,0,0,1000,0.2,4,0,1.9946,9,5.0763
1.4,54,640,1,0,1600,0.6,5,0,0.96502,9,8.3936
1.4,71,640,0,1,2350,0.2,6,0,3.1551,9,2.1394
1.4,97,2496,0,0,300,0.6,7,0,1.1273,9,5.1326
1.4,38,8448,1,1,1150,0.1,1,0,5.3404,9,7.5838
1.4,30,4032,1,1,1250,1,6,0,1.2741,9,5.2979
1.4,49,9728,1,0,1450,0.5,6,0,1.5139,9,4.4586
1.4,97,9664,1,0,3350,0.5,6,0,2.2423,9,3.0103
1.4,46,4800,0,0,1850,0.2,4,0,1.7408,9,5.8165
1.4,36,9280,1,0,200,1,10,0,0.98851,9,4.0971
1.4,6,4544,0,1,950,0.9,6,0,1.9873,9,3.3965
1.4,61,1600,0,0,2900,1,5,0,1.9324,9,4.1917
1.4,54,1920,1,1,4000,0.4,1,0,4.9968,9,8.1052
1.4,44,7552,0,1,1200,0.3,1,0,5.2281,9,7.7467
1.4,58,2496,1,1,2850,0.6,6,0,1.3117,9,5.1459
1.4,55,4544,0,1,800,0.2,1,0,5.0304,9,8.0511
1.4,89,2688,0,1,700,0.7,10,0,2.2041,9,1.8375
1.4,3,5440,1,1,2450,0.9,10,0,0.80867,9,5.0082
1.4,63,9088,1,0,850,0.4,1,0,5.4155,9,7.4786
1.4,15,6976,1,0,3000,0.3,4,0,1.3008,9,7.7837
1.4,69,448,0,0,2900,0.4,4,0,1.6656,9,6.0788
1.4,63,384,0,0,3200,0.3,10,0,1.7415,9,2.3256
1.4,39,192,0,1,500,0.2,9,2.4642e-07,1.2561,9,3.5825
1.4,40,2240,1,1,3650,0.7,5,0,1.3745,9,5.893
1.4,12,1408,0,1,2850,0.5,7,0,4.3383,9,1.3337
1.4,21,9024,1,1,600,1,1,0,5.1324,9,7.891
1.4,19,6144,0,0,400,0.9,9,0,0.89123,9,5.0492
1.4,78,4736,1,0,2850,0.9,7,0,1.2372,9,4.6764
1.4,42,4672,0,0,600,0.7,8,0,1.1169,9,4.5327
1.4,20,640,1,1,3750,0.1,3,0,1.8531,9,7.2851
1.4,91,9920,1,0,3450,0.4,3,0,2.9374,9,4.5958
1.4,13,9984,0,1,1400,0.6,6,0,2.5597,9,2.637
1.4,45,1280,1,0,350,0.6,2,0,2.3514,9,8.6117
1.4,16,5312,1,1,3650,0.2,4,0,1.5922,9,6.359
1.4,15,2368,0,0,2400,0.5,4,0,1.6166,9,6.263
1.4,24,4480,0,0,2550,0.2,10,0,1.5393,9,2.631
1.4,43,8896,1,1,3600,0.2,4,0,2.0626,9,4.9089
1.4,78,6912,0,0,200,0.2,3,0,2.3752,9,5.6838
1.4,96,512,1,1,1350,0.3,5,0,1.3106,9,6.1805
1.4,83,6656,0,1,3550,0.1,2,0,4.2536,9,4.7607
1.4,70,640,0,0,2000,1,6,0,1.5489,9,4.3579
1.4,70,7936,0,0,3750,0.8,9,0,3.2166,9,1.399
1.4,10,3328,0,0,950,0.1,9,0,0.83432,9,5.3936
1.4,47,9600,1,0,1950,0.9,3,0,2.2237,9,6.0711
1.4,70,3200,1,0,3000,0,7,0,1.0073,9,5.7435
1.4,46,5312,1,1,2100,0.6,4,0,1.8442,9,5.4903
1.4,44,3264,1,1,2150,0.4,5,0,1.4599,9,5.5483
1.4,49,9600,1,0,3150,1,3,0,2.254,9,5.9893
1.4,100,7936,1,1,650,0.1,9,0,2.0874,9,2.1558
1.4,55,8640,0,0,850,0.2,6,0,1.6854,9,4.005
1.4,84,512,0,1,2250,1,10,0,5.3557,9,0.75621
1.4,27,3136,0,1,1150,0.5,4,0,2.1025,9,4.8156
1.4,4,4032,1,1,950,0.8,3,0,1.8584,9,7.2644
1.4,50,1472,0,1,1150,0.5,7,0,2.241,9,2.5818
1.4,42,3328,1,1,3900,1,2,0,2.8038,9,7.2222
1.4,64,8448,1,0,1100,0.1,3,0,2.3651,9,5.708
1.4,77,3520,0,0,1200,0.5,10,0,1.4227,9,2.8466
1.4,45,8320,0,0,2700,0.9,4,0,2.3362,9,4.334
1.4,80,2560,0,1,2050,0.1,10,0,4.0438,9,1.0015
1.4,82,6336,0,1,3150,0.4,2,0,4.1942,9,4.8281
1.4,24,3776,0,0,1200,0.2,1,0,4.6887,9,8.6379
1.4,10,960,1,1,2750,0.8,7,0,0.9909,9,5.8388
1.4,58,4992,0,1,1650,0.2,1,0,5.2326,9,7.7399
1.4,97,6208,1,0,1850,0.9,7,0,1.6052,9,3.6044
1.4,6,6848,1,0,2700,0.4,4,0,1.2003,9,8.4351
1.4,100,5056,1,0,3200,0.2,3,0,2.3097,9,5.845
1.4,62,2368,0,1,250,0.2,7,0,1.1667,9,4.959
1.4,49,5312,1,1,3600,0.9,6,0,1.4943,9,4.517
1.4,5,2688,1,0,1400,0.9,6,0,0.78163,9,8.6358
1.4,8,9984,0,0,900,1,10,0,1.1205,9,3.6143
1.4,94,4096,0,1,1050,0.4,4,0,2.4799,9,4.0829
1.4,39,1984,0,1,1600,0,10,0,3.031,9,1.3362
1.4,12,3072,0,1,1550,0.6,8,0,2.9824,9,1.6974
1.4,89,1728,0,1,3800,0.4,8,0,6.2104,9,0.81517
1.4,3,8768,1,1,2450,0.7,6,0,1.1245,9,6.0029
1.4,58,9088,0,0,3000,0.4,8,0,2.4089,9,2.1016
1.4,14,9984,1,1,2150,0.6,1,0,5.0538,9,8.0137
1.4,92,6656,0,1,3200,0,6,0,4.6713,9,1.445
1.4,62,7360,1,0,1500,0.5,4,0,1.8568,9,5.4531
1.4,70,9536,1,1,2300,0.1,10,0,1.8381,9,2.2033
1.4,67,8448,1,0,3700,0.9,3,0,2.4052,9,5.6129
1.4,51,6784,0,1,650,0,6,0,1.895,9,3.562
1.4,68,6976,0,0,3300,0.6,3,0,2.7304,9,4.9443
1.4,94,1664,0,0,3850,0.5,10,0,2.4381,9,1.6611
1.4,55,6592,0,1,600,0.7,5,0,2.062,9,3.9282
1.4,31,1856,1,0,3050,0.9,7,0,0.74419,9,7.7745
1.4,51,6464,0,0,3700,0.1,2,0,3.0153,9,6.7157
1.4,85,6912,1,1,2250,0.9,4,0,2.3867,9,4.2423
1.4,70,6720,0,1,2050,0.2,5,0,3.3389,9,2.426
1.4,87,8192,0,1,2650,0.5,2,0,4.3534,9,4.6515
1.4,63,1280,1,1,3100,0.7,2,0,2.7104,9,7.4714
1.4,66,5504,0,0,2250,0.2,5,0,1.8798,9,4.3091
1.4,50,6592,0,0,1800,0.8,10,0,1.9504,9,2.0765
1.4,71,7616,1,0,3450,0.7,10,0,1.3152,9,3.0794
1.4,89,8768,1,0,1500,0.9,6,0,1.994,9,3.3852
1.4,82,8448,1,1,600,0.9,3,0,2.928,9,4.6107
1.4,44,9920,1,0,3950,0.6,5,0,1.6004,9,5.0613
1.4,69,5184,1,1,2650,0,6,0,1.6483,9,4.095
1.4,29,2944,0,0,450,1,9,0,0.88291,9,5.0968
1.4,85,9088,0,1,3950,0,5,0,5.156,9,1.571
1.4,30,6208,0,1,1600,0.7,5,0,2.769,9,2.9252
1.4,28,6848,0,1,3000,0.6,7,0,4.9455,9,1.1699
1.4,87,576,0,1,450,0.4,2,0,2.4889,9,8.1362
1.4,70,9280,0,1,1700,0.5,9,0,4.3476,9,1.035
1.4,88,9280,0,1,400,0,9,0,2.346,9,1.9182
1.4,87,6464,1,0,450,0.3,10,0,1.3494,9,3.0013
1.4,82,4800,1,0,950,0.1,6,0,1.3826,9,4.8821
1.4,28,5632,1,1,3500,0.6,10,0,1.0322,9,3.9238
1.4,77,7296,1,1,1000,0.7,1,0,5.721,9,7.0792
1.4,10,9344,1,1,3900,0.8,7,0,1.1234,9,5.15
1.4,36,7872,1,0,400,0.7,10,0,0.90838,9,4.4585
1.4,15,7296,0,0,3200,0.6,7,0,1.9003,9,3.0447
1.4,74,3456,0,0,3200,0.5,8,0,2.1262,9,2.381
1.4,92,8064,0,1,250,0,10,0,2.0073,9,2.0176
1.4,65,3264,1,1,850,0.7,7,0,1.3111,9,4.4128
1.4,19,1088,0,1,1200,1,3,0,2.3127,9,5.8373
1.4,80,2368,1,1,1100,1,2,0,2.8823,9,7.0255
1.4,74,2176,1,1,3250,0.4,10,0,1.0374,9,3.9039
1.4,45,7040,0,1,2600,0.3,5,0,3.6311,9,2.2307
1.4,87,4160,0,1,350,0.5,7,0,1.6623,9,3.4805
1.4,63,5376,1,0,1600,0.1,10,0,0.9958,9,4.0671
1.4,93,4608,0,1,3550,0.4,8,0,6.2924,9,0.80454
1.4,44,6528,0,0,2150,0.4,8,0,1.7446,9,2.9017
1.4,85,5184,0,0,3550,0.6,7,0,2.5401,9,2.2777
1.4,67,768,0,0,1150,0,9,0,0.89306,9,5.0389
1.4,35,2112,0,0,1750,1,2,0,2.581,9,7.8457
1.4,85,3264,1,0,200,0.8,2,0,2.699,9,7.5029
1.4,13,9280,1,0,3600,0.4,3,0,1.7011,9,7.9361
1.4,38,3136,1,1,1950,0.8,6,0,1.2713,9,5.3097
1.4,7,8832,0,0,200,0.7,5,0,1.0506,9,7.7097
1.4,82,1600,0,1,1500,0.8,10,0,3.6976,9,1.0953
1.4,9,4672,1,0,550,0.8,8,0,0.63935,9,7.9182
1.4,59,7680,1,1,2250,0,8,0,1.6117,9,3.1411
1.4,73,7744,1,1,400,0,1,0,5.7265,9,7.0723
1.4,74,8256,0,1,300,0.4,4,0,2.3011,9,4.4001
1.4,43,1024,0,0,2950,0.4,7,0,1.5831,9,3.6547
1.4,53,576,0,1,2750,0.9,9,0,5.7091,9,0.78821
1.4,75,8256,1,0,950,0.8,4,0,2.1142,9,4.789
1.4,72,7936,0,0,3500,1,5,0,2.8652,9,2.827
1.4,83,4288,0,0,1250,0.2,4,0,1.8681,9,5.4201
1.4,5,1920,0,0,1250,0,8,0,0.87814,9,5.765
1.4,17,5888,1,0,1750,0.7,8,0,0.73112,9,6.9243
1.4,26,6336,1,1,3000,0.4,9,0,1.0933,9,4.116
1.4,41,8128,0,0,2700,0.8,7,0,2.1978,9,2.6325
1.4,30,4992,1,0,2550,0.3,5,0,1.1471,9,7.0611
1.4,39,9024,1,0,250,0.7,2,0,2.8167,9,7.1892
1.4,41,6848,1,1,3100,0.9,10,0,1.2267,9,3.3015
1.4,50,8704,0,0,2850,1,1,0,5.3609,9,7.5547
1.4,9,384,1,1,200,0.1,9,0,0.83834,9,5.3678
1.4,29,9664,1,1,2050,1,3,0,2.2759,9,5.9317
1.4,100,7616,0,1,3250,0.7,2,0,4.7306,9,4.2806
1.4,46,3136,0,0,3800,0.2,6,0,1.7999,9,3.7502
1.4,92,2112,0,1,250,0.7,9,0,1.2508,9,3.5978
1.4,19,1792,1,0,4000,0.4,9,0,0.56421,9,7.9758
1.4,45,512,0,0,1800,0.2,9,0,1.122,9,4.0108
1.4,82,4096,0,0,1950,1,8,0,2.0428,9,2.4782
1.4,99,256,1,0,3850,0.7,10,0,0.50045,9,8.0928
1.4,37,9920,1,0,600,1,3,0,2.0906,9,6.4574
1.4,83,2496,1,1,1350,0,7,0,1.3032,9,4.4395
1.4,99,6464,1,1,2600,0.6,1,0,5.8445,9,6.9296
1.4,57,832,1,1,3950,0.1,6,0,1.1578,9,5.8298
1.4,19,640,1,1,2900,0.2,6,0,1.1021,9,6.1247
1.4,41,8576,1,0,2550,0.3,7,0,1.2091,9,4.7852
1.4,35,896,1,1,1600,0.6,5,0,1.2824,9,6.316
1.4,19,3648,1,0,4000,0.2,4,0,1.245,9,8.1328
1.4,40,704,0,1,500,0.9,5,0,1.464,9,5.5327
1.4,65,2112,1,1,600,0.1,3,0,2.0499,9,6.5857
1.4,98,7360,0,0,2500,0.6,3,0,3.0045,9,4.4933
1.4,30,8192,1,0,1150,0,5,0,1.2989,9,6.2361
1.4,31,3968,0,0,550,0.6,5,0,1.2261,9,6.6062
1.4,24,3840,1,0,1000,0.3,7,0,0.79893,9,7.2418
1.4,82,3008,0,1,2000,0.8,9,0,4.5336,9,0.99259
1.4,60,8064,1,1,2800,0.5,5,0,1.9977,9,4.0546
1.4,32,4928,0,1,1150,0.1,10,0,2.5341,9,1.5982
1.4,7,9984,1,1,3450,0.6,5,0,1.3434,9,6.0297
1.4,6,3200,0,1,3850,1,9,0,7.976,9,0.56419
1.4,9,3648,0,0,2750,0,1,0,4.6348,9,8.7382
1.4,8,2240,1,1,900,1,1,0,4.8612,9,8.3313
1.4,1,6976,0,1,1500,0.4,7,0,2.5226,9,2.2936
1.4,22,6784,1,1,4000,0.1,10,0,1.0188,9,3.9752
1.4,80,6080,0,1,400,0.7,10,0,1.9989,9,2.0261
1.4,33,896,1,0,1950,1,1,0,4.5571,9,8.8872
1.4,53,9024,1,0,2000,0.1,7,0,1.4093,9,4.1053
1.4,89,7744,0,0,1300,0.9,7,0,2.2542,9,2.5667
1.4,94,3008,0,1,1300,0.4,4,0,2.4943,9,4.0592
1.4,54,5120,1,0,2700,0.6,5,0,1.3475,9,6.0113
1.4,28,7424,1,0,2150,0,4,0,1.464,9,6.916
1.4,31,4416,0,0,1100,0.9,9,0,1.2832,9,3.5069
1.4,93,2432,0,1,350,0.5,5,0,1.5793,9,5.1288
1.4,98,7104,1,1,3100,0.3,8,0,1.9959,9,2.5364
1.4,19,9536,1,0,3100,0.1,1,0,4.7968,9,8.4431
1.4,20,4608,0,1,2350,0,8,0,3.594,9,1.4086
1.4,21,1280,0,0,1500,0.6,3,0,1.7604,9,7.6686
1.4,71,2752,1,1,200,0.3,1,0,5.1418,9,7.8767
1.4,27,3008,0,0,3850,0.8,7,0,2.2383,9,2.5849
1.4,53,7872,1,0,2050,0.1,2,0,2.9199,9,6.9351
1.4,54,128,0,0,2600,0.7,9,2.7077e-07,1.7116,9,2.6291
1.4,40,512,1,0,2550,0.9,8,0,0.60526,9,8.3642
1.4,97,5312,1,1,1450,0.8,7,0,1.7903,9,3.2317
1.4,75,5376,1,0,2550,0.1,3,0,2.1478,9,6.2856
1.4,75,1536,0,0,2700,0.5,6,0,1.6639,9,4.0566
1.4,60,6848,0,1,200,0.9,6,0,1.6473,9,4.0976
1.4,99,2944,1,0,1400,0,3,0,1.9711,9,6.8489
1.4,64,7552,1,0,3350,0.3,2,0,3.0244,9,6.6954
1.4,36,1472,0,1,3250,0.2,1,0,5.121,9,7.9086
1.4,3,256,1,0,3250,0.3,7,0,0.65445,9,8.8406
1.4,4,5952,1,0,550,0.7,4,0,1.173,9,8.6316
1.4,20,2944,0,1,450,0.5,1,0,4.6731,9,8.6666
1.4,46,7104,1,0,2300,1,4,0,1.652,9,6.129
1.4,84,1024,1,1,3850,1,4,0,1.5939,9,6.3525
1.4,29,7616,0,1,1250,0.1,1,0,5.0491,9,8.0213
1.4,61,6848,1,1,1300,0.4,4,0,2.1182,9,4.7799
1.4,19,3328,0,1,200,0.1,6,0,1.0452,9,6.458
1.4,4,5568,1,1,3950,0.3,5,0,1.2681,9,6.3876
1.4,78,4352,0,0,2000,0.2,10,0,1.7072,9,2.3723
1.4,56,4736,0,1,2750,0.5,8,0,5.0299,9,1.0065
1.4,25,9216,0,1,3400,0.5,4,0,3.9932,9,2.5355
1.4,46,8832,0,0,2800,0.9,6,0,2.3566,9,2.8642
1.4,6,192,0,0,1200,0.1,3,0,1.6222,9,8.3219
1.4,40,7808,1,0,750,0.3,1,0,5.0041,9,8.0933
1.4,79,3328,0,1,850,0.1,8,0,2.0653,9,2.4512
1.4,16,5248,1,0,650,0.5,1,0,4.6431,9,8.7226
1.4,96,9024,0,0,2800,0.7,6,0,2.9826,9,2.2631
1.4,27,128,1,1,2400,0.6,7,0,0.98119,9,5.8968
1.4,50,960,1,0,3850,0,2,0,2.3363,9,8.6677
1.4,79,1024,0,1,850,0.7,5,0,1.8613,9,4.3518
1.4,81,1152,1,0,3250,0.3,8,0,0.72039,9,7.0274
1.4,18,9152,0,1,1200,0.2,5,0,2.1577,9,3.754
1.4,60,1984,0,1,3150,0.7,7,0,5.1615,9,1.1209
1.4,48,7808,0,0,300,0.1,6,0,1.4029,9,4.8116
1.4,73,1216,1,1,3000,0.1,7,0,1.1161,9,5.1841
1.4,83,7744,1,1,1000,0.7,10,0,1.799,9,2.2513
1.4,18,4288,1,1,3450,0.9,4,0,1.5799,9,6.4087
1.4,59,896,1,1,3550,1,3,0,1.9164,9,7.0443
1.4,12,2560,1,1,2850,0.3,1,0,4.8814,9,8.2967
1.4,94,1664,1,1,3900,0.4,9,0,1.0801,9,4.1661
1.4,10,3136,0,0,1000,0.5,7,0,1.0079,9,5.7404
1.4,97,1664,1,1,4000,0.5,6,0,1.338,9,5.0447
1.4,89,6976,0,1,3350,0.7,3,0,4.4581,9,3.0282
1.4,86,3136,1,1,1800,1,9,0,1.2592,9,3.5736
1.4,43,9344,0,1,1650,0.1,3,0,2.9291,9,4.6089
1.4,71,3648,0,0,2800,0.1,7,0,1.6979,9,3.4077
1.4,45,3648,0,0,1450,0.1,6,0,1.2987,9,5.1974
1.4,6,8320,1,0,2650,0,5,0,0.9893,9,8.1876
1.4,35,1984,1,0,250,0.2,9,0,0.62016,9,7.2562
1.4,27,7104,1,0,3000,0.4,9,0,0.8136,9,5.531
1.4,69,4992,0,1,1850,0.4,4,0,2.9854,9,3.3915
1.4,37,5248,0,0,1850,0.3,6,0,1.4887,9,4.5341
1.4,10,4800,0,0,2350,0.3,7,0,1.3643,9,4.2408
1.4,41,6528,1,1,3900,0.4,10,0,1.206,9,3.3583
1.4,52,5760,1,0,400,0.4,4,0,1.6089,9,6.2932
1.4,18,384,0,1,550,0.8,3,0,1.8458,9,7.3138
1.4,67,3200,0,0,2250,0.5,3,0,2.1431,9,6.2992
1.4,22,4032,1,1,2500,0.4,7,0,1.116,9,5.1845
1.4,45,7936,0,1,1600,0.5,2,0,3.3996,9,5.9566
1.4,78,7232,1,0,2550,0.5,3,0,2.4021,9,5.62
1.4,23,8192,0,0,2600,0.8,10,0,2.1624,9,1.8729
1.4,90,5824,1,0,1950,0.3,9,0,1.339,9,3.3607
1.4,35,2944,1,0,3300,0,2,0,2.4233,9,8.3565
1.4,15,6720,0,0,650,0.5,2,0,2.4697,9,8.1992
1.4,69,9152,0,1,3550,0.1,5,0,4.7308,9,1.7122
1.4,2,4800,0,0,600,1,7,0,0.91348,9,6.3337
1.4,8,7872,1,0,700,0.7,3,0,1.6099,9,8.3854
1.4,72,9472,0,1,2200,0.3,9,0,4.9852,9,0.90267
1.4,60,1216,1,0,1900,0.3,1,0,4.6257,9,8.7554
1.4,6,640,0,0,200,0.8,5,0,0.95896,9,8.4466
1.4,23,6656,1,0,650,1,2,0,2.5024,9,8.0923
1.4,22,5312,0,0,2100,0.4,6,0,1.4678,9,4.5988
1.4,39,4032,0,1,500,0.6,1,0,4.8408,9,8.3664
1.4,36,9472,1,0,200,0.2,2,0,2.7994,9,7.2336
1.4,77,1024,0,1,3350,0.5,7,0,5.079,9,1.1392
1.4,11,6976,0,0,350,0.2,8,0,0.78546,9,6.4452
1.4,73,6912,0,0,1150,0.6,3,0,2.4631,9,5.4809
1.4,56,2688,0,0,3400,0.4,5,0,1.8548,9,4.3671
1.4,89,9792,1,1,3400,0.6,6,0,2.4606,9,2.7433
1.4,50,4224,1,1,2900,0.3,3,0,2.1667,9,6.2305
1.4,58,1472,1,0,250,0.3,9,0,0.64535,9,6.973
1.4,42,7360,0,1,3700,0.8,7,0,6.3776,9,0.9072
1.4,56,3776,1,0,450,0.4,8,0,0.90716,9,5.5806
1.4,86,3008,1,1,2450,0,4,0,1.8668,9,5.4237
1.4,42,3584,1,1,1400,0.4,2,0,2.8208,9,7.1787
1.4,60,4864,0,0,1650,0,7,0,1.4497,9,3.991
1.4,62,5056,1,1,300,0.2,2,0,3.0784,9,6.578
1.4,68,4224,0,1,2600,0.8,10,0,6.167,9,0.65672
1.4,66,3968,0,0,1600,0.3,4,0,1.7907,9,5.6542
1.4,75,3904,0,0,2950,0.5,8,0,2.091,9,2.421
1.4,55,6400,1,0,2450,0.7,6,0,1.3168,9,5.1259
1.4,47,4800,0,0,1250,0.8,2,0,2.7421,9,7.385
1.4,26,2560,1,0,3550,0.3,7,0,0.75846,9,7.6283
1.4,82,3968,1,1,2500,0.4,10,0,1.2972,9,3.122
1.4,65,128,0,0,3700,0.7,4,1.1811e-07,1.8962,9,5.3396
1.4,26,7936,0,1,2650,0.5,3,0,3.2836,9,4.1114
1.4,47,9984,1,1,3700,1,9,0,1.5747,9,2.8577
1.4,5,7936,1,0,650,0.1,4,0,1.1981,9,8.4508
1.4,71,8960,1,0,2850,0.9,7,0,1.6589,9,3.4877
1.4,31,7040,1,0,1250,0.8,4,0,1.4804,9,6.8394
1.4,37,2240,0,1,1700,0.6,8,0,3.2801,9,1.5434
1.4,100,2176,1,1,3450,1,7,0,1.3197,9,4.3841
1.4,97,4288,1,1,800,0.1,8,0,1.5529,9,3.26
1.4,73,2304,0,1,300,0.5,3,0,1.933,9,6.9838
1.4,11,9152,1,0,2750,0.2,10,0,0.61953,9,6.5372
1.4,61,5312,1,0,2250,0.6,4,0,1.6476,9,6.1452
1.4,32,7680,0,0,3750,0.5,2,0,2.9765,9,6.8033
1.4,55,8960,0,0,700,0.9,1,0,5.3207,9,7.6118
1.4,79,8640,1,0,2100,0.4,10,0,1.5394,9,2.6309
1.4,27,5248,0,0,2200,0.2,7,0,1.4224,9,4.0676
1.4,76,1600,0,0,350,0.1,6,0,1.0101,9,6.6823
1.4,68,2368,1,0,2500,0,4,0,1.3899,9,7.2845
1.4,51,192,0,0,1400,0.2,4,1.09e-07,1.3434,9,7.5367
1.4,30,7936,1,0,3500,0.2,1,0,4.8867,9,8.2877
1.4,65,576,1,1,2650,0.6,3,0,1.8921,9,7.1351
1.4,80,896,0,1,1200,0.3,3,0,2.2283,9,6.0584
1.4,35,2176,0,0,1650,0.6,7,0,1.3225,9,4.3747
1.4,22,1984,1,1,1350,0,1,0,4.9019,9,8.2621
1.4,66,4608,1,1,1100,0.9,4,0,1.9387,9,5.2227
1.4,57,2752,0,0,3450,0.7,1,0,4.9247,9,8.2239
1.4,100,7808,0,0,3750,0.6,1,0,5.9148,9,6.8473
1.4,92,6720,0,1,3250,0.7,7,0,6.0837,9,0.95102
1.4,88,6400,0,0,1600,0.4,6,0,2.0458,9,3.2994
1.4,63,6848,0,1,2400,0.6,10,0,5.6975,9,0.71084
1.4,99,5696,1,0,2050,0,2,0,3.1518,9,6.4248
1.4,85,8640,1,0,1600,0.3,10,0,1.6214,9,2.4979
1.4,16,9856,0,0,2700,0.3,4,0,1.7948,9,5.6413
1.4,41,5696,0,0,450,0.1,2,0,2.6496,9,7.6427
1.4,63,384,0,0,1450,0.4,2,0,2.4087,9,8.4072
1.4,3,7232,1,0,1750,0.1,3,0,1.5447,9,8.7397
1.4,76,8384,0,0,3100,0.8,1,0,5.6765,9,7.1347
1.4,99,512,1,1,1750,0.3,7,0,1.0559,9,5.4796
1.4,14,1920,0,0,2000,0,1,0,4.6029,9,8.7988
1.4,9,7424,1,0,3700,0.9,6,0,0.86601,9,7.7944
1.4,69,8384,1,1,1700,0,1,0,5.7474,9,7.0467
1.4,31,7360,0,0,2300,0.2,6,0,1.6062,9,4.2025
1.4,5,8064,0,0,2350,0.6,4,0,1.643,9,6.1625
1.4,48,5952,1,0,2050,0.5,9,0,0.96202,9,4.6776
1.4,91,128,0,0,2650,1,9,2.7077e-07,1.9667,9,2.2882
1.4,62,3392,0,1,1550,0.4,1,0,5.1055,9,7.9326
1.4,68,9280,1,0,3550,0.7,1,0,5.508,9,7.353
1.4,5,8768,1,1,650,0.8,10,0,0.85218,9,4.7525
1.4,37,5120,0,0,3300,0.8,6,0,2.1264,9,3.1744
1.4,58,2688,0,0,2300,0.7,5,0,1.7357,9,4.6666
1.4,42,640,0,1,750,1,6,0,1.7618,9,3.8312
1.4,89,640,0,0,3650,1,9,0,2.5822,9,1.7427
1.4,34,2816,0,1,3950,0.4,7,0,5.7165,9,1.0121
1.4,3,2368,1,1,2350,0.9,10,0,0.7941,9,5.1001
1.4,26,448,1,0,2300,0,9,0,0.5288,9,8.5099
1.4,53,7296,0,0,1150,0.8,9,0,1.6743,9,2.6877
1.4,48,6016,0,0,800,0.3,6,0,1.3944,9,4.8407
1.4,81,9344,1,1,1300,0.4,5,0,2.4294,9,3.3342
1.4,51,5248,1,1,700,0.2,5,0,1.656,9,4.8914
1.4,13,2112,0,1,2850,0.1,4,0,2.9863,9,3.3905
1.4,44,2560,1,1,2200,0.9,9,0,1.0109,9,4.4513
1.4,27,9408,0,1,500,0.2,5,0,1.7161,9,4.7201
1.4,88,9728,0,1,400,0.3,9,0,2.4683,9,1.8231
1.4,86,5888,0,1,3900,0.6,10,0,8.6683,9,0.46722
1.4,57,1920,1,0,650,1,8,0,0.74589,9,6.7872
1.4,55,7488,1,1,2100,0.1,3,0,2.4839,9,5.4349
1.4,98,9088,1,0,1150,0.5,7,0,2.0612,9,2.807
1.4,67,9344,1,0,350,0.9,10,0,1.4501,9,2.793
1.4,8,2880,0,0,2000,0.5,3,0,1.8069,9,7.4715
1.4,19,7424,1,0,700,0,9,0,0.73337,9,6.1361
1.4,85,5056,1,1,2300,0.5,9,0,1.5123,9,2.9757
1.4,22,3264,1,0,2250,0.7,6,0,0.8739,9,7.724
1.4,73,8576,1,0,1950,0.5,3,0,2.5001,9,5.3999
1.4,29,1792,0,0,1100,0.9,3,0,1.7701,9,7.6268
1.4,13,8256,0,0,1850,1,8,0,1.629,9,3.1077
1.4,61,5952,1,1,3700,0.9,2,0,3.1568,9,6.4147
1.4,17,448,0,1,300,0.3,8,0,0.98717,9,5.1283
1.4,49,1024,0,1,550,0.7,2,0,2.5452,9,7.9561
1.4,80,2176,1,0,2000,0.5,7,0,0.92843,9,6.2317
1.4,20,3200,0,0,3250,0.9,8,0,2.1607,9,2.343
1.4,50,5760,0,1,3650,0.7,8,0,6.7528,9,0.74969
1.4,1,8704,0,1,2450,0.9,7,0,4.2357,9,1.3659
1.4,54,5440,1,0,2350,0.4,1,0,4.9748,9,8.1411
1.4,30,9216,0,1,1950,1,10,0,5.0763,9,0.79783
1.4,84,5056,1,1,2100,0.5,2,0,3.2543,9,6.2226
1.4,66,2112,1,1,3650,0.5,4,0,1.6782,9,6.0331
1.4,84,896,0,1,700,1,1,0,4.7674,9,8.4952
1.4,58,6528,0,1,1650,0,2,0,3.3529,9,6.0395
1.4,39,7552,0,0,950,0.3,9,0,1.2998,9,3.462
1.4,60,2240,0,1,1250,0.8,6,0,2.4828,9,2.7188
1.4,13,1408,0,0,1050,0.3,2,0,2.3618,9,8.5738
1.4,76,8320,0,0,200,0.6,3,0,2.53,9,5.336
1.4,14,8704,0,0,2050,0.8,9,0,1.6983,9,2.6497
1.4,37,5824,0,1,350,0.6,3,0,2.0369,9,6.6278
1.4,86,7808,0,1,500,0.6,4,0,2.5692,9,3.9409
1.4,6,4160,1,0,800,0.9,8,0,0.61234,9,8.2675
1.4,40,8256,1,1,2250,0,5,0,1.7549,9,4.6156
1.4,79,5120,1,0,2500,0.7,3,0,2.1498,9,6.2796
1.4,54,4480,1,1,950,0.7,5,0,1.6153,9,5.0145
1.4,75,6720,0,0,3500,0.5,5,0,2.4886,9,3.2549
1.4,67,6144,1,0,3450,0.8,2,0,2.9111,9,6.9561
1.4,36,1088,1,0,1550,0.8,1,0,4.5723,9,8.8577
1.4,29,7168,1,1,3000,0.7,7,0,1.3043,9,4.4357
1.4,60,2304,0,0,2550,0.5,7,0,1.6682,9,3.4682
1.4,90,8768,1,0,550,0.7,10,0,1.7079,9,2.3714
1.4,18,5952,1,1,3550,0,1,0,5.0022,9,8.0964
1.4,75,8256,0,0,600,1,1,0,5.5167,9,7.3413
1.4,89,9600,0,0,3850,0.9,5,0,3.3614,9,2.4097
1.4,65,768,0,0,650,0.4,6,0,0.99434,9,6.7884
1.4,57,3136,0,0,2250,0.6,7,0,1.6873,9,3.429
1.4,72,5056,0,0,1350,0.5,2,0,2.9459,9,6.874
1.4,9,7872,0,1,1700,1,8,0,3.5986,9,1.4068
1.4,28,128,1,0,3600,0,10,5.8002e-07,0.46605,9,8.6903
1.4,9,5696,0,0,200,0,8,0,0.69268,9,7.3085
1.4,5,1920,0,0,300,0.3,2,0,2.2881,9,8.8503
1.4,93,7936,0,1,2200,0.4,5,0,4.0197,9,2.0151
1.4,25,5824,1,0,3300,0.8,2,0,2.4906,9,8.1307
1.4,66,640,0,0,300,0.4,2,0,2.3434,9,8.6412
1.4,17,9088,1,1,3850,0.7,2,0,2.8271,9,7.1628
1.4,19,2112,0,1,550,1,1,0,4.6828,9,8.6486
1.4,61,9664,1,1,2100,0.6,8,0,1.8273,9,2.7705
1.4,50,384,0,1,1550,0.4,2,0,2.8335,9,7.1465
1.4,76,1664,0,0,2050,0.7,6,0,1.5805,9,4.2709
1.4,94,2688,1,1,950,0.4,9,0,1.2323,9,3.6517
1.4,62,5120,1,0,3400,0.4,6,0,1.2622,9,5.3478
1.4,95,3264,0,1,2600,0.4,2,0,3.6625,9,5.529
1.4,18,8192,1,1,1350,0.6,5,0,1.466,9,5.5253
1.4,61,6336,1,0,1900,1,5,0,1.5214,9,5.3241
1.4,49,4224,0,1,1350,0.6,1,0,5.0815,9,7.9701
1.4,96,1280,0,1,3800,0.7,5,0,4.824,9,1.6791
1.4,36,9280,1,0,2450,0.6,6,0,1.2885,9,5.2386
1.4,47,5184,0,1,2700,0.5,4,0,3.5045,9,2.8892
1.4,17,9216,0,0,1100,0.8,6,0,1.3582,9,4.97
1.4,96,3776,0,1,1950,0.8,10,0,4.9722,9,0.81453
1.4,84,3392,0,0,250,0.9,8,0,1.1258,9,4.4967
1.4,28,6912,0,1,1300,0.3,6,0,2.3943,9,2.8192
1.4,87,9792,0,1,2800,0.3,10,0,6.6092,9,0.61278
1.4,4,1024,0,1,2300,1,4,0,3.1035,9,3.2624
1.4,33,1600,0,0,2900,0.2,2,0,2.5439,9,7.9602
1.4,75,9280,1,1,2650,0.6,9,0,1.9331,9,2.3278
1.4,3,3648,0,0,2650,0,6,0,1.2441,9,5.4258
1.4,39,4544,0,0,2100,0.2,5,0,1.5594,9,5.1944
1.4,22,6400,1,1,1200,0,3,0,2.0555,9,6.5679
1.4,94,5568,1,1,2500,0.7,3,0,2.6603,9,5.0747
1.4,43,2944,1,1,3950,0,6,0,1.283,9,5.2611
1.4,66,6016,0,1,3950,0,5,0,4.5625,9,1.7753
1.4,60,4928,1,0,1400,0,6,0,1.2278,9,5.4976
1.4,85,7488,0,0,1250,0.6,8,0,2.0529,9,2.466
1.4,52,9984,1,0,2300,0.2,4,0,1.9561,9,5.1761
1.4,84,7744,1,1,3700,0.9,10,0,1.8112,9,2.2361
1.4,48,9408,1,0,3700,0.4,10,0,1.1743,9,3.449
1.4,4,7552,0,0,700,0.8,2,0,2.3732,9,8.5329
1.4,79,2240,0,0,200,1,4,0,1.4539,9,6.9641
1.4,26,4800,0,0,900,0.5,5,0,1.3002,9,6.2297
1.4,30,8128,1,0,1350,0.7,4,0,1.5209,9,6.6574
1.4,14,1664,1,1,3450,0.3,7,0,1.0126,9,5.714
1.4,87,8256,1,0,2850,0.2,2,0,3.3959,9,5.9631
1.4,100,768,1,0,3600,0.3,4,0,1.2568,9,8.0562
1.4,32,7168,1,1,600,0.7,1,0,5.1955,9,7.7952
1.4,90,6976,0,1,3850,0.8,9,0,8.5105,9,0.52876
1.4,35,3200,1,1,2400,0.3,3,0,2.0099,9,6.7167
1.4,72,7744,1,1,350,0.3,7,0,1.8572,9,3.1154
1.4,56,7104,1,0,3550,0,9,0,1.1393,9,3.9499
1.4,34,7808,0,1,2300,0.8,4,0,3.4042,9,2.9743
1.4,54,9536,0,0,750,0.6,6,0,1.782,9,3.7879
1.4,34,3008,1,1,1700,0.7,10,0,0.94455,9,4.2878
1.4,12,1216,1,0,2850,0.1,5,0,0.93345,9,8.6775
1.4,42,9024,1,1,1000,0.5,6,0,1.682,9,4.013
1.4,56,1472,1,0,800,0.4,5,0,1.0407,9,7.7833
1.4,85,9472,1,1,2350,0.5,4,0,2.7306,9,3.7079
1.4,9,6016,1,0,2550,0.3,4,0,1.221,9,8.2926
1.4,40,6336,0,0,1150,0.8,1,0,4.9648,9,8.1574
1.4,6,3584,0,1,3350,0.2,6,0,4.1141,9,1.6407
1.4,9,512,1,0,3850,0.8,5,0,0.91767,9,8.8267
1.4,83,2304,1,0,3700,0.3,8,0,0.87519,9,5.7845
1.4,35,2240,0,1,1800,0.7,8,0,3.5129,9,1.4411
1.4,75,2816,0,0,2300,1,5,0,1.9319,9,4.1927
1.4,9,2880,0,1,2550,0.9,2,0,3.3615,9,6.0241
1.4,81,832,0,1,1350,0.7,5,0,2.3366,9,3.4666
1.4,58,3456,0,1,2500,0.4,10,0,5.216,9,0.77646
1.4,29,8960,0,1,2450,0.3,3,0,3.1694,9,4.2594
1.4,34,6400,0,1,1250,0.3,4,0,2.3276,9,4.35
1.4,32,2432,0,0,450,0.8,3,0,1.6947,9,7.9661
1.4,20,2688,0,1,1050,0.6,1,0,4.7812,9,8.4707
1.4,79,256,0,1,950,0.7,3,0,2.0918,9,6.4539
1.4,42,6144,0,1,800,0.5,3,0,2.3506,9,5.7433
1.4,28,6080,1,0,3750,0.8,4,0,1.4045,9,7.2089
1.4,79,2176,1,1,1400,0.5,5,0,1.5046,9,5.3834
1.4,49,1088,0,0,2150,0.6,5,0,1.506,9,5.3783
1.4,84,2496,0,0,3450,0,9,0,1.7621,9,2.5538
1.4,6,9856,0,0,1850,0.3,4,0,1.5077,9,6.7156
1.4,99,9984,0,0,2250,0.3,3,0,3.3255,9,4.0596
1.4,36,7680,0,0,2050,0.3,5,0,1.7388,9,4.6584
1.4,89,128,1,0,2200,0.9,10,5.8002e-07,0.4784,9,8.4659
1.4,15,9664,1,1,1450,0.8,9,0,1.062,9,4.2372
1.4,46,4800,0,1,1950,0.5,8,0,3.7829,9,1.3383
1.4,86,1152,1,1,2900,0.7,7,0,1.1323,9,5.1095
1.4,61,4480,0,0,1000,0.2,7,0,1.3266,9,4.3614
1.4,19,4800,1,1,3650,0.8,1,0,4.977,9,8.1374
1.4,92,7168,1,1,4000,0.1,9,0,1.8754,9,2.3995
1.4,3,4480,0,1,2700,0.6,8,0,4.692,9,1.079
1.4,23,1600,0,1,500,1,2,0,2.5222,9,8.0287
1.4,50,8704,0,0,1150,0.4,10,0,1.626,9,2.4908
1.4,86,7296,0,0,1700,0.6,10,0,2.2638,9,1.7891
1.4,57,6144,1,0,2250,0.1,7,0,1.2069,9,4.794
1.4,54,768,0,0,1000,0.4,6,0,1.0673,9,6.3246
1.4,2,6976,0,1,3850,0.4,3,0,3.5791,9,3.7719
1.4,49,9408,0,0,950,0.2,1,0,5.2629,9,7.6954
1.4,92,3520,1,1,250,0.4,9,0,1.3448,9,3.3462
1.4,88,8128,0,0,2650,0.2,3,0,2.9162,9,4.6293
1.4,14,9984,1,1,2450,0.6,5,0,1.4538,9,5.5715
1.4,53,3392,0,1,3700,0.4,4,0,4.0481,9,2.5012
1.4,53,2240,1,0,2500,0.9,5,0,1.0981,9,7.3766
1.4,33,2880,0,1,1300,1,3,0,2.4884,9,5.4252
1.4,58,960,1,1,950,0.9,6,0,1.1709,9,5.7648
1.4,47,5056,1,0,3000,0.1,2,0,2.636,9,7.682
1.4,34,2240,0,1,2050,0.4,4,0,2.7037,9,3.7449
1.4,51,1024,1,1,2150,0.4,5,0,1.3154,9,6.1577
1.4,17,4800,0,1,1000,0.3,3,0,2.1428,9,6.3001
1.4,27,6720,0,1,2850,0.4,1,0,5.2941,9,7.65
1.4,52,1984,1,0,1050,0,1,0,4.6735,9,8.6659
1.4,28,6272,0,1,3650,0.5,6,0,5.0589,9,1.3343
1.4,64,2560,0,1,200,0.5,9,0,1.093,9,4.1173
1.4,30,896,1,1,450,1,7,0,1.0182,9,5.6822
1.4,49,384,1,1,800,1,3,0,1.8626,9,7.2479
1.4,26,2560,0,1,2250,0.7,2,0,3.2345,9,6.2606
1.4,85,4288,0,0,3650,0.1,9,0,2.1606,9,2.0827
1.4,23,5056,1,1,3000,1,3,0,2.0167,9,6.6941
1.4,40,1472,0,0,3200,0.1,3,0,1.9085,9,7.0735
1.4,81,128,1,1,750,0.7,8,5.3995e-08,0.91177,9,5.5525
1.4,7,5312,0,0,2850,0.3,9,0,1.5644,9,2.8764
1.4,58,2048,1,0,250,0.3,4,0,1.3232,9,7.6521
1.4,73,512,1,1,2300,0.4,10,0,0.84196,9,4.8102
1.4,99,1216,1,0,800,0.7,3,0,1.7007,9,7.938
1.4,54,3584,1,0,3800,0,9,0,0.81633,9,5.5125
1.4,56,1856,1,1,3250,0.8,5,0,1.3972,9,5.7974
1.4,5,6336,0,1,800,0.7,4,0,1.8052,9,5.609
1.4,22,9408,0,0,3550,0.8,1,0,5.0189,9,8.0695
1.4,60,7104,0,1,550,0.3,6,0,1.9882,9,3.395
1.4,97,7616,1,0,1800,0.6,5,0,2.0782,9,3.8975
1.4,35,8384,1,1,2100,0.7,3,0,2.2968,9,5.8779
1.4,5,2496,0,0,600,0.5,9,0,0.76392,9,5.8906
1.4,97,4032,0,1,650,0.6,7,0,2.1226,9,2.7257
1.4,24,3200,1,1,3300,0.6,4,0,1.5793,9,6.4111
1.4,6,1472,1,1,2750,0.6,8,0,0.90933,9,5.5673
1.4,76,2752,1,1,3850,0.8,6,0,1.4135,9,4.7753
1.4,73,7552,1,0,1250,0.4,8,0,1.4444,9,3.5049
1.4,59,512,0,0,3550,0.2,9,0,1.7034,9,2.6417
1.4,79,7424,0,0,3200,0.5,9,0,2.7329,9,1.6466
1.4,2,3904,0,1,3550,1,3,0,3.8002,9,3.5525
1.4,2,320,0,0,350,1,8,0,0.73269,9,6.9095
1.4,47,5504,1,0,250,0.8,4,0,1.5443,9,6.5562
1.4,16,2432,1,1,2550,0.4,6,0,1.1444,9,5.8984
1.4,5,5312,0,0,1300,0.9,2,0,2.4424,9,8.291
1.4,82,8128,1,1,3100,0.7,6,0,2.1365,9,3.1594
1.4,29,448,0,0,850,0.3,2,0,2.3384,9,8.6596
1.4,83,8512,0,0,1800,1,6,0,2.5237,9,2.6747
1.4,14,4608,1,1,3450,0.2,1,0,4.9349,9,8.2069
1.4,61,3328,0,0,2700,0,6,0,1.5589,9,4.3299
1.4,4,512,1,1,2050,0.8,10,0,0.78611,9,5.152
1.4,95,6208,1,0,2300,0.3,9,0,1.4427,9,3.1191
1.4,51,4032,1,0,2100,0.8,9,0,0.83545,9,5.3863
1.4,80,7616,0,1,3450,0.2,7,0,5.6079,9,1.0317
1.4,92,3776,0,0,2900,1,3,0,2.5747,9,5.2433
1.4,25,2752,0,0,550,0.1,9,0,0.77419,9,5.8126
1.4,35,8832,0,1,3700,0,8,0,5.6008,9,0.90388
1.4,99,3392,0,1,1950,0,3,0,2.9315,9,4.6051
1.4,47,3904,0,1,450,0.3,10,0,1.5144,9,2.6744
1.4,36,4864,1,1,2150,1,10,0,1.0597,9,3.8219
1.4,71,2048,0,1,2100,0.2,3,0,2.7702,9,4.8733
1.4,78,4288,1,0,3250,0.5,2,0,2.7891,9,7.2604
1.4,86,5632,1,0,3700,0.7,1,0,5.2761,9,7.6762
1.4,17,4416,1,1,1150,0.5,3,0,1.9515,9,6.9176
1.4,84,8640,1,1,1700,0.9,1,0,5.9802,9,6.7724
1.4,31,3712,0,0,700,1,8,0,1.0861,9,4.661
1.4,84,7104,1,1,2650,0.1,9,0,1.7762,9,2.5335
1.4,69,2944,1,1,1150,0.2,3,0,2.154,9,6.2674
1.4,72,8448,0,1,750,0.7,1,0,5.6072,9,7.2229
1.4,90,2432,1,1,3650,0.9,6,0,1.4289,9,4.724
1.4,32,576,0,0,850,0.9,1,0,4.5783,9,8.8461
1.4,5,7744,0,1,650,0.9,10,0,1.8704,9,2.1654
1.4,31,4224,1,0,3950,0.3,6,0,0.96738,9,6.9776
1.4,2,8448,0,1,650,0.9,9,0,1.75,9,2.5715
1.4,84,6208,0,1,2400,0.7,10,0,5.9824,9,0.67698
1.4,56,4160,0,1,2400,0.3,8,0,4.2367,9,1.1949
1.4,20,2944,0,1,3100,0.6,1,0,5.1838,9,7.8128
1.4,67,3456,1,0,1250,0.9,10,0,0.82643,9,4.9006
1.4,97,7232,1,1,2200,0.4,2,0,3.6918,9,5.4851
1.4,86,128,1,1,350,0.4,7,0,0.99313,9,5.8259
1.4,40,5824,0,1,3750,1,1,0,5.6774,9,7.1336
1.4,92,4096,1,1,2200,0,10,0,1.3786,9,2.9378
1.4,81,7104,1,1,1550,0.7,10,0,1.6925,9,2.3929
1.4,79,8704,1,1,2250,1,9,0,1.9199,9,2.3439
1.4,58,5440,1,1,200,0,8,0,1.3942,9,3.6312
1.4,42,6464,0,1,1800,0.1,6,0,2.9034,9,2.3249
1.4,36,3008,1,0,550,0.3,8,0,0.74407,9,6.8038
1.4,10,3328,1,0,900,1,6,0,0.81299,9,8.3027
1.4,21,2112,0,1,2950,0.5,1,0,5.1093,9,7.9268
1.4,6,4480,1,0,2750,0.8,10,0,0.50288,9,8.0537
1.4,64,4224,0,0,3600,0.7,10,0,2.727,9,1.4852
1.4,68,7936,0,0,1350,0.8,6,0,2.0461,9,3.299
1.4,21,4096,0,0,2950,0.4,7,0,1.6494,9,3.5077
1.4,21,512,1,0,1850,0.4,6,0,0.77738,9,8.683
1.4,8,8320,0,0,550,0.4,3,0,1.6731,9,8.0688
1.4,49,4928,0,1,3150,0.1,6,0,4.147,9,1.6277
1.4,73,960,0,1,2900,0.4,1,0,5.1227,9,7.9059
1.4,64,5184,0,1,1400,0.1,10,0,3.2084,9,1.2623
1.4,71,3648,0,0,3500,0.9,10,0,2.8741,9,1.4091
1.4,79,8064,0,1,1100,0,4,0,2.807,9,3.6071
1.4,9,5184,1,1,1850,0.6,6,0,1.1566,9,5.8359
1.4,94,1536,0,0,3650,1,3,0,2.3926,9,5.6425
1.4,96,7232,1,0,2600,0.6,6,0,1.8579,9,3.6331
1.4,89,6080,1,1,1850,0,5,0,2.0883,9,3.8788
1.4,56,7296,1,0,1200,0.7,1,0,5.1563,9,7.8545
1.4,15,7360,1,0,1850,0.4,8,0,0.74741,9,6.7734
1.4,99,7232,1,0,900,0.8,5,0,2.0422,9,3.9663
1.4,43,4928,1,1,350,0.5,9,0,1.1679,9,3.8532
1.4,95,8896,1,0,900,0.4,5,0,2.2464,9,3.6058
1.4,30,1024,0,1,2950,0.1,5,0,3.3052,9,2.4507
1.4,98,8960,1,0,600,1,4,0,2.5235,9,4.0123
1.4,20,4608,0,0,3550,0.2,1,0,4.7736,9,8.4842
1.4,40,192,0,0,450,1,6,1.6351e-07,0.92382,9,7.3066
1.4,72,7232,0,1,4000,0.3,1,0,6.0131,9,6.7353
1.4,59,9536,1,0,1500,0.5,9,0,1.3998,9,3.2147
1.4,47,9280,0,0,900,0.1,2,0,2.9999,9,6.7502
1.4,39,4608,1,1,700,1,7,0,1.2598,9,4.5925
1.4,54,9408,0,1,1800,0.7,2,0,3.7581,9,5.3883
1.4,93,3776,1,1,3600,0.6,8,0,1.4505,9,3.4901
1.4,4,896,1,0,1400,0.2,3,0,1.516,9,8.9047
1.4,16,1344,1,1,3050,0.1,2,0,2.6169,9,7.7383
1.4,11,9408,0,0,2650,0.4,10,0,1.7318,9,2.3386
1.4,29,8896,0,1,1250,0.6,7,0,2.718,9,2.1287
1.4,88,4928,0,0,1850,0.6,6,0,1.9723,9,3.4223
1.4,51,2560,1,1,2300,0.8,10,0,0.98927,9,4.0939
1.4,80,2688,1,0,3300,0.8,8,0,0.91283,9,5.546
1.4,8,6720,0,1,1400,0.9,2,0,2.9201,9,6.9347
1.4,74,5824,1,1,3000,0.7,9,0,1.5142,9,2.9719
1.4,14,4992,1,0,3300,0.5,3,0,1.6209,9,8.3289
1.4,10,5696,0,1,250,0.7,6,0,1.1309,9,5.9687
1.4,57,9984,0,0,2650,0.1,8,0,2.164,9,2.3395
1.4,79,192,1,1,1950,0.8,4,1.09e-07,1.4819,9,6.8326
1.4,6,8832,1,0,3900,0.7,5,0,0.99415,9,8.1476
1.4,18,3968,1,1,3450,0.5,6,0,1.1958,9,5.6448
1.4,2,9920,0,0,1850,0.2,7,0,1.1397,9,5.0764
1.4,52,7232,0,0,3800,1,7,0,2.8507,9,2.0296
1.4,4,1344,0,1,2650,0.2,5,0,3.1022,9,2.6111
1.4,79,1216,0,1,1850,0.4,1,0,4.983,9,8.1276
1.4,9,960,0,1,2700,0.1,8,0,4.0242,9,1.258
1.4,98,1600,0,0,500,0.7,10,0,0.95332,9,4.2483
1.4,40,4480,1,1,3400,0.3,9,0,1.1162,9,4.0317
1.4,100,7360,0,1,850,0.3,2,0,3.7081,9,5.461
1.4,9,2560,0,0,3850,0.4,3,0,2.0244,9,6.6685
1.4,79,4096,0,0,2650,0.1,9,0,1.7996,9,2.5005
1.4,72,1664,0,0,4000,0.6,3,0,2.2712,9,5.944
1.4,26,7552,0,1,3150,1,4,0,4.1459,9,2.4422
1.4,48,2176,1,0,1100,0.4,1,0,4.6755,9,8.6622
1.4,83,8832,1,0,1550,0.9,10,0,1.6192,9,2.5012
1.4,17,9152,1,1,3350,0.6,7,0,1.2217,9,4.7359
1.4,61,8320,1,1,3550,1,4,0,2.2602,9,4.4797
1.4,62,2176,1,0,2850,0.8,6,0,0.97366,9,6.9326
1.4,7,640,0,0,3450,0.7,10,0,2.2279,9,1.8178
1.4,73,3264,1,1,2250,0.9,5,0,1.6095,9,5.0325
1.4,100,1664,1,1,1250,0.9,6,0,1.3459,9,5.0151
1.4,35,2752,0,1,3950,0,8,0,5.5717,9,0.90861
1.4,31,640,0,1,2500,0.9,5,0,3.5424,9,2.2866
1.4,85,1472,1,1,3550,0.3,4,0,1.6557,9,6.1154
1.4,48,3584,0,0,450,0.4,6,0,1.1349,9,5.9478
1.4,81,5184,0,0,2000,0.3,5,0,1.9543,9,4.1447
1.4,8,8000,0,0,1600,0.6,4,0,1.5341,9,6.5998
1.4,47,5248,0,0,900,0.6,10,0,1.2754,9,3.1754
1.4,87,3136,0,1,1200,0.7,3,0,2.6363,9,5.1207
1.4,14,896,0,0,1100,1,2,0,2.4015,9,8.4322
1.4,51,6016,0,0,1450,0.2,3,0,2.143,9,6.2997
1.4,38,7808,1,0,2600,0.8,5,0,1.3794,9,5.872
1.4,65,8640,0,1,2400,0.1,8,0,4.5161,9,1.121
1.4,39,8576,1,1,2850,1,3,0,2.3616,9,5.7164
1.4,71,4032,1,1,250,0.6,5,0,1.6854,9,4.8059
1.4,59,2944,1,0,2500,0.5,5,0,1.185,9,6.8356
1.4,89,7616,0,1,3200,0,10,0,6.4384,9,0.62903
1.4,79,2368,0,1,3050,0.3,9,0,5.5117,9,0.81644
1.4,60,1088,1,0,3750,0.2,7,0,0.75643,9,7.6487
1.4,64,6272,0,1,2850,0.3,2,0,3.8612,9,5.2444
1.4,52,9152,1,1,3450,0.8,7,0,1.7281,9,3.3481
1.4,34,4800,0,0,3050,0,6,0,1.556,9,4.338
1.4,96,9472,0,0,500,0.8,7,0,2.2683,9,2.5507
1.4,46,5824,1,1,650,0.1,3,0,2.2564,9,5.983
1.4,52,3584,1,1,200,1,9,0,1.1275,9,3.9912
1.4,10,8896,1,1,950,0.7,7,0,1.1164,9,5.1827
1.4,69,448,1,0,350,0,7,0,0.7021,9,8.2405
1.4,40,9600,1,0,500,0.8,5,0,1.5174,9,5.338
1.4,1,8384,0,0,750,0.1,7,0,0.82903,9,6.9789
1.4,57,1856,1,0,1100,0.4,9,0,0.67762,9,6.6409
1.4,83,4096,0,0,650,0.8,6,0,1.4979,9,4.5064
1.4,74,2752,0,1,3500,0.5,2,0,3.8579,9,5.249
1.4,75,5504,0,0,2450,0.7,8,0,2.2245,9,2.2758
1.4,83,5056,0,1,550,0.2,10,0,2.0263,9,1.9987
1.4,53,2560,0,0,1000,0.7,3,0,1.8687,9,7.2244
1.4,70,3136,1,1,1700,0.6,3,0,2.1799,9,6.1929
1.4,26,6080,1,1,1050,0.2,6,0,1.3328,9,5.0646
1.4,26,6080,0,1,700,0.4,3,0,2.1269,9,6.3471
1.4,25,8576,1,1,950,0.9,7,0,1.3147,9,4.4009
1.4,79,1792,0,1,3350,0.5,8,0,5.7265,9,0.88405
1.4,15,1536,1,1,3600,0.5,5,0,1.2693,9,6.3815
1.4,83,2944,0,0,2500,0,9,0,1.5618,9,2.8812
1.4,11,4544,0,1,2500,0.3,3,0,2.8667,9,4.7092
1.4,51,4864,1,0,3950,0.5,5,0,1.3025,9,6.2187
1.4,73,1920,1,1,650,0.7,9,0,1.0544,9,4.2677
1.4,58,5760,0,1,3050,0.2,2,0,3.7922,9,5.3398
1.4,55,8320,0,0,1050,1,1,0,5.2875,9,7.6595
1.4,98,4096,0,1,1100,0.2,7,0,2.5539,9,2.2655
1.4,89,2432,0,1,450,0.7,4,0,1.8161,9,5.5751
1.4,92,6336,1,1,500,0,2,0,3.5044,9,5.7785
1.4,58,5056,0,0,850,0.4,4,0,1.7315,9,5.8475
1.4,44,8896,0,0,2800,1,5,0,2.3669,9,3.4222
1.4,14,7872,0,0,850,0.1,5,0,1.2134,9,6.6755
1.4,91,3904,1,1,3950,0.5,1,0,5.3945,9,7.5077
1.4,86,128,1,0,3550,0.5,4,1.1811e-07,1.1528,9,8.7831
1.4,70,8640,1,1,1950,0,7,0,1.9318,9,2.995
1.4,17,8384,1,1,3050,0.6,6,0,1.3082,9,5.1598
1.4,41,3584,0,1,2700,0.5,7,0,4.3555,9,1.3284
1.4,1,8192,1,1,3850,0.7,8,0,0.90832,9,5.5735
1.4,52,9344,1,1,950,0.4,10,0,1.551,9,2.6112
1.4,37,3328,1,1,2500,0.5,3,0,2.0275,9,6.6583
1.4,93,256,0,1,3250,0.2,9,0,5.3921,9,0.83455
1.4,94,1152,0,1,3450,0.5,6,0,4.7276,9,1.4278
1.4,100,1984,0,0,350,0.1,5,0,1.2703,9,6.3765
1.4,31,2304,0,0,1450,0.5,8,0,1.2009,9,4.2155
1.4,34,8064,1,0,2850,1,9,0,0.94381,9,4.7679
1.4,60,1280,0,0,450,0.5,1,0,4.6405,9,8.7274
1.4,73,7488,0,0,2450,0.3,7,0,2.1788,9,2.6555
1.4,11,1152,0,0,600,0.1,3,0,1.5804,9,8.542
1.4,90,7424,0,1,250,0.2,4,0,2.3503,9,4.308
1.4,71,5504,1,1,2750,0.5,2,0,3.2006,9,6.3269
1.4,4,448,1,0,350,0.1,4,0,1.1382,9,8.8955
1.4,74,8320,1,1,1250,0.5,8,0,1.8687,9,2.7091
1.4,93,6080,0,0,3850,0.4,2,0,3.4668,9,5.8411
1.4,67,2048,0,0,1650,0.5,8,0,1.3762,9,3.6786
1.4,87,5184,1,1,2000,0.4,7,0,1.6887,9,3.4261
1.4,64,8960,1,0,3450,0.5,8,0,1.4794,9,3.422
1.4,41,8640,1,0,3000,0,2,0,2.8204,9,7.1799
1.4,70,7232,1,0,2100,0.7,1,0,5.3107,9,7.6262
1.4,78,8128,0,0,3800,0.2,1,0,5.6376,9,7.1838
1.4,57,1728,1,1,1050,0.3,3,0,1.9886,9,6.7888
1.4,49,2112,0,0,1950,0.7,1,0,4.7653,9,8.499
1.4,36,2176,1,1,3600,0.3,10,0,0.90671,9,4.4667
1.4,83,8640,0,0,3050,0.9,10,0,3.3395,9,1.2128
1.4,16,8768,1,1,2100,0.2,8,0,1.1171,9,4.5316
1.4,12,2816,0,0,1400,0.5,3,0,1.7413,9,7.7526
1.4,19,6400,1,1,2500,0.2,3,0,2.0251,9,6.6663
1.4,56,512,1,0,2000,0.7,5,0,0.95571,9,8.4754
1.4,26,2752,0,1,2400,0.1,1,0,4.9957,9,8.1069
1.4,33,3392,0,1,3500,0.2,6,0,4.4089,9,1.531
1.4,53,1920,0,1,3500,0.7,6,0,5.038,9,1.3398
1.4,11,6272,0,1,3550,0.9,5,0,4.7118,9,1.7191
1.4,16,4288,1,0,800,0.4,2,0,2.3688,9,8.5485
1.4,87,2880,1,0,2700,0.4,8,0,0.96898,9,5.2246
1.4,51,7168,0,0,2250,0.1,1,0,5.1533,9,7.859
1.4,60,7616,0,0,3600,0.6,9,0,2.7869,9,1.6147
1.4,47,576,1,1,2450,0.3,3,0,1.8757,9,7.1974
1.4,47,4096,1,0,3050,0.7,7,0,0.95757,9,6.0421
1.4,5,2432,1,0,3350,0.4,4,0,1.1546,9,8.7692
1.4,17,5120,0,0,200,0.2,5,0,1.0755,9,7.5315
1.4,64,4352,1,1,3700,0.6,1,0,5.2732,9,7.6804
1.4,75,1024,0,1,3600,0.5,7,0,5.4046,9,1.0705
1.4,50,3392,0,1,2000,1,6,0,3.5974,9,1.8764
1.4,27,768,0,1,3150,0.2,5,0,3.5406,9,2.2878
1.4,66,9536,1,0,1800,0.1,4,0,2.1303,9,4.7528
1.4,15,1856,0,1,1400,0.5,3,0,2.3127,9,5.8373
1.4,53,9728,0,0,1000,0.3,9,0,1.668,9,2.6978
1.4,34,2304,0,0,1550,0.3,3,0,1.8043,9,7.4823
1.4,30,3904,1,1,3050,0.2,2,0,2.768,9,7.3157
1.4,31,8384,0,0,2350,0.8,8,0,1.9978,9,2.5341
1.4,73,7552,0,0,3750,1,8,0,3.2536,9,1.556
1.4,66,7424,0,1,1500,1,5,0,3.2849,9,2.4658
1.4,56,192,0,1,1200,0.6,10,0,2.7537,9,1.4708
1.4,89,8768,1,1,2800,0.5,5,0,2.4665,9,3.284
1.4,72,3456,0,1,2900,0.5,1,0,5.4278,9,7.4615
1.4,92,4736,1,0,650,0.4,2,0,2.9492,9,6.8663
1.4,39,2176,0,1,2850,0.7,1,0,5.1939,9,7.7975
1.4,59,5568,1,1,3100,0.2,8,0,1.4147,9,3.5785
1.4,17,3712,0,0,1100,0.2,7,0,1.0206,9,5.6691
1.4,10,960,0,1,3000,0.5,9,0,5.4891,9,0.81981
1.4,19,9536,0,0,2700,0.9,10,0,2.2897,9,1.7688
1.4,96,5504,0,1,3150,0.8,8,0,6.5033,9,0.77845
1.4,78,128,1,0,3800,0.1,8,5.3995e-08,0.58867,9,8.6
1.4,16,704,0,0,550,0.3,8,0,0.75323,9,6.721
1.4,37,3904,0,1,2600,0.8,7,0,4.5561,9,1.2699
1.4,86,8896,0,1,1400,0.3,3,0,3.4331,9,3.9323
1.4,84,5376,0,0,3350,0.7,6,0,2.4958,9,2.7046
1.4,32,1728,0,0,3150,0,9,0,1.4393,9,3.1266
1.4,16,3648,0,1,200,0.8,3,0,1.7163,9,7.8656
1.4,4,2368,1,0,600,0,6,0,0.77536,9,8.7057
1.4,87,1344,1,0,850,0.1,9,0,0.69523,9,6.4727
1.4,47,8704,0,0,1050,1,9,0,1.721,9,2.6148
1.4,57,448,1,1,2750,0.9,2,0,2.6232,9,7.7195
1.4,38,896,1,1,3000,0.6,8,0,0.9492,9,5.3335
1.4,72,3072,0,0,2750,0.1,3,0,2.1239,9,6.3563
1.4,45,5952,0,1,650,0.8,9,0,2.1092,9,2.1335
1.4,98,2816,1,1,3000,0.7,8,0,1.3316,9,3.8017
1.4,65,9536,0,0,3600,0.2,9,0,2.6506,9,1.6978
1.4,88,448,0,0,1100,0.4,10,0,0.97408,9,4.1578
1.4,18,7616,1,1,800,0.8,9,0,1.0496,9,4.2874
1.4,85,3072,0,0,500,0.1,9,0,1.0632,9,4.2325
1.4,66,7232,1,0,950,0.1,4,0,1.8899,9,5.3573
1.4,26,2112,0,1,1600,0.2,8,0,2.7708,9,1.8271
1.4,84,9856,1,1,200,0.1,1,0,6.1417,9,6.5943
1.4,7,1728,1,1,2900,0.6,10,0,0.80199,9,5.0499
1.4,76,2944,0,0,700,1,8,0,1.2579,9,4.0245
1.4,7,4480,1,1,3450,0.1,8,0,0.94495,9,5.3574
1.4,21,9792,1,0,3200,0.6,6,0,1.0855,9,6.2186
1.4,90,5376,1,1,3000,0.3,4,0,2.2227,9,4.5552
1.4,21,5824,1,1,1800,0.3,10,0,0.97622,9,4.1487
1.4,16,3328,0,1,1950,1,1,0,4.9997,9,8.1005
1.4,13,9152,0,0,1450,0.8,2,0,2.596,9,7.8004
1.4,72,2240,1,1,600,0.7,10,0,1.0378,9,3.9024
1.4,52,4672,0,1,1650,0.6,3,0,2.8205,9,4.7864
1.4,54,1920,0,1,1750,0.7,2,0,3.1021,9,6.5279
1.4,51,7552,0,0,3800,0.9,4,0,2.6082,9,3.8819
1.4,88,7424,0,0,1200,1,10,0,2.2109,9,1.8319
1.4,52,8832,0,1,3650,0.1,7,0,5.4493,9,1.0617
1.4,51,9024,1,0,450,0.1,7,0,1.3808,9,4.1902
1.4,75,3840,1,0,1700,1,7,0,1.1085,9,5.2193
1.4,82,5632,0,1,750,0.9,3,0,2.6962,9,5.0071
1.4,99,6336,0,1,3250,0.7,8,0,6.6595,9,0.7602
1.4,5,2368,0,0,1650,0,3,0,1.6691,9,8.088
1.4,90,6080,0,1,700,0.7,7,0,2.4697,9,2.3427
1.4,80,6528,1,1,3000,0.4,4,0,2.2835,9,4.4341
1.4,32,2176,1,1,1800,0.9,2,0,2.6929,9,7.5196
1.4,75,2880,0,1,2950,1,7,0,5.4162,9,1.0682
1.4,23,2432,0,0,850,0.8,5,0,1.2176,9,6.6523
1.4,44,256,0,1,3200,0.7,9,0,6.1779,9,0.72841
1.4,41,4928,1,1,2950,0.7,6,0,1.4023,9,4.8136
1.4,75,7872,0,1,1050,0.6,6,0,2.8812,9,2.3428
1.4,66,7424,0,0,4000,0.4,8,0,2.6841,9,1.8861
1.4,23,896,0,1,1950,0.7,8,0,3.6539,9,1.3855
1.4,49,8384,0,0,1050,0.3,4,0,1.9399,9,5.2194
1.4,53,9536,0,0,2200,1,3,0,2.7007,9,4.9987
1.4,82,4544,1,1,2700,0.9,5,0,1.8219,9,4.4459
1.4,78,1984,0,0,2000,1,1,0,4.8651,9,8.3247
1.4,11,3264,1,1,1750,0.1,9,0,0.88963,9,5.0583
1.4,10,7296,0,0,3900,0.9,10,0,2.8088,9,1.4419
1.4,99,6592,0,0,450,0.6,3,0,2.5958,9,5.2007
1.4,53,8576,0,0,500,0.4,3,0,2.2827,9,5.9141
1.4,92,640,1,1,1600,0.6,4,0,1.551,9,6.5282
1.4,30,768,0,1,700,0.7,5,0,1.6246,9,4.9859
1.4,58,6144,0,0,1850,0.4,8,0,1.7526,9,2.8885
1.4,53,1920,0,0,3700,1,9,0,2.6793,9,1.6795
1.4,83,2432,1,1,3350,0.7,6,0,1.402,9,4.8146
1.4,48,3776,1,0,1850,0.4,9,0,0.79691,9,5.6468
1.4,66,3648,0,0,1900,0.6,6,0,1.6824,9,4.0121
1.4,92,6848,0,1,2450,0.9,3,0,4.0322,9,3.348
1.4,43,9280,1,1,1550,0.6,6,0,1.7137,9,3.9389
1.4,75,6144,1,0,2100,0.6,9,0,1.2388,9,3.6324
1.4,1,7936,1,1,1200,0.5,9,0,0.84542,9,5.3228
1.4,45,704,1,1,250,0,1,0,4.883,9,8.2942
1.4,41,4416,0,1,3850,0.3,5,0,4.4968,9,1.8013
1.4,97,9792,0,1,1050,0.5,9,0,3.7419,9,1.2026
1.4,91,6592,1,1,1100,1,3,0,2.7812,9,4.8541
1.4,7,3712,0,0,1150,0,1,0,4.5752,9,8.852
1.4,24,7360,1,1,2750,1,6,0,1.3621,9,4.9555
1.4,83,6464,1,1,3200,0.4,8,0,1.7435,9,2.9036
1.4,34,7488,0,0,650,0.4,7,0,1.237,9,4.6772
1.4,87,768,1,1,2000,0.5,3,0,1.9385,9,6.9642
1.4,67,6144,1,0,2550,0.8,3,0,2.1611,9,6.2467
1.4,2,1280,0,1,3750,0,2,0,3.4067,9,5.9441
1.4,19,8640,0,1,3350,0.6,1,0,5.3961,9,7.5054
1.4,76,7360,1,0,1600,0.4,6,0,1.6446,9,4.1042
1.4,23,6400,0,0,2750,0.9,10,0,2.266,9,1.7873
1.4,68,9344,1,1,2050,0.1,4,0,2.4623,9,4.112
1.4,79,2432,1,0,1200,0.1,4,0,1.4391,9,7.0356
1.4,83,2688,0,0,1650,0.7,9,0,1.6145,9,2.7872
1.4,82,384,1,1,2150,0.1,7,0,1.0255,9,5.6418
1.4,70,9792,1,0,3150,0.4,10,0,1.544,9,2.6231
1.4,54,3584,1,1,1650,1,1,0,5.1388,9,7.8812
1.4,41,1856,0,0,300,0.6,5,0,1.0919,9,7.418
1.4,24,704,0,1,2750,0.3,5,0,3.2872,9,2.4641
1.4,33,9024,0,1,2900,0.1,4,0,3.4474,9,2.937
1.4,71,4672,1,0,2250,0.4,4,0,1.6598,9,6.1003
1.4,38,512,0,0,1550,0.7,8,0,1.2313,9,4.1115
1.4,26,8384,1,0,850,0.1,5,0,1.255,9,6.4543
1.4,30,5824,1,1,3000,0.8,2,0,2.8591,9,7.0827
1.4,50,7808,1,0,2900,0,2,0,2.8775,9,7.0373
1.4,51,1216,1,0,2500,0.5,7,0,0.75127,9,7.7012
1.4,43,2112,1,1,2950,0.6,1,0,4.9764,9,8.1384
1.4,42,1216,0,0,3600,0.2,3,0,1.9712,9,6.8485
1.4,47,8192,0,1,2250,0.9,10,0,5.7538,9,0.70388
1.4,35,5440,1,0,450,1,7,0,0.95423,9,6.0632
1.4,79,3520,0,0,3400,0.4,10,0,2.3266,9,1.7407
1.4,40,6080,0,0,3600,0.5,7,0,2.168,9,2.6687
1.4,61,8576,1,1,3700,0.9,10,0,1.6099,9,2.5157
1.4,71,9792,1,1,3150,0.8,4,0,2.5569,9,3.9598
1.4,13,5696,0,0,200,0,3,0,1.6362,9,8.2509
1.4,79,6464,0,0,2200,0.6,1,0,5.4127,9,7.4824
1.4,32,2880,1,1,2100,0.4,6,0,1.2286,9,5.4942
1.4,12,5248,0,0,1400,0.3,4,0,1.4425,9,7.0191
1.4,97,5568,1,0,1850,0.8,5,0,1.7642,9,4.5913
1.4,54,1920,0,0,2400,0.1,3,0,1.9006,9,7.103
1.4,91,7744,0,1,2600,1,10,0,7.1495,9,0.56647
1.4,14,7232,1,0,1750,0.2,7,0,0.81329,9,7.1139
1.4,5,832,1,1,2550,0.7,10,0,0.78945,9,5.1302
1.4,27,3520,1,0,1450,0.4,5,0,1.0606,9,7.637
1.4,70,2048,1,1,2350,0.4,4,0,1.6845,9,6.0107
1.4,13,5696,1,0,3650,0.3,7,0,0.7703,9,7.511
1.4,18,576,0,0,1600,0.9,2,0,2.4506,9,8.2634
1.4,68,7872,0,1,1500,0.7,8,0,3.7629,9,1.3454
1.4,49,5824,0,0,1850,0.6,10,0,1.7943,9,2.2572
1.4,73,7488,1,0,2250,0.1,5,0,1.7745,9,4.5646
1.4,3,1600,1,0,2050,0.1,3,0,1.518,9,8.8935
1.4,94,7808,0,0,3350,0.1,3,0,2.9907,9,4.5139
1.4,47,9664,1,1,1350,0.9,3,0,2.5509,9,5.2922
1.4,50,640,0,1,2550,0.8,7,0,4.3081,9,1.343
1.4,57,8256,0,1,1400,0.7,3,0,3.0652,9,4.4043
1.4,17,1728,1,1,850,0.8,7,0,1.0222,9,5.6602
1.4,82,9472,0,1,2550,0.3,8,0,5.2986,9,0.95544
1.4,8,3264,0,0,2750,0.2,9,0,1.4344,9,3.1372
1.4,37,6720,1,0,1000,0.1,9,0,0.90344,9,4.9809
1.4,8,448,1,0,400,0.7,5,0,0.91605,9,8.8423
1.4,70,1152,1,1,2750,0.6,10,0,0.91035,9,4.4488
1.4,3,7872,1,1,2950,0,5,0,1.2702,9,6.3769
1.4,91,1536,0,1,1850,0.9,1,0,5.1046,9,7.934
1.4,9,9920,0,0,3700,0.8,1,0,4.8403,9,8.3672
1.4,31,7360,1,1,950,0.7,1,0,5.1936,9,7.7981
1.4,21,3456,1,0,2650,0.2,7,0,0.76797,9,7.5338
1.4,76,2560,0,1,2250,0,5,0,2.9364,9,2.7585
1.4,78,640,1,0,750,1,9,0,0.5893,9,7.6362
1.4,85,8512,1,0,2100,0.1,2,0,3.4042,9,5.9486
1.4,85,4864,1,0,2650,0.1,10,0,1.114,9,3.6357
1.4,25,8576,1,1,3400,0.2,10,0,1.1218,9,3.6103
1.4,21,4992,0,0,950,0.6,8,0,1.0962,9,4.6182
1.4,53,3520,0,1,550,0.6,2,0,2.7533,9,7.3548
1.4,19,1664,0,0,3600,0.5,9,0,2.017,9,2.231
1.4,4,8448,0,1,1550,0,10,0,2.8852,9,1.4037
1.4,97,6464,0,1,1000,0.8,2,0,3.6464,9,5.5534
1.4,28,5824,0,1,2250,0.3,6,0,3.3224,9,2.0317
1.4,1,6400,1,0,1350,0.5,10,0,0.4705,9,8.6079
1.4,11,5184,0,1,3700,0.1,3,0,3.365,9,4.0119
1.4,75,2112,1,0,1550,0.1,2,0,2.5108,9,8.0652
1.4,8,2944,1,1,1050,1,2,0,2.6201,9,7.7287
1.4,20,4480,0,1,450,0.6,1,0,4.7292,9,8.5639
1.4,23,4288,1,0,1000,0.6,5,0,1.0663,9,7.5964
1.4,76,5120,1,0,3200,0.3,5,0,1.5255,9,5.3097
1.4,72,8128,1,0,3100,0.6,4,0,2.0605,9,4.9138
1.4,32,6848,0,0,3900,0.3,9,0,2.2197,9,2.0273
1.4,60,6400,0,0,2600,0.8,5,0,2.2126,9,3.6608
1.4,41,2176,0,0,3100,0.9,2,0,2.7478,9,7.3696
1.4,89,3264,0,0,1300,0.7,2,0,2.8409,9,7.128
1.4,33,8640,1,0,1150,0.6,7,0,1.104,9,5.2408
1.4,3,1536,1,0,2100,0.6,2,0,2.2677,9,8.9299
1.4,3,9536,1,1,2850,0.3,8,0,0.9406,9,5.3822
1.4,65,9408,0,0,3750,1,8,0,3.3488,9,1.5117
1.4,20,9728,1,0,3200,0.3,8,0,0.88045,9,5.7499
1.4,90,128,0,0,1500,0,8,5.3995e-08,0.9412,9,5.3789
1.4,9,1792,1,0,750,0.8,2,0,2.2859,9,8.8587
1.4,94,2176,0,1,2000,0.2,1,0,5.1535,9,7.8587
1.4,76,2560,1,0,2950,0,1,0,4.818,9,8.4061
1.4,41,9984,1,1,3800,0.3,4,0,2.105,9,4.81
1.4,24,7808,0,0,500,0.6,4,0,1.5191,9,6.6649
1.4,10,9216,0,1,3450,0.7,10,0,7.3671,9,0.54974
1.4,58,2944,1,0,1100,0.9,3,0,1.7803,9,7.5829
1.4,88,1152,0,1,400,0,4,0,1.533,9,6.6048
1.4,69,8320,0,1,2150,0.7,4,0,3.7233,9,2.7193
1.4,54,9408,1,0,3200,0.9,5,0,1.7135,9,4.7272
1.4,85,2048,0,1,2050,0.9,6,0,3.595,9,1.8776
1.4,86,4480,0,0,1400,0.2,5,0,1.7608,9,4.6003
1.4,89,6016,1,0,3550,0.2,1,0,5.3568,9,7.5605
1.4,88,7808,1,1,2200,0,1,0,5.9191,9,6.8423
1.4,13,6272,0,0,2300,0.5,7,0,1.4998,9,3.8576
1.4,99,448,0,1,1450,0.5,10,0,3.1909,9,1.2692
1.4,83,3072,1,1,3600,0,7,0,1.3788,9,4.1962
1.4,93,7168,0,1,750,0.3,8,0,2.6436,9,1.915
1.4,42,4096,1,1,2050,0.2,4,0,1.7298,9,5.8532
1.4,88,8576,0,0,3050,0.4,9,0,2.8487,9,1.5796
1.4,10,7936,1,1,1450,0.4,1,0,4.9583,9,8.1681
1.4,1,5952,0,0,700,0.7,8,0,0.86112,9,5.879
1.4,88,5248,1,1,1550,0.9,8,0,1.6254,9,3.1145
1.4,54,768,1,0,4000,0.4,9,0,0.57594,9,7.8133
1.4,81,8640,1,1,3450,0.9,1,0,5.9392,9,6.8191
1.4,22,2048,1,0,3700,0.8,4,0,1.2066,9,8.3913
1.4,96,5248,0,0,3550,0.3,8,0,2.4696,9,2.0499
1.4,61,6784,0,0,2300,0.3,6,0,1.9447,9,3.4709
1.4,95,2432,1,1,2200,0.3,7,0,1.341,9,4.3146
1.4,64,3008,1,1,3700,0.9,1,0,5.1372,9,7.8837
1.4,74,8128,0,0,3850,0.8,3,0,3.0776,9,4.3865
1.4,75,896,0,0,3800,0.1,9,0,1.7357,9,2.5927
1.4,27,128,1,0,2600,0.9,7,0,0.6587,9,8.7837
1.4,31,7104,1,1,3650,0.3,4,0,1.806,9,5.6063
1.4,77,9024,1,0,300,0.1,10,0,1.5588,9,2.5981
1.4,44,7936,0,1,800,0.6,1,0,5.2023,9,7.785
1.4,51,8448,0,1,400,1,9,0,1.9612,9,2.2946
1.4,83,7680,1,1,3650,0.5,3,0,2.8406,9,4.7526
1.4,1,3840,1,0,2500,0.1,5,0,0.91645,9,8.8384
1.4,98,2496,1,0,1400,0,3,0,1.8971,9,7.1162
1.4,44,7040,1,0,1550,0.2,10,0,0.95006,9,4.2629
1.4,13,7488,1,0,2600,0.6,1,0,4.6643,9,8.683
1.4,85,7424,1,1,3650,0.6,7,0,1.9733,9,2.932
1.4,46,2176,1,0,1050,1,4,0,1.2936,9,7.8269
1.4,88,3328,0,1,2250,0.5,1,0,5.3766,9,7.5327
1.4,61,6208,0,1,1750,0,7,0,3.124,9,1.852
1.4,74,7936,0,0,1050,0.9,7,0,1.9955,9,2.8994
1.4,3,3904,1,0,3450,0.9,5,0,0.9289,9,8.72
1.4,50,9216,1,0,2800,0.1,1,0,5.2388,9,7.7307
1.4,59,8000,1,0,1950,0.7,5,0,1.6565,9,4.8897
1.4,19,6848,0,1,1300,0.6,5,0,2.3373,9,3.4655
1.4,79,5568,0,0,3050,0.7,5,0,2.376,9,3.4091
1.4,5,8000,1,1,3200,0,9,0,0.89611,9,5.0217
1.4,55,3712,1,0,500,0,7,0,0.97598,9,5.9281
1.4,94,9280,0,1,2200,1,8,0,5.7278,9,0.88385
1.4,93,7872,1,0,2250,0.5,2,0,3.4177,9,5.925
1.4,22,6208,1,0,2850,0,8,0,0.78879,9,6.4181
1.4,26,384,1,1,200,0.9,4,0,1.4737,9,6.8707
1.4,27,8000,0,1,2000,0,6,0,2.9355,9,2.2994
1.4,7,3648,0,0,2000,0.7,3,0,1.8521,9,7.2891
1.4,20,6912,1,1,1650,0,2,0,2.8014,9,7.2285
1.4,10,7616,1,0,1500,0.8,2,0,2.3808,9,8.5056
1.4,37,8384,1,0,2250,0,1,0,5.0008,9,8.0987
1.4,71,1856,1,1,1050,0.3,3,0,2.0412,9,6.6138
1.4,41,960,0,1,750,0.1,8,0,1.5845,9,3.1951
1.4,82,8640,1,1,3150,0.2,5,0,2.3529,9,3.4426
1.4,55,3328,0,1,3700,0.1,7,0,5.0679,9,1.1416
1.4,88,5440,1,0,2300,0.3,1,0,5.2672,9,7.6891
1.4,78,7232,1,1,3900,0.2,1,0,5.7246,9,7.0747
1.4,10,3904,0,1,1650,0.5,10,0,3.5498,9,1.1409
1.4,45,3264,0,1,3200,0.2,8,0,5.0374,9,1.005
1.4,22,6976,0,1,3300,0.9,8,0,6.3155,9,0.8016
1.4,80,3968,1,1,2400,0.3,6,0,1.5847,9,4.2595
1.4,72,4096,0,1,3750,0.6,10,0,8.051,9,0.50304
1.4,24,3264,0,0,750,0.7,4,0,1.403,9,7.2166
1.4,7,9408,0,1,1400,0.8,1,0,4.8856,9,8.2897
1.4,40,7616,0,0,800,1,5,0,1.6258,9,4.9822
1.4,26,8448,1,0,2000,0.9,9,0,0.85761,9,5.2471
1.4,56,7360,1,0,3600,0.9,6,0,1.4119,9,4.7806
1.4,20,6144,0,1,2000,0.5,1,0,5.0619,9,8.0009
1.4,32,256,0,1,950,0.1,7,0,1.7214,9,3.361
1.4,99,6528,1,1,3100,0.3,8,0,1.917,9,2.6408
1.4,40,9280,1,0,1750,0.1,1,0,5.0972,9,7.9456
1.4,53,960,1,0,1550,0.2,4,0,1.2158,9,8.3277
1.4,60,3456,0,0,1450,0.9,7,0,1.5524,9,3.7268
1.4,98,3840,1,0,750,0.8,7,0,1.2481,9,4.6355
1.4,79,8128,0,0,1100,0.4,9,0,1.9318,9,2.3294
1.4,76,3904,1,0,650,0.3,4,0,1.6044,9,6.3107
1.4,83,5056,1,1,850,0.7,6,0,1.7463,9,3.8654
1.4,17,704,0,1,2300,0.6,6,0,3.3967,9,1.9872
1.4,34,9728,1,0,2950,0.9,10,0,0.98325,9,4.119
1.4,84,7680,0,0,2250,0.8,2,0,3.5178,9,5.7565
1.4,35,7424,1,0,2400,0.4,9,0,0.92115,9,4.8852
1.4,13,896,1,1,1750,1,9,0,0.85129,9,5.2861
1.4,67,8320,0,0,1400,0.3,2,0,3.2404,9,6.2493
1.4,95,4608,1,1,3750,0.7,9,0,1.5249,9,2.951
1.4,72,4032,0,1,1550,0.6,8,0,3.3831,9,1.4964
1.4,46,9792,1,0,1400,0.2,9,0,1.2224,9,3.6811
1.4,79,2240,0,1,1550,1,9,0,3.7742,9,1.1923
1.4,86,5312,0,1,200,0.8,4,0,2.0125,9,5.0311
1.4,60,4928,0,0,2050,1,8,0,2.0243,9,2.5008
1.4,61,8640,1,0,1450,0.8,6,0,1.5936,9,4.2358
1.4,56,7616,0,0,3550,1,6,0,2.715,9,2.4862
1.4,15,256,0,0,700,0.9,10,0,0.85781,9,4.7213
1.4,21,896,1,0,1500,0.6,6,0,0.79013,9,8.5429
1.4,14,6336,0,1,2100,0.4,6,0,3.1356,9,2.1527
1.4,30,1536,1,0,2550,0.1,10,0,0.53323,9,7.5953
1.4,11,8576,1,0,3450,0.8,4,0,1.2845,9,7.8824
1.4,12,3136,0,0,3100,0.1,10,0,1.5339,9,2.6403
1.4,61,9088,0,0,1600,0.4,7,0,1.9922,9,2.9041
1.4,60,5888,0,1,1950,0.9,4,0,3.3144,9,3.0549
1.4,55,9472,1,1,400,0.1,10,0,1.6064,9,2.5211
1.4,35,3968,1,0,2200,0,8,0,0.79243,9,6.3886
1.4,20,5888,0,1,500,0.9,7,0,1.5547,9,3.7215
1.4,80,1216,0,0,2750,0.5,7,0,1.6673,9,3.4702
1.4,35,7936,0,0,700,0.7,8,0,1.2908,9,3.922
1.4,52,6528,1,1,1200,0.1,6,0,1.6195,9,4.168
1.4,56,6144,0,1,1500,0.4,7,0,3.0554,9,1.8936
1.4,68,2880,0,0,3550,0.3,10,0,2.1478,9,1.8856
1.4,56,7488,1,0,600,0.9,8,0,1.2358,9,4.0966
1.4,27,2560,1,0,1300,0.6,10,0,0.56965,9,7.1096
1.4,57,5440,0,0,2250,0.1,10,0,1.6833,9,2.406
1.4,8,9216,1,0,1300,1,5,0,1.0269,9,7.8876
1.4,16,9344,0,1,3750,0.9,4,0,4.4916,9,2.2542
1.4,100,3008,0,1,1600,0.9,1,0,5.3057,9,7.6332
1.4,75,576,0,1,3700,0.6,10,0,7.5613,9,0.53562
1.4,97,1024,0,0,2750,0.9,4,0,1.9163,9,5.2836
1.4,47,1088,0,1,2350,0.8,9,0,4.8645,9,0.92507
1.4,56,9408,0,1,1500,0.2,1,0,5.5787,9,7.2597
1.4,77,3584,0,1,1350,0.3,8,0,2.8505,9,1.776
1.4,94,7168,0,1,1500,0.3,7,0,3.5092,9,1.6487
1.4,43,8832,0,1,200,1,1,0,5.142,9,7.8763
1.4,78,1856,1,0,1100,0.2,6,0,0.98924,9,6.8234
1.4,35,1792,1,1,1100,0.9,2,0,2.682,9,7.5503
1.4,42,3136,1,1,2550,1,4,0,1.6661,9,6.0771
1.4,13,8256,0,0,3250,0.3,2,0,2.6751,9,7.5698
1.4,24,9344,1,0,3050,0.2,5,0,1.2649,9,6.4037
1.4,66,8320,1,0,3000,0.7,9,0,1.3785,9,3.2645
1.4,58,704,1,0,3800,0,9,0,0.57493,9,7.827
1.4,21,9984,0,1,800,0.7,8,0,2.1537,9,2.3506
1.4,59,2304,0,0,2650,0.3,1,0,4.8203,9,8.402
1.4,45,6976,0,0,2000,0.2,7,0,1.6421,9,3.5233
1.4,96,8512,0,1,1250,0.5,4,0,3.3354,9,3.0356
1.4,92,6656,0,1,3300,0.9,1,0,6.1525,9,6.5827
1.4,52,448,0,0,2600,0.5,3,0,1.8898,9,7.1436
1.4,30,8832,0,1,3650,0.9,10,0,8.4877,9,0.47716
1.4,16,3968,1,0,1800,0.2,4,0,1.2357,9,8.1934
1.4,11,960,0,0,3550,0.3,7,0,1.6314,9,3.5464
1.4,56,9152,0,0,3050,0.4,7,0,2.3537,9,2.4582
1.4,26,896,0,1,3450,0,5,0,3.5875,9,2.2578
1.4,13,2368,1,0,3550,0.1,6,0,0.80905,9,8.3432
1.4,7,6912,1,1,1450,0.2,8,0,0.97186,9,5.2091
1.4,87,7488,1,1,1300,0.5,1,0,5.8627,9,6.9081
1.4,40,8640,1,1,1100,1,5,0,1.7792,9,4.5526
1.4,64,8384,0,1,650,0.7,10,0,2.5749,9,1.5729
1.4,39,192,1,1,200,0.6,2,0,2.5947,9,7.8043
1.4,12,1280,1,1,400,0,2,0,2.6072,9,7.7671
1.4,48,4864,1,0,1500,0.7,2,0,2.6295,9,7.7012
1.4,18,2688,1,0,3500,0.4,3,0,1.5869,9,8.5073
1.4,79,2176,1,0,1000,1,2,0,2.5321,9,7.9972
1.4,50,640,0,0,3200,0.4,2,0,2.571,9,7.8762
1.4,74,448,1,0,3050,0.2,2,0,2.3128,9,8.7557
1.4,38,7104,1,1,500,0.5,4,0,1.8846,9,5.3724
1.4,50,9536,1,1,3300,0.3,7,0,1.7295,9,3.3454
1.4,52,4864,1,0,2650,0.9,7,0,1.0531,9,5.4941
1.4,47,2688,1,0,3100,0.8,1,0,4.7101,9,8.5985
1.4,20,3136,1,1,1600,0.9,3,0,1.932,9,6.9875
1.4,97,8960,1,1,3350,0.5,7,0,2.3497,9,2.4624
1.4,36,448,0,0,3350,0.4,3,0,1.9497,9,6.924
1.4,48,8640,1,1,3000,0.4,7,0,1.6313,9,3.5466
1.4,8,8192,0,1,3850,0.6,2,0,3.8251,9,5.294
1.4,56,3456,0,0,3750,0.8,8,0,2.5005,9,2.0246
1.4,50,1664,1,1,2900,1,7,0,1.1073,9,5.2253
1.4,47,1664,0,1,3550,1,9,0,7.4864,9,0.60109
1.4,67,7168,1,0,2050,1,4,0,1.8946,9,5.3442
1.4,30,7936,0,0,950,0.6,2,0,2.7168,9,7.4537
1.4,85,5760,1,1,3350,0.6,8,0,1.6694,9,3.0326
1.4,97,7424,0,0,2800,0.1,6,0,2.4439,9,2.7619
1.4,34,4352,1,0,1300,0.2,3,0,1.7443,9,7.7395
1.4,83,9216,1,1,800,1,5,0,2.4421,9,3.3168
1.4,33,5760,0,0,1600,1,3,0,2.0934,9,6.4487
1.4,38,9152,0,0,2750,0.7,9,0,2.3218,9,1.9382
1.4,16,7168,0,1,2350,0.7,5,0,3.3896,9,2.3897
1.4,52,6720,0,1,1050,1,8,0,2.9145,9,1.737
1.4,3,3840,1,1,2300,0.3,7,0,0.99394,9,5.821
1.4,69,6208,0,1,2400,0.3,2,0,3.752,9,5.3971
1.4,85,9792,1,1,3900,0.1,3,0,3.1486,9,4.2876
1.4,9,896,1,0,1500,0.5,4,0,1.1481,9,8.8187
1.4,63,4544,1,1,2700,1,4,0,1.9104,9,5.2999
1.4,95,7552,1,0,2600,0.9,10,0,1.5945,9,2.5399
1.4,41,640,1,1,2250,0.9,3,0,1.8744,9,7.2025
1.4,97,3200,0,0,650,0.9,2,0,2.8161,9,7.1908
1.4,37,7488,0,0,400,0.1,7,0,1.175,9,4.924
1.4,34,8448,1,1,2300,0.4,4,0,1.9119,9,5.2957
1.4,20,4480,0,1,1700,1,5,0,2.8656,9,2.8266
1.4,48,2304,1,0,2800,0.5,7,0,0.82807,9,6.987
1.4,99,7808,0,1,250,0.2,8,0,2.1146,9,2.394
1.4,88,2496,0,1,2800,0.8,4,0,3.7365,9,2.7097
1.4,53,5760,1,1,2900,0,3,0,2.3155,9,5.8303
1.4,34,2176,1,1,1850,0.1,8,0,1.0123,9,5.0008
1.4,98,3264,1,0,2700,1,1,0,5.0161,9,8.0741
1.4,41,8512,0,1,2850,0.2,6,0,4.1334,9,1.633
1.4,20,2752,1,0,400,0.3,8,0,0.65989,9,7.6717
1.4,5,5440,1,0,3800,0.7,5,0,0.95338,9,8.4961
1.4,66,3904,0,1,3550,0.4,8,0,6.0223,9,0.84062
1.4,24,8576,0,1,1100,0.7,7,0,2.4847,9,2.3285
1.4,95,1792,1,1,2400,0,3,0,2.102,9,6.4225
1.4,61,4160,1,1,1000,0.6,6,0,1.484,9,4.5484
1.4,65,4416,1,0,1400,1,9,0,0.96415,9,4.6673
1.4,88,2816,1,1,1000,0.4,7,0,1.3675,9,4.231
1.4,28,7744,0,1,3800,0,6,0,4.5932,9,1.4696
1.4,87,2624,0,1,800,0.3,3,0,2.2735,9,5.9379
1.4,78,4352,0,1,2950,1,4,0,4.1997,9,2.4109
1.4,38,9024,1,1,1550,0.6,5,0,1.775,9,4.5635
1.4,3,2112,0,0,2250,0.5,4,0,1.5443,9,6.5566
1.4,21,3840,0,0,1000,0.7,5,0,1.2829,9,6.3137
1.4,99,9984,0,0,3950,0.6,4,0,3.4494,9,2.9353
1.4,36,4416,0,1,1250,0.9,8,0,2.8983,9,1.7467
1.4,57,8832,0,1,3700,0.2,10,0,7.3811,9,0.5487
1.4,7,5760,0,1,3250,0.9,9,0,6.6711,9,0.67456
1.4,5,2240,0,0,2850,0.4,7,0,1.5012,9,3.8541
1.4,96,4480,0,0,3350,0.5,10,0,2.6457,9,1.5308
1.4,66,1792,0,0,450,0.5,1,0,4.7061,9,8.6058
1.4,63,128,0,0,1500,0.2,3,0,1.6744,9,8.0626
1.4,15,2688,0,1,1650,0.4,4,0,2.3622,9,4.2863
1.4,42,8128,0,1,3150,1,10,0,7.7578,9,0.52206
1.4,67,6912,0,0,600,0.8,5,0,1.7938,9,4.5156
1.4,44,5888,1,0,4000,0.7,4,0,1.5449,9,6.5537
1.4,76,256,0,0,4000,0.7,1,0,4.7337,9,8.5557
1.4,46,3712,1,0,3850,0.7,4,0,1.4053,9,7.2048
1.4,50,5888,1,1,3250,0.3,8,0,1.3608,9,3.7203
1.4,30,9408,0,1,2900,0.8,1,0,5.5332,9,7.3195
1.4,39,4864,0,0,2150,0.4,9,0,1.618,9,2.7812
1.4,24,5568,1,1,900,0.1,9,0,1.0441,9,4.3098
1.4,32,2112,1,1,2200,0.5,9,0,0.93971,9,4.7887
1.4,46,3904,1,0,250,0.4,1,0,4.7943,9,8.4476
1.4,80,8064,1,0,2800,1,7,0,1.6731,9,3.4581
1.4,65,4288,1,1,2400,0.1,3,0,2.2735,9,5.938
1.4,61,1408,1,1,1600,0,10,0,0.91865,9,4.4087
1.4,5,9408,0,1,550,0.9,7,0,1.5282,9,3.786
1.4,96,4928,1,1,2950,0.2,7,0,1.7236,9,3.3567
1.4,94,960,1,1,3350,0.3,1,0,4.9755,9,8.1398
1.4,68,2496,1,1,3950,0.9,1,0,5.1012,9,7.9393
1.4,90,3520,0,1,3450,0.9,3,0,4.1555,9,3.2487
1.4,77,1856,1,1,900,1,9,0,1.0588,9,4.2501
1.4,55,8128,0,0,2950,0.1,6,0,2.0422,9,3.3052
1.4,57,5248,1,0,950,0.2,4,0,1.6083,9,6.2956
1.4,49,6016,1,0,3300,0.5,1,0,4.9764,9,8.1384
1.4,14,2240,0,0,2050,0,8,0,1.1038,9,4.5863
1.4,87,1856,1,0,250,0.5,4,0,1.3906,9,7.2808
1.4,26,832,0,1,2450,0.8,6,0,3.7663,9,1.7922
1.4,56,2880,1,0,3450,0.7,6,0,1.0153,9,6.648
1.4,3,7168,1,0,600,0,2,0,2.2944,9,8.8259
1.4,97,5248,1,1,2200,1,4,0,2.2626,9,4.4749
1.4,57,1152,1,0,2900,0.7,1,0,4.6142,9,8.7773
1.4,90,9344,1,0,1400,0.4,5,0,2.2398,9,3.6164
1.4,11,2816,0,1,1800,0.2,1,0,4.8454,9,8.3584
1.4,2,256,0,1,350,1,4,0,1.4223,9,7.1187
1.4,30,5056,0,0,3600,1,2,0,2.9253,9,6.9224
1.4,71,6848,1,0,1900,0.9,2,0,3.029,9,6.6854
1.4,58,4096,0,0,2850,0.7,9,0,2.1925,9,2.0524
1.4,17,2752,0,1,2950,0.1,10,0,5.2368,9,0.77337
1.4,19,3008,1,0,3400,0.9,10,0,0.55073,9,7.3539
1.4,36,4416,1,1,3100,0.6,8,0,1.1467,9,4.4149
1.4,85,5248,0,0,2900,0.8,9,0,2.6272,9,1.7129
1.4,93,4672,1,1,1550,0.1,6,0,1.7697,9,3.8141
1.4,8,5824,1,1,550,0.4,7,0,1.0494,9,5.5135
1.4,81,8640,1,1,3100,0.6,7,0,2.0821,9,2.7788
1.4,13,3392,1,1,1400,0.6,4,0,1.5276,9,6.6281
1.4,65,5952,0,0,700,0.7,5,0,1.692,9,4.7872
1.4,85,512,0,0,950,0.1,3,0,1.663,9,8.1181
1.4,94,2752,0,1,1750,0.6,2,0,3.3246,9,6.091
1.4,80,7808,0,0,3300,0.9,5,0,2.8368,9,2.8553
1.4,59,3200,1,1,2850,0.5,4,0,1.7563,9,5.7648
1.4,89,6592,0,1,3100,1,7,0,6.2281,9,0.92897
1.4,14,6592,1,0,1150,0.9,7,0,0.79913,9,7.24
1.4,29,6976,1,1,500,0.1,8,0,1.2152,9,4.166
1.4,65,9728,1,0,2450,0.9,5,0,1.91,9,4.2409
1.4,93,6656,1,1,450,0.1,2,0,3.5614,9,5.6859
1.4,50,3136,0,1,700,0.3,3,0,2.1099,9,6.3984
1.4,43,9152,1,1,2450,0,3,0,2.455,9,5.499
1.4,2,960,1,1,2350,0,7,0,0.97876,9,5.9113
1.4,63,5888,1,0,1950,0,8,0,1.1593,9,4.3669
1.4,76,2880,1,1,650,0.8,1,0,5.1789,9,7.8202
1.4,82,6016,1,0,1850,0.5,4,0,1.9152,9,5.2866
1.4,40,2688,0,0,2500,0.5,1,0,4.7829,9,8.4677
1.4,16,4800,1,0,3250,0.2,5,0,1.0318,9,7.8504
1.4,19,1408,1,1,3450,0,5,0,1.2752,9,6.3521
1.4,92,2880,1,0,1450,0.2,3,0,1.9292,9,6.9976
1.4,51,4032,0,1,1750,1,4,0,2.9536,9,3.4281
1.4,35,6208,0,0,1500,0.5,6,0,1.5027,9,4.4918
1.4,32,9920,1,1,250,1,7,0,1.4776,9,3.9157
1.4,43,960,0,0,900,0.1,7,0,0.9148,9,6.3246
1.4,18,1536,0,0,3100,0.5,7,0,1.666,9,3.4729
1.4,30,1280,1,1,1400,0.9,5,0,1.2936,9,6.2617
1.4,88,7872,1,0,2650,1,5,0,2.0055,9,4.0389
1.4,88,1088,1,0,2050,0.8,8,0,0.72424,9,6.9901
1.4,32,7232,0,1,850,0.7,4,0,2.1546,9,4.6992
1.4,82,3328,0,0,3950,0.2,1,0,5.0743,9,7.9814
1.4,70,512,1,0,2200,0.8,4,0,1.192,9,8.4938
1.4,73,2816,0,0,1250,0.1,1,0,4.8666,9,8.322
1.4,73,9984,0,1,350,0.8,8,0,2.2773,9,2.223
1.4,63,6528,1,0,850,0.4,1,0,5.1605,9,7.848
1.4,77,4480,0,0,2400,1,7,0,2.2088,9,2.6193
1.4,52,7360,1,0,1700,0.5,1,0,5.1154,9,7.9173
1.4,49,9344,0,1,2350,0.1,7,0,3.995,9,1.4483
1.4,68,2368,1,1,1000,0.8,10,0,1.0374,9,3.9039
1.4,5,3904,1,1,800,0.3,6,0,1.1137,9,6.0607
1.4,31,8704,1,1,1050,0.9,5,0,1.6594,9,4.8812
1.4,36,5760,0,1,1400,0.1,9,0,2.8406,9,1.5842
1.4,11,7936,1,1,3350,0,7,0,1.1137,9,5.1949
1.4,21,8832,0,0,500,0.3,2,0,2.5811,9,7.8455
1.4,53,6016,1,0,2650,0,9,0,1.0144,9,4.436
1.4,56,4160,1,0,1900,0.9,10,0,0.82866,9,4.8874
1.4,60,6272,1,0,300,0.8,10,0,1.0553,9,3.8378
1.4,65,6336,1,1,500,0.2,4,0,2.1089,9,4.801
1.4,12,8640,0,1,1600,0.9,3,0,2.6688,9,5.0584
1.4,37,8832,0,0,3800,0.2,10,0,2.3398,9,1.7309
1.4,16,8640,1,0,250,1,6,0,0.97892,9,6.8954
1.4,26,1728,0,0,450,0.4,5,0,1.0652,9,7.6044
1.4,34,4288,0,0,3700,0.2,10,0,2.0162,9,2.0087
1.4,91,4800,0,1,2950,0.2,3,0,3.6571,9,3.6914
1.4,70,1024,1,0,2700,0.5,4,0,1.2487,9,8.1085
1.4,55,6080,0,1,1200,0.2,8,0,2.6805,9,1.8886
1.4,49,704,0,1,3200,0.5,8,0,5.3323,9,0.9494
1.4,15,512,0,1,1200,0.1,3,0,2.0896,9,6.4605
1.4,11,1152,1,0,600,0.8,9,0,0.53041,9,8.4839
1.4,14,7552,0,1,3050,0.8,8,0,5.6702,9,0.89283
1.4,76,7360,0,1,300,0.8,9,0,1.93,9,2.3316
1.4,24,384,1,0,600,0.3,8,0,0.58745,9,8.6177
1.4,39,5952,1,1,2850,0.8,10,0,1.1498,9,3.5223
1.4,58,9664,1,0,2400,0.1,2,0,3.1465,9,6.4358
1.4,76,1792,0,0,2400,0.6,5,0,1.6971,9,4.7729
1.4,93,2944,0,0,1950,0,9,0,1.4583,9,3.0857
1.4,95,2304,0,0,3250,0.5,9,0,2.1705,9,2.0733
1.4,81,1536,0,0,500,0.9,4,0,1.4346,9,7.0578
1.4,19,6528,1,0,3550,0.9,2,0,2.4565,9,8.2436
1.4,34,5184,1,0,3850,0.3,4,0,1.414,9,7.1605
1.4,57,3520,1,0,800,0.4,3,0,1.8276,9,7.3869
1.4,80,9600,0,0,2850,0.3,4,0,2.7858,9,3.6345
1.4,19,9600,0,1,3550,0.1,1,0,5.3537,9,7.5649
1.4,92,9216,1,0,3600,0.2,7,0,1.9936,9,2.9022
1.4,22,960,0,0,850,0.1,2,0,2.34,9,8.6537
1.4,82,7552,1,1,500,0.1,8,0,1.8743,9,2.701
1.4,1,8384,0,1,200,0.2,8,0,0.83846,9,6.0378
1.4,21,7040,0,1,1850,0.3,9,0,3.5983,9,1.2506
1.4,46,896,0,1,2550,0.3,1,0,5.0068,9,8.0889
1.4,40,1856,0,0,900,0.3,3,0,1.7228,9,7.8362
1.4,10,5632,0,0,950,0,9,0,0.84448,9,5.3287
1.4,61,448,0,1,2850,0.1,2,0,3.2023,9,6.3235
1.4,81,7808,0,1,3400,1,3,0,4.693,9,2.8766
1.4,61,448,1,0,2050,0,1,0,4.5536,9,8.8941
1.4,57,9664,1,1,1100,0.3,9,0,1.7037,9,2.6413
1.4,7,5632,1,0,2700,0.2,2,0,2.3227,9,8.7183
1.4,86,320,0,1,1900,0.5,8,0,3.4024,9,1.4879
1.4,65,7552,1,0,650,0.3,2,0,3.0364,9,6.6691
1.4,71,6912,0,1,2700,1,3,0,4.0173,9,3.3605
1.4,23,6272,0,1,1650,0.2,7,0,2.7854,9,2.0772
1.4,73,2880,0,1,1850,0.3,2,0,3.2142,9,6.3001
1.4,23,1152,1,0,1000,0.3,1,0,4.5523,9,8.8967
1.4,96,6912,1,1,1800,0.7,3,0,2.8818,9,4.6845
1.4,6,1408,1,0,3100,0.3,3,0,1.5237,9,8.8598
1.4,30,5440,0,0,2050,0.3,2,0,2.6697,9,7.5852
1.4,73,1920,1,0,3300,0.9,6,0,0.98195,9,6.8741
1.4,44,6464,0,1,1100,1,5,0,2.5326,9,3.1983
1.4,52,7616,0,1,1750,0,6,0,2.9897,9,2.2578
1.4,31,6144,1,1,400,0.7,5,0,1.534,9,5.2804
1.4,97,960,1,0,1150,0.1,4,0,1.2826,9,7.8942
1.4,81,320,1,0,3900,1,10,0,0.50136,9,8.0781
1.4,20,7232,0,1,850,0.4,5,0,1.887,9,4.2924
1.4,42,8384,1,0,1150,0.4,1,0,5.067,9,7.9928
1.4,21,2432,0,0,2000,0.1,10,0,1.1913,9,3.3997
1.4,32,4416,1,1,1200,0.5,10,0,1.0063,9,4.0248
1.4,19,1472,1,0,450,0.8,9,0,0.5546,9,8.114
1.4,54,5504,1,1,3500,0.2,3,0,2.3027,9,5.8626
1.4,12,1664,1,0,2750,0.9,3,0,1.5419,9,8.7552
1.4,89,6272,0,1,2100,0.8,10,0,5.5796,9,0.72586
1.4,82,4416,0,1,350,0.1,4,0,1.9189,9,5.2764
1.4,83,7424,1,0,3750,0.5,7,0,1.6273,9,3.5553
1.4,96,8256,0,0,3400,0.6,5,0,2.9748,9,2.7229
1.4,88,256,1,0,750,0.4,9,0,0.546,9,8.2419
1.4,82,9920,1,0,800,0.9,1,0,5.7963,9,6.9872
1.4,11,4672,0,0,1100,0.7,7,0,1.1221,9,5.1562
1.4,39,9792,0,1,2000,0.4,4,0,3.1533,9,3.211
1.4,69,2624,0,0,250,0.1,3,0,1.8129,9,7.4468
1.4,64,4480,0,1,450,0.5,9,0,1.7004,9,2.6464
1.4,56,8768,0,1,2250,0.2,8,0,4.3222,9,1.1713
1.4,49,5184,1,0,750,0.3,1,0,4.9119,9,8.2452
1.4,71,7360,0,0,2900,0.5,3,0,2.7203,9,4.9626
1.4,53,4224,0,1,350,0.3,10,0,1.402,9,2.8886
1.4,9,3776,1,0,550,1,4,0,1.1891,9,8.5148
1.4,40,6272,1,0,3900,0.2,2,0,2.657,9,7.6214
1.4,12,6336,1,1,1350,0.9,4,0,1.5781,9,6.4161
1.4,49,960,1,1,2950,0.2,6,0,1.1572,9,5.8329
1.4,36,9536,0,0,2150,0.4,2,0,2.9731,9,6.811
1.4,23,5824,1,0,2200,0.9,4,0,1.3471,9,7.5159
1.4,66,7552,0,1,2500,0,10,0,5.0794,9,0.79734
1.4,68,6784,0,1,1350,0.1,3,0,2.8789,9,4.6893
1.4,34,3072,1,1,1450,0.6,6,0,1.248,9,5.4087
1.4,23,7808,0,0,1350,0.8,10,0,1.4695,9,2.7561
1.4,87,9280,1,0,1350,0.3,5,0,2.1867,9,3.7042
1.4,85,1088,1,0,650,0.1,7,0,0.79943,9,7.2373
1.4,88,9856,1,0,2400,0.5,10,0,1.8315,9,2.2113
1.4,4,1856,1,0,500,0.4,4,0,1.1471,9,8.8265
1.4,48,3584,0,1,1700,0.2,2,0,3.0882,9,6.5572
1.4,46,3904,1,0,3400,1,1,0,4.7943,9,8.4476
1.4,64,9152,0,0,2950,0.8,9,0,2.8705,9,1.5677
1.4,33,3328,0,0,1750,1,6,0,1.5617,9,4.3223
1.4,33,9600,1,1,1750,0.1,5,0,1.7337,9,4.6721
1.4,35,640,1,0,800,0.3,9,0,0.54579,9,8.2449
1.4,17,5888,0,0,1550,0,1,0,4.7036,9,8.6104
1.4,52,3136,1,0,1650,0.9,6,0,1.0182,9,6.6295
1.4,26,2304,1,0,250,0.7,6,0,0.85508,9,7.894
1.4,21,384,1,1,3950,0.1,6,0,1.0956,9,6.1609
1.4,44,5440,1,0,1350,0.6,5,0,1.2888,9,6.285
1.4,53,3008,0,1,1100,0.7,4,0,2.2395,9,4.5211
1.4,71,704,1,0,1050,0.5,5,0,0.9894,9,8.1868
1.4,76,5888,0,1,350,0.2,5,0,1.8992,9,4.265
1.4,71,4480,1,0,3350,0.9,1,0,5.0132,9,8.0786
1.4,29,896,1,0,750,0.7,3,0,1.5515,9,8.7015
1.4,60,2496,1,0,2100,0.8,10,0,0.69713,9,5.8095
1.4,25,6912,0,1,3650,0.3,9,0,6.4223,9,0.70068
1.4,59,6720,1,1,2050,0.2,3,0,2.4596,9,5.4886
1.4,49,9920,0,1,1950,0.3,9,0,4.2923,9,1.0484
1.4,60,1216,0,0,1150,0.8,10,0,1.1921,9,3.3973
1.4,27,4160,0,1,2200,0.3,7,0,3.4629,9,1.6707
1.4,11,2048,0,0,3350,0.1,3,0,1.8661,9,7.2344
1.4,75,9984,0,1,650,0.2,10,0,2.7078,9,1.4957
1.4,14,1024,0,1,700,0.1,5,0,1.4833,9,5.4608
1.4,9,5952,0,1,1500,0.3,5,0,2.2724,9,3.5645
1.4,69,448,1,1,600,0.4,7,0,1.0246,9,5.6468
1.4,45,3648,1,0,2900,0,6,0,1.0199,9,6.6183
1.4,55,7488,1,0,3150,0.1,1,0,5.1614,9,7.8467
1.4,41,1792,1,0,1750,1,8,0,0.68903,9,7.3473
1.4,66,8960,1,0,1250,0,3,0,2.4452,9,5.521
1.4,46,8000,0,1,800,0.5,1,0,5.2321,9,7.7408
1.4,64,2496,0,1,400,0.5,1,0,4.8279,9,8.3888
1.4,88,9536,0,1,2600,0.8,5,0,4.8545,9,1.6686
1.4,98,7424,1,1,2300,0.7,10,0,1.933,9,2.0952
1.4,32,7680,1,0,550,0.8,1,0,4.8989,9,8.2672
1.4,12,768,0,0,350,0.6,10,0,0.63374,9,6.3906
1.4,93,2688,0,1,3700,1,7,0,6.5992,9,0.87674
1.4,56,8512,1,0,2950,0.2,2,0,3.0139,9,6.7188
1.4,47,4672,0,0,2750,0.2,5,0,1.7426,9,4.6481
1.4,88,4480,1,0,2350,0.3,5,0,1.5336,9,5.2816
1.4,96,960,1,1,1700,0,2,0,2.7286,9,7.4215
1.4,92,6336,0,0,200,0.8,6,0,1.7356,9,3.8891
1.4,67,9856,1,0,1450,0.3,8,0,1.6168,9,3.1312
1.4,20,3136,0,1,1000,0.2,2,0,2.6793,9,7.5579
1.4,98,7168,0,0,700,0.7,1,0,5.6484,9,7.1702
1.4,60,9664,1,0,900,0.5,1,0,5.427,9,7.4627
1.4,56,9216,1,1,2900,1,2,0,3.3987,9,5.9581
1.4,97,4992,0,1,3150,0.6,2,0,4.2134,9,4.8061
1.4,80,832,1,1,400,0.2,7,0,1.0809,9,5.3524
1.4,23,6528,0,0,3550,0.3,10,0,2.0756,9,1.9512
1.4,98,4096,1,0,1400,1,7,0,1.2878,9,4.4927
1.4,41,2176,1,1,3800,0.4,1,0,4.9739,9,8.1425
1.4,24,7616,0,1,2250,0.7,6,0,3.6911,9,1.8287
1.4,77,9600,1,0,550,0.7,2,0,3.4289,9,5.9056
1.4,27,7040,1,1,1500,0.8,2,0,2.8834,9,7.0231
1.4,53,3648,0,1,3100,0.6,5,0,4.1501,9,1.9518
1.4,98,8320,0,0,1850,1,10,0,2.8609,9,1.4156
1.4,55,3456,1,1,3950,1,9,0,1.1334,9,3.9705
1.4,48,5952,0,0,2300,0.6,6,0,1.8697,9,3.6102
1.4,55,5376,0,0,3000,0.7,8,0,2.2606,9,2.2394
1.4,20,3968,0,1,3950,1,7,0,6.7033,9,0.86311
1.4,79,448,0,0,2500,0.4,7,0,1.4381,9,4.0231
1.4,36,128,1,1,2400,0.4,4,1.1811e-07,1.4652,9,6.9106
1.4,57,9792,1,1,3800,0.1,7,0,1.8581,9,3.1138
1.4,75,7808,0,0,2250,0.6,9,0,2.4051,9,1.871
1.4,4,192,0,0,750,0.1,1,0,4.5279,9,8.9446
1.4,36,9856,1,1,3250,0.8,7,0,1.5366,9,3.7652
1.4,11,5312,0,1,1050,0.1,3,0,2.0977,9,6.4355
1.4,22,5440,1,1,3900,0.8,1,0,5.0221,9,8.0644
1.4,61,1920,0,0,1850,0.5,1,0,4.7681,9,8.494
1.4,18,4480,0,1,3350,0.9,8,0,6.2828,9,0.80577
1.4,86,8320,1,0,3500,0,1,0,5.6415,9,7.1789
1.4,54,4928,0,0,1700,0.2,7,0,1.4915,9,3.879
1.4,16,3456,1,1,4000,0.3,1,0,4.9203,9,8.2312
1.4,5,3520,0,1,2400,0.2,1,0,4.9254,9,8.2226
1.4,65,7296,0,1,4000,0,3,0,4.0938,9,3.2977
1.4,37,3648,0,1,3000,0.4,7,0,4.5932,9,1.2596
1.4,99,3008,1,0,1900,0.2,8,0,1.0436,9,4.8508
1.4,84,4608,0,1,2950,0.8,1,0,5.7036,9,7.1008
1.4,51,8832,0,1,2950,0.7,4,0,4.15,9,2.4397
1.4,78,1024,0,0,2500,0.2,8,0,1.4093,9,3.5921
1.4,34,7616,1,1,1400,0.8,5,0,1.6422,9,4.9323
1.4,52,1536,1,0,1200,0.8,1,0,4.6366,9,8.7348
1.4,16,6400,1,1,950,0.1,8,0,1.0573,9,4.7884
1.4,29,6976,0,1,2600,0.5,4,0,3.3641,9,3.0097
1.4,35,704,1,1,1700,0.5,5,0,1.2718,9,6.3688
1.4,3,3264,0,1,1250,0.3,4,0,1.9991,9,5.0648
1.4,21,8512,1,1,3400,0.5,5,0,1.5155,9,5.3449
1.4,64,7936,1,0,2800,0.3,1,0,5.3133,9,7.6224
1.4,1,9344,0,0,3550,0.4,8,0,1.7742,9,2.8534
1.4,28,1664,0,0,550,0.3,4,0,1.2853,9,7.8775
1.4,71,2752,1,0,1650,0.4,2,0,2.5693,9,7.8816
1.4,40,8448,1,1,2900,0.2,10,0,1.3171,9,3.075
1.4,28,4928,1,0,2000,0,5,0,1.1285,9,7.1776
1.4,14,9792,0,0,2350,0,3,0,1.9272,9,7.0052
1.4,2,6912,1,0,2650,0.6,9,0,0.53224,9,8.4549
1.4,3,4416,1,1,2150,0.4,10,0,0.80382,9,5.0385
