Topology,car_cache,kinesis_ondemand,kinesis_efos,kinesis_records,kinesis_peak,fargate_vcpus,fargate_memorylevel,latency,cost,complexity,scalability
1.3,8,1,1,1950,0.8,16,1,0,1.076,9,4.705
1.3,10,0,0,1850,0.8,16,2,0,1.688,9,2.3992
1.3,4,1,0,2000,0.6,14,3,0,1.37,9,7.3904
1.3,2,1,1,2700,0.4,6,1,0,2.6401,9,7.7601
1.3,5,1,1,4000,0.6,10,1,0,1.3394,9,6.0474
1.3,7,0,0,3100,0.9,10,2,0,2.0373,9,2.84
1.3,10,0,0,300,0,12,2,0,0.71478,9,5.6661
1.3,6,0,1,2600,0.7,10,2,0,3.9533,9,1.7074
1.3,8,1,1,3200,1,12,1,0,1.0266,9,4.9313
1.3,7,1,1,2550,1,6,1,0,1.0329,9,5.6157
1.3,5,1,0,600,0.8,16,1,0,1.1075,9,7.3139
1.3,7,1,1,1300,0.3,4,1,0,1.0082,9,5.7777
1.3,10,1,1,2250,0.9,6,3,0,0.86673,9,4.6728
1.3,9,0,1,2850,0,16,3,0,4.7069,9,0.95604
1.3,4,1,1,450,0.9,4,3,0,1.5082,9,6.7171
1.3,9,1,1,1600,1,12,3,0,1.0175,9,4.4228
1.3,10,0,0,2200,0,12,2,0,1.2848,9,3.1523
1.3,2,1,0,200,0.9,12,1,0,2.4081,9,8.478
1.3,2,1,0,450,0,10,1,0,2.3834,9,8.5749
1.3,6,0,1,2600,0.3,16,2,0,3.6582,9,1.8452
1.3,7,0,1,1450,1,4,1,0,2.8723,9,2.0281
1.3,3,0,1,2400,0.7,4,2,0,2.9747,9,4.5602
1.3,7,1,0,2850,0.1,2,3,0,0.68643,9,8.4385
1.3,1,0,1,2800,0.5,16,2,0,5.2501,9,7.7407
1.3,7,1,0,2950,0.8,4,2,0,0.71112,9,8.1361
1.3,1,1,1,700,0.9,4,2,0,4.8743,9,8.3721
1.3,1,1,1,1750,0.7,6,3,0,4.9167,9,8.2741
1.3,8,0,1,1350,0.5,10,1,0,2.6793,9,1.8895
1.3,8,0,0,3250,0.2,14,3,0,1.7388,9,2.9115
1.3,4,1,1,500,0.4,2,3,0,1.4746,9,6.8919
1.3,4,0,1,1900,0.9,10,1,0,2.8373,9,3.5807
1.3,8,1,1,750,0,12,1,0,1.0266,9,4.9313
1.3,1,0,1,2400,0.7,14,2,0,5.1761,9,7.856
1.3,1,0,1,1350,0.8,2,1,6.9333e-06,4.8311,9,8.4981
1.3,10,1,1,3550,1,16,2,0,0.99904,9,4.0539
1.3,3,1,1,1250,0.4,6,2,0,1.9034,9,7.111
1.3,10,0,1,1350,0.1,8,1,0,2.7048,9,1.4973
1.3,6,0,0,2350,0.9,12,3,0,1.7614,9,3.8321
1.3,8,0,0,3800,0.6,6,1,0,2.1028,9,2.4103
1.3,6,1,1,3450,0.5,10,2,0,1.2117,9,5.5709
1.3,7,0,1,1450,0.3,6,3,0,2.4886,9,2.3249
1.3,8,0,1,2100,0.6,12,1,0,3.9031,9,1.297
1.3,4,1,0,2750,0.9,6,1,0,1.2091,9,8.4429
1.3,7,0,0,3300,0.1,12,1,0,1.5522,9,3.7274
1.3,4,1,0,2950,0.3,2,3,0,1.1686,9,8.6966
1.3,1,0,0,2250,0.1,14,2,0,4.7789,9,8.5089
1.3,3,1,0,4000,0.8,10,2,0,1.6557,9,8.1539
1.3,3,1,0,1900,0.5,14,2,0,1.7139,9,7.8767
1.3,10,0,1,2700,0.4,4,1,0,5.2991,9,0.76689
1.3,4,0,0,700,0.9,16,1,0,1.4837,9,6.824
1.3,8,0,1,650,0.7,4,1,0,1.6311,9,3.1219
1.3,6,0,0,950,0,14,3,0,1.1575,9,5.8314
1.3,5,0,0,1300,0.9,16,1,0,1.4725,9,5.5009
1.3,7,0,0,3450,0.5,4,3,0,1.8013,9,3.212
1.3,5,0,1,750,0,8,3,0,1.6103,9,5.0301
1.3,8,0,0,4000,0.9,12,1,0,2.5481,9,1.9868
1.3,10,0,1,1800,0,16,3,0,3.4834,9,1.1627
1.3,10,1,1,2600,0.4,6,3,0,0.86673,9,4.6728
1.3,10,1,0,850,1,12,2,0,0.63478,9,6.3802
1.3,7,1,1,3700,0.6,6,2,0,1.0462,9,5.53
1.3,3,0,1,2500,0.2,8,3,0,2.8763,9,4.6935
1.3,6,1,1,3300,0.7,14,2,0,1.2699,9,5.3153
1.3,7,0,1,3450,0.4,6,1,0,5.0098,9,1.1578
1.3,9,0,1,2200,0.4,2,1,0,4.0505,9,1.122
1.3,8,0,1,2850,0.1,12,3,0,4.4055,9,1.1491
1.3,8,0,0,3700,0.2,4,2,0,1.6895,9,2.9964
1.3,10,0,1,3100,0.2,6,3,0,5.6948,9,0.71117
1.3,3,0,1,1600,0.7,16,3,0,2.7054,9,4.9901
1.3,7,0,1,3150,0.1,6,2,0,4.2491,9,1.3616
1.3,6,1,1,1100,0,14,3,0,1.301,9,5.1882
1.3,10,0,0,3000,0.4,10,1,0,1.8372,9,2.2045
1.3,10,1,0,2200,0.2,14,3,0,0.69502,9,5.8271
1.3,6,0,1,2800,0.1,4,3,0,3.4996,9,1.9288
1.3,6,0,1,3950,0.7,16,3,0,5.6669,9,1.1911
1.3,6,1,1,2800,0.1,4,2,0,1.1243,9,6.0081
1.3,9,0,0,300,0.7,14,3,0,0.87377,9,5.1501
1.3,6,0,1,3400,1,16,3,0,5.3955,9,1.251
1.3,7,1,0,2950,0.9,2,2,0,0.68199,9,8.5178
1.3,3,0,0,450,0.9,8,2,0,1.6953,9,7.9688
1.3,10,1,1,1400,0.9,2,1,0,0.79069,9,5.1696
1.3,3,1,1,2600,0.2,4,1,0,1.8654,9,7.3219
1.3,1,1,1,2850,0.2,10,1,0,4.9394,9,8.2993
1.3,5,0,0,350,0.3,8,2,0,1.084,9,7.4722
1.3,9,0,0,3650,0.9,4,2,0,2.4445,9,1.8409
1.3,6,1,1,2200,1,2,1,0,1.0907,9,6.2612
1.3,6,1,1,3850,1,14,3,0,1.301,9,5.1882
1.3,2,1,0,2650,0.4,2,1,6.4e-06,2.2916,9,8.9577
1.3,7,1,1,3700,0.8,8,2,0,1.0754,9,5.3802
1.3,10,0,0,500,0.7,16,3,0,0.9736,9,4.1598
1.3,5,0,0,2900,0.8,16,3,0,1.9598,9,4.133
1.3,5,1,0,2050,0.7,14,3,0,1.145,9,7.0741
1.3,10,0,1,3600,0.7,14,2,0,7.721,9,0.52454
1.3,1,1,0,2150,1,2,3,0,4.5436,9,8.9681
1.3,9,0,1,1250,0,6,2,0,2.3154,9,1.9435
1.3,4,1,1,2950,0.9,8,2,0,1.5575,9,6.5007
1.3,2,0,0,3750,0.4,6,1,0,2.6391,9,7.763
1.3,10,0,1,3750,0.3,6,2,0,6.9799,9,0.58024
1.3,6,1,0,2350,0.5,6,3,0,0.86073,9,7.8422
1.3,3,0,1,3050,0.5,8,1,0,3.2877,9,4.1399
1.3,8,1,0,3150,0.6,2,2,0,0.60163,9,8.4437
1.3,4,0,0,2400,0.9,2,3,0,1.7098,9,5.9437
1.3,3,1,1,800,0.2,16,3,0,2.0846,9,6.4761
1.3,9,0,1,1850,0.7,12,3,0,3.9699,9,1.1335
1.3,6,0,0,1900,0.8,8,2,0,1.4853,9,4.5446
1.3,1,0,1,2700,0.6,14,1,0,5.188,9,7.8931
1.3,7,0,0,3500,0.9,16,3,0,2.3177,9,2.4963
1.3,2,0,1,2200,0.8,10,3,0,3.3097,9,6.1184
1.3,10,1,1,1150,0.1,14,3,0,1.001,9,4.0459
1.3,8,0,1,2000,0.6,12,3,0,3.8066,9,1.3299
1.3,1,1,0,1250,0.5,14,1,0,4.6828,9,8.7446
1.3,1,1,0,700,0.9,14,3,0,4.745,9,8.5452
1.3,9,1,1,1850,0.5,8,2,0,0.93252,9,4.8256
1.3,8,1,0,1700,0.3,6,2,0,0.65989,9,7.6717
1.3,2,0,1,2350,0.1,12,2,0,3.1722,9,6.388
1.3,9,1,0,3850,0.8,2,2,0,0.53913,9,8.3684
1.3,5,1,1,2300,0.6,2,3,0,1.2496,9,6.5005
1.3,1,1,1,1200,0.3,16,2,0,5.049,9,8.049
1.3,3,1,0,350,0.9,4,1,0,1.5594,9,8.7587
1.3,2,0,0,3800,0,8,1,0,2.5775,9,7.9392
1.3,1,1,1,2400,0.4,16,2,0,5.049,9,8.049
1.3,5,1,0,3250,1,14,3,0,1.145,9,7.0741
1.3,7,1,0,1050,1,12,2,0,0.82764,9,6.9907
1.3,7,0,1,600,0.2,2,3,0,1.3696,9,4.2294
1.3,5,1,0,900,1,16,2,0,1.143,9,7.0864
1.3,7,1,0,3650,0,4,2,0,0.71112,9,8.1361
1.3,2,0,0,3700,0.7,12,1,0,2.7806,9,7.3422
1.3,3,0,0,600,0.7,14,3,0,1.825,9,7.3972
1.3,8,1,0,2400,0.7,2,2,0,0.60163,9,8.4437
1.3,9,0,0,2200,0.9,16,2,0,1.873,9,2.4025
1.3,5,1,1,450,0.1,14,3,0,1.451,9,5.5823
1.3,8,1,0,300,0.9,2,3,0,0.60608,9,8.3574
1.3,4,0,0,2400,0.4,10,2,0,1.6757,9,6.0424
1.3,7,1,1,3950,0.4,6,2,0,1.0462,9,5.53
1.3,8,1,1,700,1,14,1,0,1.0513,9,4.8155
1.3,1,0,0,800,0,16,3,0,4.7911,9,8.4577
1.3,8,0,1,3250,0.1,8,2,0,4.8301,9,1.0481
1.3,8,0,1,1750,1,12,3,0,3.7693,9,1.3431
1.3,2,1,0,2250,0,6,2,0,2.3474,9,8.6683
1.3,1,0,1,3900,0,2,1,6.9333e-06,5.1597,9,7.9568
1.3,1,1,0,3950,0.6,8,3,0,4.6443,9,8.7528
1.3,4,1,0,650,0.1,6,3,0,1.2357,9,8.1936
1.3,7,1,1,350,1,16,1,0,1.1563,9,5.0035
1.3,2,0,0,2100,0.7,10,1,0,2.5872,9,7.8996
1.3,4,0,1,4000,0.7,6,3,0,4.3733,9,2.3152
1.3,10,0,1,3250,0,8,3,0,5.5763,9,0.72629
1.3,1,1,0,2900,0.8,10,2,0,4.6556,9,8.7467
1.3,10,1,0,1300,1,6,1,0,0.53405,9,7.5835
1.3,4,0,1,1750,0.6,8,3,0,2.597,9,3.8987
1.3,10,0,1,2750,0.8,12,3,0,6.218,9,0.65134
1.3,9,0,0,1500,1,8,2,0,1.434,9,3.138
1.3,5,0,1,3000,0.5,6,3,0,3.7622,9,2.153
1.3,2,0,1,900,0.5,12,3,0,2.7849,9,7.2713
1.3,7,0,1,1350,1,8,1,0,2.7736,9,2.086
1.3,7,0,1,1300,0.8,12,2,0,2.6594,9,2.1756
1.3,3,0,0,3500,0.2,2,3,0,1.9123,9,7.0911
1.3,2,1,1,1850,0.4,4,3,0,2.6332,9,7.719
1.3,6,1,1,3300,0.6,12,3,0,1.2675,9,5.3257
1.3,1,0,0,1150,0.5,4,3,0,4.6197,9,8.8134
1.3,4,0,1,1150,0,2,2,0,1.8622,9,5.4709
1.3,7,0,0,2300,0.9,4,2,0,1.6274,9,3.5553
1.3,5,1,0,1400,0.7,10,3,0,1.0779,9,7.5148
1.3,6,1,0,3200,1,10,2,0,0.90565,9,7.4532
1.3,9,1,0,3800,0.7,2,3,0,0.54358,9,8.2785
1.3,2,0,0,2050,0,4,3,0,2.4409,9,8.3269
1.3,6,1,1,3200,0.3,4,3,0,1.1332,9,5.9568
1.3,7,1,1,2250,0.6,6,2,0,1.0462,9,5.53
1.3,7,1,0,3800,0.1,6,2,0,0.74025,9,7.8159
1.3,10,1,0,2700,0.7,2,1,0,0.48468,9,8.4334
1.3,6,1,0,2550,0.3,2,2,0,0.78913,9,8.5951
1.3,2,0,1,2700,0.5,8,1,0,3.3417,9,6.1236
1.3,9,0,1,3300,1,14,2,0,7.0838,9,0.63525
1.3,9,0,0,2800,0.6,14,2,0,1.9227,9,2.3405
1.3,10,0,0,3600,0.3,4,1,0,1.9056,9,2.1325
1.3,6,0,1,2650,0.7,10,2,0,4.0189,9,1.6796
1.3,6,0,0,3500,0.4,10,3,0,1.8029,9,3.744
1.3,8,1,1,2850,0.7,4,3,0,0.94565,9,5.3535
1.3,5,1,1,750,0.9,12,3,0,1.4175,9,5.7145
1.3,3,0,1,3600,0.3,10,2,0,3.4965,9,3.861
1.3,1,1,0,1950,0.3,2,2,3.2e-06,4.5473,9,8.9784
1.3,1,0,1,3050,0,2,3,0,4.9991,9,8.151
1.3,1,0,0,2900,0.8,12,2,0,4.8323,9,8.4216
1.3,8,1,1,2550,0.3,2,2,0,0.90763,9,5.597
1.3,6,0,1,1200,0,6,3,0,1.9596,9,3.4445
1.3,4,0,0,2650,0.3,16,3,0,1.8061,9,5.606
1.3,10,1,0,1950,0.7,16,1,0,0.65748,9,6.1599
1.3,4,0,0,2300,0.5,6,3,0,1.642,9,6.1664
1.3,10,0,0,1950,0.2,6,3,0,1.252,9,3.2349
1.3,6,1,0,1100,0.7,4,2,0,0.81826,9,8.2549
1.3,7,1,1,750,0.8,8,2,0,1.0754,9,5.3802
1.3,9,0,0,1500,0,2,1,0,0.92968,9,4.8881
1.3,7,1,1,2200,0,10,2,0,1.1045,9,5.2383
1.3,8,1,0,4000,0.9,12,3,0,0.77395,9,6.5411
1.3,10,0,0,1800,1,2,3,0,1.5748,9,2.5717
1.3,5,1,1,3750,1,16,3,0,1.4846,9,5.456
1.3,5,1,0,2750,0.2,4,3,0,0.97715,9,8.2894
1.3,10,1,0,3750,0.5,14,1,0,0.63279,9,6.4002
1.3,10,1,0,1200,0.6,16,2,0,0.69304,9,5.8438
1.3,9,1,0,1650,0.4,4,2,0,0.56826,9,7.9189
1.3,3,1,0,2350,0.3,14,1,0,1.6828,9,8.0429
1.3,1,0,0,250,0.4,14,1,0,4.684,9,8.7423
1.3,2,0,0,2200,0.5,10,2,0,2.5944,9,7.821
1.3,5,1,0,2400,0.3,8,2,0,1.0265,9,7.8907
1.3,2,0,0,1950,0.5,10,1,0,2.5497,9,8.0158
1.3,9,1,1,2950,0.4,4,2,0,0.87426,9,5.1472
1.3,9,1,1,2950,0.7,10,1,0,0.93942,9,4.7902
1.3,1,1,0,3700,0.1,10,1,0,4.6334,9,8.8474
1.3,2,1,0,3250,0.3,2,2,0,2.2891,9,8.9133
1.3,9,0,1,3050,0.7,16,2,0,6.1224,9,0.73501
1.3,4,1,0,1400,0.7,10,3,0,1.3029,9,7.7713
1.3,4,1,1,2250,0.1,14,2,0,1.6449,9,6.1554
1.3,5,0,0,1650,0.6,12,2,0,1.476,9,5.4877
1.3,8,0,1,2000,0.3,12,3,0,3.5065,9,1.4437
1.3,6,1,1,1200,0.2,6,1,0,1.1401,9,5.9467
1.3,2,1,0,450,0.2,16,1,0,2.4575,9,8.2884
1.3,6,1,1,2350,0.2,6,2,0,1.1534,9,5.8523
1.3,5,1,1,2750,0.1,4,2,0,1.2743,9,6.3694
1.3,1,1,0,3800,0.8,2,1,6.9333e-06,4.5722,9,8.9792
1.3,7,0,0,1000,0.1,16,2,0,1.1084,9,5.2199
1.3,10,0,1,3300,0.1,14,2,0,5.9177,9,0.68439
1.3,6,0,1,3150,0.1,2,2,0,3.7932,9,1.7881
1.3,7,1,1,2100,0.4,16,1,0,1.1563,9,5.0035
1.3,6,1,0,3900,0.5,16,2,0,0.99304,9,6.7973
1.3,8,0,1,3050,0.9,4,3,0,5.7185,9,0.88529
1.3,1,1,0,450,0.9,10,2,0,4.6556,9,8.7467
1.3,2,0,0,1500,0.6,14,3,0,2.6275,9,7.7069
1.3,6,1,1,750,0.4,4,2,0,1.1243,9,6.0081
1.3,1,1,1,2200,0.1,6,3,0,4.9167,9,8.2741
1.3,6,0,0,1400,1,14,3,0,1.4913,9,4.5263
1.3,10,1,1,200,0.4,16,2,0,0.99904,9,4.0539
1.3,4,1,0,1800,0.8,10,1,0,1.2584,9,8.0732
1.3,2,1,1,3150,0.6,12,2,0,2.7408,9,7.3935
1.3,8,1,0,3200,0.3,2,3,0,0.60608,9,8.3574
1.3,6,1,0,1100,1,14,3,0,0.99503,9,6.7837
1.3,7,1,1,950,0.7,4,3,0,1.026,9,5.6391
1.3,8,0,1,3150,0.2,8,1,0,4.835,9,1.0471
1.3,2,1,0,3350,0.8,2,3,0,2.2936,9,8.8759
1.3,2,1,1,200,0.4,8,1,0,2.6647,9,7.6793
1.3,5,0,1,1450,0.5,8,2,0,2.3476,9,3.4503
1.3,4,1,1,400,0.1,8,2,0,1.5575,9,6.5007
1.3,9,0,1,4000,1,10,3,0,8.4025,9,0.53556
1.3,10,1,0,3000,0.4,14,1,0,0.63279,9,6.4002
1.3,1,0,0,1250,0.3,12,1,0,4.6969,9,8.7237
1.3,9,1,0,3800,0.6,4,1,0,0.55937,9,8.0801
1.3,4,1,1,1950,0.3,14,3,0,1.676,9,6.0411
1.3,5,0,1,800,0.7,10,1,0,1.8028,9,4.4929
1.3,1,0,1,1150,0.5,14,1,0,4.8854,9,8.3819
1.3,2,1,0,950,0.3,12,2,0,2.4348,9,8.3227
1.3,9,0,1,2500,0.9,2,2,0,5.2226,9,0.86387
1.3,9,0,0,2100,0.3,4,2,0,1.3008,9,3.4595
1.3,7,0,1,2700,0,16,3,0,3.813,9,1.5174
1.3,6,1,0,1200,0.2,14,1,0,0.9328,9,7.2363
1.3,9,1,1,1600,1,12,2,0,0.99078,9,4.5419
1.3,8,0,1,1950,0.8,10,2,0,3.8708,9,1.3079
1.3,9,0,1,1000,0.8,12,3,0,2.5263,9,1.7812
1.3,5,0,0,2350,0.8,10,2,0,1.6831,9,4.8124
1.3,10,0,1,1750,0.8,8,2,0,4.1095,9,0.98552
1.3,9,0,0,3300,0.4,10,2,0,1.8982,9,2.3707
1.3,2,0,0,900,0.7,4,1,0,2.3894,9,8.5841
1.3,1,1,1,2550,0.5,2,2,3.2e-06,4.8533,9,8.4123
1.3,10,1,0,3300,1,14,1,0,0.63279,9,6.4002
1.3,7,0,1,2400,0.3,2,1,0,3.56,9,1.6432
1.3,2,0,0,1250,0.7,2,2,0,2.4066,9,8.4782
1.3,1,1,1,3400,0.5,12,3,0,5.0175,9,8.0879
1.3,8,1,0,2450,0.5,4,3,0,0.63965,9,7.9145
1.3,2,0,1,2450,0.2,14,3,0,3.2962,9,6.1435
1.3,5,1,1,3750,0.8,10,1,0,1.3394,9,6.0474
1.3,8,1,0,2550,0.5,12,2,0,0.74728,9,6.7746
1.3,9,0,1,2550,0.4,4,2,0,4.6414,9,0.96954
1.3,1,1,1,400,0.6,14,2,0,5.0199,9,8.1004
1.3,2,1,1,1650,0.9,12,3,0,2.7675,9,7.3172
1.3,9,0,1,2650,0.8,16,3,0,5.596,9,0.80415
1.3,7,1,0,950,0.8,10,3,0,0.82073,9,7.0495
1.3,5,1,0,2950,0.6,10,3,0,1.0779,9,7.5148
1.3,10,0,0,3200,0.2,12,2,0,1.7798,9,2.2756
1.3,9,1,1,3100,0.3,14,1,0,0.98879,9,4.551
1.3,9,1,0,1500,0,6,1,0,0.58405,9,7.7048
1.3,8,1,0,3850,0.9,10,1,0,0.69592,9,7.2745
1.3,8,0,1,250,0.1,2,1,0,0.90939,9,5.6256
1.3,4,1,1,1600,1,12,1,0,1.5891,9,6.3789
1.3,6,0,0,1050,0.2,10,2,0,1.1206,9,6.0233
1.3,3,0,0,2000,0.7,4,1,0,1.8606,9,7.3406
1.3,9,1,1,2400,0.4,14,1,0,0.98879,9,4.551
1.3,4,1,1,2350,0.4,6,3,0,1.5417,9,6.5673
1.3,8,1,1,1400,0.4,8,3,0,1.0128,9,4.9985
1.3,7,1,1,400,0,4,2,0,1.0171,9,5.6884
1.3,1,1,1,1550,0.7,8,3,0,4.9503,9,8.2117
1.3,1,1,1,600,1,8,2,0,4.9325,9,8.2618
1.3,5,0,1,350,0.5,4,3,0,1.2885,9,6.2866
1.3,8,0,1,1300,0.7,10,3,0,2.7688,9,1.8284
1.3,2,1,1,800,0.7,10,1,0,2.6894,9,7.5992
1.3,5,0,0,2350,0.9,16,2,0,1.8118,9,4.4707
1.3,8,0,0,300,0.8,6,3,0,0.79448,9,6.3721
1.3,10,1,0,900,0.1,8,1,0,0.55874,9,7.2485
1.3,9,0,0,2900,0.4,14,3,0,1.8338,9,2.454
1.3,9,1,1,3850,0.8,12,1,0,0.96411,9,4.6675
1.3,6,0,0,4000,0.4,16,2,0,1.9955,9,3.3825
1.3,2,0,0,900,0.1,16,2,0,2.543,9,7.9629
1.3,10,0,1,750,0.4,16,1,0,1.9795,9,2.046
1.3,1,1,1,1100,1,10,3,0,4.9839,9,8.1491
1.3,1,1,0,3000,0.3,4,2,0,4.5683,9,8.9329
1.3,1,0,0,3600,1,6,2,0,4.8086,9,8.4805
1.3,5,1,0,1350,0.8,8,1,0,1.0087,9,8.0572
1.3,6,1,0,2350,0.7,12,3,0,0.96145,9,7.0206
1.3,1,0,1,1600,0.5,12,2,0,4.967,9,8.1932
1.3,10,1,1,2650,0,8,2,0,0.88252,9,4.5891
1.3,10,1,0,3250,0.3,6,2,0,0.54739,9,7.3987
1.3,6,1,1,250,0.4,4,3,0,1.1332,9,5.9568
1.3,7,0,1,2400,0.2,8,2,0,3.5394,9,1.6347
1.3,5,0,1,3650,0.7,8,3,0,4.6175,9,1.7542
1.3,2,0,0,1450,0.8,12,1,0,2.5556,9,7.9887
1.3,8,1,1,800,0.2,4,3,0,0.94565,9,5.3535
1.3,10,0,1,800,0.8,6,1,0,2.1429,9,1.89
1.3,2,1,1,2400,0.1,12,1,0,2.7141,9,7.5221
1.3,2,1,0,3850,0.5,8,1,0,2.3587,9,8.6755
1.3,9,0,0,1450,0.8,14,1,0,1.3853,9,3.2484
1.3,4,1,1,3000,0.4,4,1,0,1.4904,9,6.8652
1.3,3,0,0,300,0.4,2,3,0,1.5711,9,8.6313
1.3,10,1,1,1300,0.1,14,2,0,0.96991,9,4.1756
1.3,7,0,0,2550,0,16,2,0,1.4121,9,4.0971
1.3,3,0,1,3250,0.5,2,3,0,3.3312,9,4.0708
1.3,4,1,1,700,1,2,1,0,1.4657,9,6.997
1.3,3,1,1,3500,0.2,6,2,0,1.9034,9,7.111
1.3,6,0,1,950,0.1,2,3,0,1.6921,9,3.9971
1.3,8,1,1,350,1,10,1,0,1.0019,9,5.0528
1.3,8,1,1,2150,0.9,6,3,0,0.97923,9,5.1699
1.3,4,1,0,1450,0.5,6,3,0,1.2357,9,8.1936
1.3,2,1,1,2800,0.4,14,1,0,2.7388,9,7.4442
1.3,3,1,0,2450,0.8,12,2,0,1.6848,9,8.0129
1.3,7,0,1,1150,0.5,10,3,0,2.2917,9,2.5246
1.3,4,1,0,850,0.8,2,3,0,1.1686,9,8.6966
1.3,9,0,0,250,0.3,2,3,0,0.61982,9,7.2601
1.3,9,1,0,2600,0,12,2,0,0.68478,9,6.5715
1.3,7,0,0,2750,0,14,3,0,1.4554,9,3.9754
1.3,6,1,0,3450,1,4,1,0,0.80937,9,8.4081
1.3,2,1,1,1500,0.5,8,2,0,2.6825,9,7.5749
1.3,5,1,0,2900,0.8,16,2,0,1.143,9,7.0864
1.3,5,1,0,2000,0.1,4,2,0,0.96826,9,8.3824
1.3,5,1,1,3900,0.8,16,1,0,1.4135,9,5.7305
1.3,10,0,0,3900,0.5,2,3,0,2.2461,9,1.8031
1.3,1,1,1,1650,0.7,6,1,0,4.8901,9,8.3936
1.3,9,0,1,2750,0.1,10,3,0,4.6195,9,0.97414
1.3,4,0,1,400,0.6,8,1,0,1.5235,9,6.6848
1.3,2,0,1,2300,0,14,2,0,3.162,9,6.4042
1.3,10,0,0,2850,0.9,8,1,0,2.1875,9,1.8514
1.3,7,0,0,4000,0.2,14,1,0,1.8281,9,3.1648
1.3,8,1,0,1750,0.1,8,2,0,0.68902,9,7.3474
1.3,4,1,0,4000,0,14,2,0,1.3389,9,7.5621
1.3,6,0,0,2100,0.8,8,2,0,1.549,9,4.3576
1.3,7,1,0,2850,0.4,4,3,0,0.72001,9,8.0357
1.3,2,0,0,1850,0.9,14,2,0,2.6677,9,7.5909
1.3,3,0,0,2900,0.5,6,3,0,1.9945,9,6.7687
1.3,2,0,1,1850,1,14,3,0,3.2813,9,6.1712
1.3,3,0,1,1900,0.2,12,2,0,2.6208,9,5.1511
1.3,6,0,0,1250,0.9,6,3,0,1.282,9,5.2653
1.3,7,0,1,1650,1,4,1,0,3.1758,9,1.8342
1.3,9,1,1,3150,0.4,2,3,0,0.84958,9,5.2968
1.3,2,0,1,3800,0.8,10,1,0,3.9098,9,5.2273
1.3,7,1,1,3650,0.1,2,2,0,0.98799,9,5.8797
1.3,9,0,1,200,0.3,4,3,0,0.87813,9,5.1245
1.3,1,1,1,1500,1,14,2,0,5.0199,9,8.1004
1.3,5,0,0,350,0.9,2,1,0,1.0259,9,7.9915
1.3,10,0,1,3800,0,4,1,0,6.3362,9,0.64137
1.3,8,0,0,3050,0.8,6,1,0,1.9641,9,2.5806
1.3,6,0,0,2400,0,12,3,0,1.3827,9,4.8818
1.3,1,0,0,900,0,6,3,0,4.627,9,8.7922
1.3,6,0,1,1500,0.1,10,2,0,2.3306,9,2.8963
1.3,6,0,0,200,0.1,10,1,0,0.91468,9,7.3797
1.3,5,1,1,3950,0.9,4,1,0,1.2654,9,6.4606
1.3,9,0,1,2900,0.3,8,1,0,5.0817,9,0.88553
1.3,9,0,1,1350,0.4,14,2,0,2.8687,9,1.5687
1.3,6,1,0,3350,1,14,3,0,0.99503,9,6.7837
1.3,8,1,1,3100,0.1,14,3,0,1.1135,9,4.5464
1.3,5,1,1,2850,0.7,16,3,0,1.4846,9,5.456
1.3,8,0,1,650,0.4,14,3,0,1.7192,9,2.9446
1.3,6,1,1,550,0.7,10,2,0,1.2117,9,5.5709
1.3,1,1,0,500,0.6,8,2,0,4.6265,9,8.8083
1.3,9,0,0,950,0.7,6,1,0,1.0128,9,4.4431
1.3,6,0,1,2700,1,10,1,0,4.3547,9,1.55
1.3,5,0,1,950,0.1,4,1,0,1.709,9,4.7836
1.3,4,0,1,2300,1,10,1,0,3.2195,9,3.1556
1.3,2,1,1,1750,0.2,8,2,0,2.6825,9,7.5749
1.3,1,1,0,3600,0.9,2,1,6.9333e-06,4.5722,9,8.9792
1.3,5,1,1,3900,0.6,6,3,0,1.3167,9,6.1516
1.3,5,1,0,350,0.1,10,2,0,1.0556,9,7.673
1.3,5,1,0,450,0.2,4,3,0,0.97715,9,8.2894
1.3,10,0,0,2600,0.1,10,2,0,1.4544,9,2.7847
1.3,4,1,0,2250,0.5,2,1,0,1.1597,9,8.8432
1.3,7,0,0,600,0.4,6,2,0,0.9065,9,6.3825
1.3,1,0,1,3050,0.4,16,2,0,5.2735,9,7.7064
1.3,4,1,1,2150,0.1,2,1,0,1.4657,9,6.997
1.3,8,1,1,2550,0.8,12,1,0,1.0266,9,4.9313
1.3,3,0,0,3700,0,12,2,0,2.0085,9,6.7213
1.3,6,0,1,2000,0.8,8,1,0,3.2769,9,2.0623
1.3,4,1,1,350,0.2,14,2,0,1.6449,9,6.1554
1.3,4,0,1,2000,0.2,14,2,0,2.6552,9,3.8133
1.3,4,0,0,450,0.2,16,3,0,1.4573,9,6.9475
1.3,2,1,1,2800,0.2,16,2,0,2.799,9,7.2346
1.3,1,1,1,2650,0,12,1,0,4.9641,9,8.254
1.3,3,1,0,800,0.8,10,1,0,1.6334,9,8.3162
1.3,10,0,0,800,0.4,12,1,0,0.93561,9,4.3287
1.3,6,0,1,2150,0.1,14,3,0,3.0475,9,2.215
1.3,4,1,1,2500,0.6,2,2,0,1.4701,9,6.9299
1.3,10,1,1,3600,0.7,8,3,0,0.9003,9,4.4985
1.3,9,0,0,2350,0.2,8,1,0,1.36,9,3.3088
1.3,6,1,1,400,0.7,12,1,0,1.2141,9,5.5596
1.3,8,0,1,2900,0,6,1,0,4.2031,9,1.2059
1.3,3,1,1,3300,1,12,2,0,1.9908,9,6.7813
1.3,5,1,1,1650,0,12,2,0,1.3908,9,5.8241
1.3,6,1,1,3800,0.5,4,1,0,1.1154,9,6.1014
1.3,6,1,1,2300,0.3,4,3,0,1.1332,9,5.9568
1.3,3,0,0,1800,0.8,2,1,0,1.8209,9,7.5135
1.3,10,1,1,750,0.3,12,2,0,0.94078,9,4.3049
1.3,6,1,1,3250,0.8,12,2,0,1.2408,9,5.4401
1.3,3,1,1,2700,0.1,4,1,0,1.8654,9,7.3219
1.3,7,0,0,3600,1,14,2,0,2.373,9,2.4381
1.3,9,1,1,1150,1,14,2,0,1.0199,9,4.4122
1.3,3,1,0,1700,0.5,6,2,0,1.5974,9,8.4732
1.3,10,1,1,2150,0.5,10,3,0,0.93388,9,4.3368
1.3,9,0,0,1450,0.8,12,1,0,1.3606,9,3.3073
1.3,4,0,0,3550,1,10,3,0,2.1516,9,4.7057
1.3,9,0,0,800,1,8,3,0,1.0693,9,4.2084
1.3,10,1,0,450,0.8,10,2,0,0.60565,9,6.687
1.3,7,1,1,2950,0.3,6,1,0,1.0329,9,5.6157
1.3,10,0,1,1750,0.7,12,3,0,4.0894,9,0.99035
1.3,8,0,1,1300,1,16,2,0,3.029,9,1.6714
1.3,9,0,0,4000,0.2,10,3,0,1.9691,9,2.2853
1.3,3,0,1,2200,0.3,6,3,0,2.736,9,4.9342
1.3,2,0,1,3650,0.4,2,2,0,3.5774,9,5.7035
1.3,7,1,1,2450,0.3,6,1,0,1.0329,9,5.6157
1.3,5,1,0,1350,0.1,10,2,0,1.0556,9,7.673
1.3,10,0,1,1650,0.8,4,3,0,3.8615,9,1.0488
1.3,5,1,0,2850,0.6,14,1,0,1.0828,9,7.4806
1.3,2,1,1,3550,0.6,10,1,0,2.6894,9,7.5992
1.3,4,1,1,2350,0.8,12,3,0,1.6425,9,6.1646
1.3,7,1,1,2400,0.8,16,3,0,1.2275,9,4.7136
1.3,3,1,1,2450,0.1,12,2,0,1.9908,9,6.7813
1.3,8,0,0,3600,0.9,16,2,0,2.453,9,2.0638
1.3,1,0,0,3500,0.1,12,2,0,4.791,9,8.4942
1.3,4,1,1,2050,0.6,6,1,0,1.5151,9,6.7377
1.3,4,1,0,650,0.9,6,1,0,1.2091,9,8.4429
1.3,3,1,0,200,0,6,3,0,1.6107,9,8.3813
1.3,1,1,0,2750,0.2,6,2,0,4.5974,9,8.8702
1.3,1,0,1,450,0.6,6,3,0,4.6878,9,8.678
1.3,7,0,0,800,0.8,2,3,0,0.98393,9,5.887
1.3,6,1,1,1850,0.4,4,1,0,1.1154,9,6.1014
1.3,7,1,0,1550,0.4,2,1,0,0.67754,9,8.634
1.3,5,0,0,2800,0.8,6,1,0,1.7391,9,4.6867
1.3,2,0,0,1350,0.5,6,1,0,2.4441,9,8.3824
1.3,3,1,1,4000,0.7,4,1,0,1.8654,9,7.3219
1.3,6,0,1,3350,0.8,14,3,0,5.0489,9,1.3369
1.3,3,1,0,3500,0.1,16,1,0,1.7075,9,7.9156
1.3,1,0,0,1500,0.7,6,3,0,4.6757,9,8.7005
1.3,8,0,1,1200,0.2,2,2,0,2.1802,9,2.3301
1.3,8,1,0,700,0.7,6,2,0,0.65989,9,7.6717
1.3,10,0,0,3100,0.3,2,3,0,1.6948,9,2.3896
1.3,9,0,1,250,0,6,3,0,0.94633,9,4.7552
1.3,4,0,1,2400,0.1,10,3,0,2.8214,9,3.5886
1.3,10,0,1,1800,0.4,16,2,0,3.8903,9,1.041
1.3,3,0,0,550,0.4,12,2,0,1.7423,9,7.7485
1.3,3,1,0,600,0.4,16,1,0,1.7075,9,7.9156
1.3,10,1,0,1300,0.6,4,1,0,0.50937,9,7.9781
1.3,2,0,0,3150,0.7,16,1,0,2.7737,9,7.3434
1.3,4,0,0,600,0.7,6,3,0,1.3495,9,7.5029
1.3,5,0,0,2450,0.9,14,3,0,1.84,9,4.4021
1.3,2,1,1,4000,0,14,1,0,2.7388,9,7.4442
1.3,10,0,1,450,0.8,6,1,0,1.4403,9,2.812
1.3,9,1,0,650,0.3,8,1,0,0.60874,9,7.3923
1.3,1,0,1,1300,0,6,2,0,4.7841,9,8.524
1.3,3,0,1,3400,0.7,4,2,0,3.563,9,3.8073
1.3,10,0,0,3000,1,6,1,0,2.3428,9,1.7287
1.3,2,1,0,950,0.2,12,3,0,2.4615,9,8.2269
1.3,5,1,1,1050,0.9,4,3,0,1.2832,9,6.3126
1.3,8,1,0,1850,0.7,16,1,0,0.76998,9,6.5748
1.3,3,0,1,600,0,12,2,0,1.9483,9,6.9293
1.3,5,1,0,450,1,10,3,0,1.0779,9,7.5148
1.3,2,1,1,1800,0.1,6,1,0,2.6401,9,7.7601
1.3,1,1,1,2950,0,14,1,0,4.9888,9,8.2082
1.3,9,0,1,2200,0.5,8,2,0,4.2623,9,1.0558
1.3,4,0,1,550,0.4,16,2,0,1.7515,9,5.7809
1.3,10,0,0,3400,0.8,16,1,0,2.5,9,1.62
1.3,4,1,1,1850,0.6,12,3,0,1.6425,9,6.1646
1.3,9,0,1,3150,0.5,10,3,0,5.8864,9,0.76447
1.3,2,0,1,950,0.4,14,3,0,2.8204,9,7.1799
1.3,3,0,1,2750,0.4,16,2,0,3.1952,9,4.225
1.3,5,1,0,1250,0.9,14,3,0,1.145,9,7.0741
1.3,6,1,0,3050,0.3,2,1,0,0.78469,9,8.7028
1.3,10,0,1,1200,0.7,12,3,0,3.0047,9,1.3479
1.3,8,0,0,2450,0.5,12,3,0,1.649,9,3.0701
1.3,4,0,1,1300,0.6,14,1,0,2.287,9,4.4272
1.3,6,1,0,1350,0,6,1,0,0.83406,9,8.1285
1.3,5,1,0,2200,0.1,12,2,0,1.0848,9,7.467
1.3,9,1,0,3100,1,12,2,0,0.68478,9,6.5715
1.3,5,0,0,2800,0.4,6,1,0,1.5666,9,5.2027
1.3,2,0,0,2600,1,16,3,0,2.8336,9,7.1464
1.3,8,1,1,1200,0.3,16,1,0,1.076,9,4.705
1.3,9,1,0,3750,0.1,2,3,0,0.54358,9,8.2785
1.3,4,0,1,1000,0.7,8,2,0,2.0209,9,5.0101
1.3,8,1,1,1450,0.7,4,1,0,0.92787,9,5.488
1.3,2,0,1,850,0.2,14,3,0,2.7641,9,7.326
1.3,4,0,1,3750,0.4,4,3,0,3.8636,9,2.622
1.3,3,0,1,1450,0.1,4,1,0,2.2415,9,6.0932
1.3,8,0,0,3950,0.3,4,2,0,1.8583,9,2.7243
1.3,8,1,0,2800,0.1,12,3,0,0.77395,9,6.5411
1.3,10,1,1,2350,1,2,1,0,0.79069,9,5.1696
1.3,8,0,1,3950,0.3,10,1,0,6.1187,9,0.82738
1.3,4,1,1,1050,0.4,4,2,0,1.4993,9,6.7766
1.3,5,1,0,3600,1,16,2,0,1.143,9,7.0864
1.3,8,1,1,1650,0.3,16,3,0,1.1471,9,4.4133
1.3,1,1,1,3050,0.5,14,2,0,5.0199,9,8.1004
1.3,8,1,1,2300,0.2,16,3,0,1.1471,9,4.4133
1.3,6,0,0,3100,0.9,2,2,0,1.8516,9,3.6631
1.3,1,0,0,2950,0.7,16,2,0,4.883,9,8.3226
1.3,2,1,1,3450,0.9,16,1,0,2.7635,9,7.3706
1.3,3,0,0,1200,0.2,16,2,0,1.8643,9,7.2414
1.3,10,0,1,2000,0.1,12,2,0,3.8168,9,1.0611
1.3,2,0,1,750,0.8,8,2,0,2.6719,9,7.605
1.3,6,1,0,2100,0.9,12,2,0,0.93478,9,7.221
1.3,8,0,0,3050,0.9,2,1,0,1.9897,9,2.5712
1.3,2,0,1,2750,0.6,4,2,0,3.3481,9,6.0859
1.3,10,0,1,350,0.2,10,2,0,1.1783,9,3.4373
1.3,10,1,0,400,0.5,10,3,0,0.62787,9,6.4503
1.3,8,1,1,550,0.6,6,3,0,0.97923,9,5.1699
1.3,5,0,0,3050,0.9,12,1,0,1.9256,9,4.2065
1.3,8,0,1,1450,0.7,12,2,0,3.0155,9,1.6788
1.3,7,1,0,1200,0.7,14,3,0,0.88788,9,6.5163
1.3,9,0,0,2450,0.7,6,2,0,1.7199,9,2.6164
1.3,8,1,1,1300,0.8,6,3,0,0.97923,9,5.1699
1.3,5,0,0,1250,1,6,1,0,1.3528,9,6.0248
1.3,1,0,0,3050,0.2,14,3,0,4.8438,9,8.371
1.3,3,1,0,2950,0.7,16,2,0,1.743,9,7.7451
1.3,2,0,0,1450,0.3,2,2,0,2.3916,9,8.5313
1.3,1,1,0,1650,0.6,16,1,0,4.7075,9,8.6939
1.3,4,1,0,1500,0.8,4,1,0,1.1844,9,8.6389
1.3,10,0,0,2200,1,2,2,0,1.8141,9,2.237
1.3,8,1,0,1750,0.9,8,2,0,0.68902,9,7.3474
1.3,4,0,0,2600,0.4,12,2,0,1.7348,9,5.8365
1.3,4,0,1,800,0.5,16,3,0,1.9781,9,5.1185
1.3,1,0,0,400,0.9,14,2,0,4.7264,9,8.6034
1.3,7,0,1,1200,0.9,8,3,0,2.5309,9,2.286
1.3,10,1,1,2600,0.1,2,2,0,0.79513,9,5.1038
1.3,5,1,1,1300,0.5,14,2,0,1.4199,9,5.7046
1.3,6,0,0,2750,0.9,14,3,0,1.9338,9,3.4906
1.3,3,1,1,2600,0.5,6,1,0,1.8901,9,7.2132
1.3,1,0,0,3500,0.3,8,1,0,4.7337,9,8.6657
1.3,5,1,0,1050,0.9,14,1,0,1.0828,9,7.4806
1.3,4,0,1,800,0.6,4,1,0,1.7814,9,5.7436
1.3,9,0,1,1600,0,14,3,0,2.9454,9,1.5278
1.3,6,0,0,1650,0.5,16,2,0,1.433,9,4.7103
1.3,9,1,1,2050,0.8,2,2,0,0.84513,9,5.3384
1.3,3,1,0,950,0.9,12,1,0,1.6581,9,8.1775
1.3,10,1,0,950,0.2,2,3,0,0.49357,9,8.2054
1.3,3,0,1,3450,0.4,12,3,0,3.5402,9,3.8133
1.3,7,1,0,2600,0.7,4,1,0,0.70223,9,8.2954
1.3,2,0,1,3450,0.3,2,1,6.4e-06,3.4674,9,5.9201
1.3,1,0,1,1750,0.5,6,3,0,4.922,9,8.2652
1.3,9,0,0,1700,0.5,4,2,0,1.252,9,3.5942
1.3,1,1,0,3000,0.1,2,3,0,4.5436,9,8.9681
1.3,10,0,0,950,0.1,2,3,0,0.79858,9,5.0715
1.3,5,0,1,1650,0.6,14,3,0,2.7097,9,2.9892
1.3,10,1,0,2100,0.3,14,2,0,0.66391,9,6.1002
1.3,7,0,1,1550,0.4,4,3,0,2.6406,9,2.1911
1.3,10,1,1,1800,0,2,2,0,0.79513,9,5.1038
1.3,5,0,0,300,0.8,8,3,0,1.1168,9,7.2529
1.3,6,1,1,2000,0.6,16,1,0,1.2635,9,5.3424
1.3,3,0,1,2600,0.1,12,1,0,2.8957,9,4.6826
1.3,7,0,0,1500,0.9,4,3,0,1.3138,9,4.404
1.3,6,1,1,800,0.5,6,1,0,1.1401,9,5.9467
1.3,3,1,1,1450,0.3,8,2,0,1.9325,9,6.9905
1.3,8,0,0,3950,0,8,3,0,1.6456,9,3.0765
1.3,7,0,1,1700,0.3,8,3,0,2.821,9,2.0509
1.3,10,1,1,1500,0.9,6,1,0,0.84005,9,4.8211
1.3,3,1,0,3000,0.9,14,2,0,1.7139,9,7.8767
1.3,2,0,0,2100,0.5,8,1,0,2.5362,9,8.0684
1.3,8,1,1,2300,0.2,12,1,0,1.0266,9,4.9313
1.3,9,0,1,2200,0.7,8,1,0,4.4845,9,1.0035
1.3,5,0,0,2850,0.7,10,1,0,1.7547,9,4.6162
1.3,3,0,1,3250,0.7,8,2,0,3.5341,9,3.8225
1.3,2,0,0,3700,0.8,14,3,0,2.89,9,7.0069
1.3,8,0,0,3300,0.7,16,3,0,2.1886,9,2.3131
1.3,6,1,1,1700,0.1,8,1,0,1.1647,9,5.8021
1.3,2,0,0,1650,0.1,14,1,0,2.5315,9,8.0537
1.3,6,0,0,2700,0.5,10,2,0,1.6269,9,4.149
1.3,3,0,1,2150,0.6,8,2,0,2.8427,9,4.7522
1.3,4,0,0,3650,0,6,1,0,1.6378,9,6.2327
1.3,1,1,1,3450,0.6,14,1,0,4.9888,9,8.2082
1.3,5,1,0,650,0,4,1,0,0.95937,9,8.5213
1.3,8,0,0,3950,0.2,8,1,0,1.8012,9,2.8106
1.3,3,1,1,3000,0.1,16,3,0,2.0846,9,6.4761
1.3,9,0,1,1800,0.4,16,3,0,3.6499,9,1.2329
1.3,6,1,0,1500,0.5,8,1,0,0.85874,9,7.8696
1.3,7,1,1,1850,0.7,4,3,0,1.026,9,5.6391
1.3,10,1,0,500,0,12,3,0,0.66145,9,6.1229
1.3,7,0,0,3950,0.4,10,3,0,1.977,9,2.9265
1.3,7,0,0,3800,0.5,8,2,0,1.9631,9,2.9472
1.3,9,0,0,3100,0.5,4,1,0,1.8131,9,2.4928
1.3,3,0,1,1750,0.4,8,1,0,2.5326,9,5.3741
1.3,9,1,1,500,0.3,6,3,0,0.91673,9,4.9088
1.3,4,0,1,2500,0.1,12,2,0,2.8958,9,3.4965
1.3,3,0,1,2350,0.2,6,3,0,2.7706,9,4.8726
1.3,6,1,1,2850,0.5,8,2,0,1.1825,9,5.7081
1.3,6,1,1,950,0.5,2,1,0,1.0907,9,6.2612
1.3,6,0,1,550,0.2,14,3,0,1.5339,9,4.4005
1.3,2,0,1,3600,1,12,3,0,3.9954,9,5.0684
1.3,10,1,0,2450,0.7,2,3,0,0.49357,9,8.2054
1.3,5,1,1,2850,0,6,2,0,1.3034,9,6.2146
1.3,7,1,0,2250,0,14,3,0,0.88788,9,6.5163
1.3,5,1,1,1400,0.4,4,2,0,1.2743,9,6.3694
1.3,9,0,1,250,0.5,8,3,0,1.0474,9,4.2964
1.3,6,1,1,2900,0.5,12,1,0,1.2141,9,5.5596
1.3,5,0,1,1600,0.9,16,1,0,2.7688,9,2.9255
1.3,9,0,1,1450,0.3,16,2,0,2.9745,9,1.5128
1.3,3,1,1,550,1,2,2,0,1.8451,9,7.3671
1.3,2,0,1,3700,0,16,2,0,3.6182,9,5.5967
1.3,4,1,1,2700,1,10,3,0,1.6089,9,6.2932
1.3,6,1,1,3350,0.8,16,1,0,1.2635,9,5.3424
1.3,10,1,1,2900,1,8,3,0,0.9003,9,4.4985
1.3,10,0,0,2600,0.6,2,2,0,1.7354,9,2.3385
1.3,6,1,0,2450,0,14,2,0,0.96391,9,7.0027
1.3,3,0,0,2200,0.1,14,1,0,1.8903,9,7.16
1.3,1,1,1,850,0.8,6,3,0,4.9167,9,8.2741
1.3,9,0,1,3000,0.8,14,2,0,6.1711,9,0.7292
1.3,9,1,0,700,0.1,14,2,0,0.71391,9,6.3033
1.3,4,1,1,300,0.8,14,3,0,1.676,9,6.0411
1.3,5,0,1,800,0.4,4,1,0,1.6613,9,4.921
1.3,7,0,1,3850,0.1,10,1,0,5.0663,9,1.142
1.3,2,1,1,1300,0.6,2,1,6.4e-06,2.5976,9,7.9025
1.3,10,1,1,3500,0.9,4,1,0,0.81537,9,4.984
1.3,9,0,0,1050,0.3,14,1,0,1.0403,9,4.3257
1.3,1,1,1,3950,0.6,10,2,0,4.9616,9,8.2072
1.3,9,1,0,2000,0,2,3,0,0.54358,9,8.2785
1.3,1,1,1,2700,0.6,12,3,0,5.0175,9,8.0879
1.3,5,0,0,3550,0.6,4,1,0,1.8044,9,4.5307
1.3,2,1,0,3000,0.1,10,1,0,2.3834,9,8.5749
1.3,8,0,0,3600,0.3,4,2,0,1.7495,9,2.8937
1.3,3,1,0,2050,0,16,2,0,1.743,9,7.7451
1.3,2,0,1,200,0.2,12,2,0,2.4922,9,8.1309
1.3,9,0,1,1350,0.6,16,3,0,3.0833,9,1.4595
1.3,8,1,1,3250,0.3,2,2,0,0.90763,9,5.597
1.3,3,0,0,2600,0.9,14,3,0,2.185,9,6.1784
1.3,9,0,1,2650,0,14,1,0,4.3377,9,1.0374
1.3,4,0,0,1700,1,6,2,0,1.6249,9,6.2355
1.3,8,1,0,2050,0.7,16,3,0,0.8411,9,6.0189
1.3,9,1,0,2700,0.6,8,3,0,0.6443,9,6.9843
1.3,10,0,0,2350,0.8,4,2,0,1.787,9,2.2664
1.3,3,1,0,2800,0.4,8,2,0,1.6265,9,8.3057
1.3,6,0,0,3500,0,14,3,0,1.615,9,4.1795
1.3,5,1,1,850,1,16,2,0,1.449,9,5.5899
1.3,1,0,0,2250,0.7,2,2,3.2e-06,4.6535,9,8.7734
1.3,6,0,0,2350,0.8,16,3,0,1.7873,9,3.7765
1.3,10,1,1,350,0.7,12,1,0,0.91411,9,4.4305
1.3,8,1,0,3800,0.6,6,2,0,0.65989,9,7.6717
1.3,1,0,0,3500,0.1,12,1,0,4.7644,9,8.6001
1.3,2,1,1,3100,0.1,12,2,0,2.7408,9,7.3935
1.3,1,1,1,750,0.9,16,1,0,5.0135,9,8.1633
1.3,4,1,0,3550,0.1,16,2,0,1.368,9,7.4011
1.3,9,1,0,1200,0.8,14,1,0,0.68279,9,6.5906
1.3,8,1,0,2700,0.5,12,1,0,0.72061,9,7.0253
1.3,2,1,0,1450,0.2,14,3,0,2.495,9,8.1162
1.3,9,0,1,550,0.5,4,2,0,1.4641,9,3.0736
1.3,2,1,1,3750,0.9,2,1,6.4e-06,2.5976,9,7.9025
1.3,3,0,1,3950,0.5,10,2,0,3.8273,9,3.5273
1.3,4,1,0,2250,0.2,8,1,0,1.2337,9,8.2548
1.3,9,0,0,3600,0.8,4,2,0,2.3245,9,1.9359
1.3,6,0,1,1800,0.4,10,3,0,2.8363,9,2.3799
1.3,9,1,0,2550,0.1,8,1,0,0.60874,9,7.3923
1.3,9,1,1,3000,0.4,10,2,0,0.96165,9,4.6795
1.3,9,1,1,1500,0.9,16,3,0,1.0846,9,4.149
1.3,10,1,1,700,0.5,8,2,0,0.88252,9,4.5891
1.3,8,0,0,2750,0.8,12,2,0,1.9373,9,2.6132
1.3,3,1,0,3350,0.3,10,3,0,1.6779,9,8.0459
1.3,1,1,1,3850,1,14,3,0,5.051,9,8.0275
1.3,2,0,1,300,0,16,1,0,2.5411,9,8.0155
1.3,7,0,0,1300,1,14,1,0,1.3669,9,4.2327
1.3,2,1,0,2150,0,14,1,0,2.4328,9,8.3806
1.3,7,1,1,1100,0.4,10,3,0,1.1267,9,5.135
1.3,9,0,1,300,0.6,16,2,0,1.2483,9,3.605
1.3,3,0,1,3700,0.2,16,2,0,3.5745,9,3.7768
1.3,9,1,1,1600,0.5,12,1,0,0.96411,9,4.6675
1.3,1,0,0,2950,0,10,3,0,4.7579,9,8.5362
1.3,6,1,0,2750,0.7,10,2,0,0.90565,9,7.4532
1.3,1,1,1,200,0.7,4,2,0,4.8743,9,8.3721
1.3,4,1,1,3300,0.9,12,2,0,1.6158,9,6.2663
1.3,7,1,0,800,0.2,2,1,0,0.67754,9,8.634
1.3,1,1,1,650,0.2,8,3,0,4.9503,9,8.2117
1.3,4,0,0,3250,0.5,10,1,0,1.8372,9,5.53
1.3,5,1,0,1750,0.3,4,3,0,0.97715,9,8.2894
1.3,1,1,0,2500,0.8,16,1,0,4.7075,9,8.6939
1.3,5,0,0,2600,0.7,10,2,0,1.7131,9,4.7281
1.3,6,1,1,650,0.7,14,1,0,1.2388,9,5.4488
1.3,8,0,0,3150,1,4,1,0,2.1381,9,2.3816
1.3,2,1,0,2400,0.1,10,3,0,2.4279,9,8.3406
1.3,10,0,0,1400,0.1,8,1,0,1.01,9,4.0099
1.3,10,0,0,1700,0.1,8,2,0,1.129,9,3.5872
1.3,3,1,1,2900,0.2,8,1,0,1.9147,9,7.1083
1.3,7,1,1,1700,0.5,10,3,0,1.1267,9,5.135
1.3,8,0,1,1250,0.1,2,1,0,2.1832,9,2.3433
1.3,4,1,0,750,0.3,4,3,0,1.2022,9,8.4269
1.3,5,0,1,3900,0.3,14,3,0,4.4902,9,1.8039
1.3,7,0,1,1400,0.5,6,2,0,2.54,9,2.2778
1.3,8,0,0,2700,0.3,10,2,0,1.5556,9,3.2543
1.3,7,1,0,2150,0.6,12,1,0,0.80097,9,7.2234
1.3,6,1,0,2900,0.4,16,2,0,0.99304,9,6.7973
1.3,5,0,0,850,0.4,4,1,0,1.1294,9,7.2386
1.3,5,1,1,2150,0.3,10,1,0,1.3394,9,6.0474
1.3,1,0,1,2900,0.6,8,1,0,5.1477,9,7.9689
1.3,6,0,0,2150,0.3,14,3,0,1.4875,9,4.5377
1.3,3,0,0,2050,0.5,16,3,0,2.0461,9,6.5979
1.3,7,0,0,3650,0.7,12,1,0,2.0997,9,2.7555
1.3,9,1,1,3050,0.5,2,2,0,0.84513,9,5.3384
1.3,7,1,0,500,0.7,14,3,0,0.88788,9,6.5163
1.3,2,1,1,1350,0.5,12,2,0,2.7408,9,7.3935
1.3,8,1,1,4000,0.2,4,2,0,0.93676,9,5.4043
1.3,1,1,0,3650,0.5,4,2,0,4.5683,9,8.9329
1.3,1,1,0,1300,0.4,6,2,0,4.5974,9,8.8702
1.3,5,1,1,1800,0.4,10,3,0,1.3839,9,5.8531
1.3,10,0,1,3150,0.3,12,1,0,6.014,9,0.67343
1.3,3,0,0,1250,0.4,12,1,0,1.8056,9,7.5095
1.3,1,0,0,3300,1,6,2,0,4.7899,9,8.5137
1.3,5,1,1,2100,0.9,8,1,0,1.3147,9,6.1819
1.3,6,0,1,200,1,14,3,0,1.2398,9,5.4442
1.3,8,0,0,3800,0.3,14,2,0,1.9552,9,2.5893
1.3,2,1,1,2400,0.7,14,2,0,2.7699,9,7.3107
1.3,3,1,0,3400,0.8,10,3,0,1.6779,9,8.0459
1.3,1,0,1,550,0.6,8,2,0,4.7205,9,8.6329
1.3,5,1,1,600,0.5,2,1,0,1.2407,9,6.6082
1.3,4,0,1,2700,0.6,4,2,0,3.2366,9,3.139
1.3,7,0,0,2200,0.2,2,1,0,1.2225,9,4.785
1.3,1,0,1,3500,0.3,2,2,3.2e-06,5.1349,9,7.951
1.3,7,0,0,3300,0,2,3,0,1.3702,9,4.2275
1.3,3,0,0,200,0.4,14,3,0,1.7613,9,7.6649
1.3,4,1,0,1100,0.8,8,1,0,1.2337,9,8.2548
1.3,4,0,0,1300,0.5,8,3,0,1.4918,9,6.7871
1.3,6,0,0,2650,0.3,12,3,0,1.5702,9,4.2988
1.3,4,0,0,950,1,12,2,0,1.5323,9,6.6078
1.3,3,1,1,3650,0.6,12,2,0,1.9908,9,6.7813
1.3,2,1,1,1550,0.5,6,1,0,2.6401,9,7.7601
1.3,5,0,1,1700,1,8,2,0,2.8396,9,2.8525
1.3,2,0,0,1350,0.8,2,2,0,2.4254,9,8.4126
1.3,9,0,0,3900,0.3,4,3,0,1.9397,9,2.32
1.3,7,0,0,2050,0.3,16,3,0,1.4702,9,3.9353
1.3,6,0,1,1650,0.6,2,3,0,2.6702,9,2.5329
1.3,8,1,1,2800,0.9,14,2,0,1.0824,9,4.6771
1.3,5,1,0,650,0.6,16,2,0,1.143,9,7.0864
1.3,10,0,0,3850,0.6,14,2,0,2.5139,9,1.611
1.3,6,1,1,1800,0,14,3,0,1.301,9,5.1882
1.3,7,1,0,650,0.7,16,1,0,0.85033,9,6.804
1.3,6,0,0,3250,0.4,2,1,0,1.5959,9,4.279
1.3,6,0,0,3250,0.9,10,3,0,2.0391,9,3.3102
1.3,4,0,1,1500,0.4,14,3,0,2.4241,9,4.1768
1.3,2,1,0,1850,1,10,1,0,2.3834,9,8.5749
1.3,3,1,1,1450,0.4,12,1,0,1.9641,9,6.9035
1.3,5,1,1,2450,0.8,8,3,0,1.3503,9,5.9987
1.3,7,1,0,2600,0.4,4,2,0,0.71112,9,8.1361
1.3,7,0,1,3800,0.4,6,3,0,5.4758,9,1.0566
1.3,5,1,0,1150,0.9,4,1,0,0.95937,9,8.5213
1.3,3,0,0,600,0.7,12,3,0,1.7915,9,7.5358
1.3,9,0,1,550,0.8,2,2,0,1.5324,9,2.9441
1.3,7,1,0,650,0.8,14,2,0,0.85677,9,6.753
1.3,4,1,0,1700,0.6,14,1,0,1.3078,9,7.742
1.3,7,1,0,3750,0,2,3,0,0.68643,9,8.4385
1.3,2,0,0,2350,1,2,1,6.4e-06,2.5666,9,7.9979
1.3,7,0,0,850,0.9,8,2,0,1.1006,9,5.2568
1.3,2,1,1,850,0.2,14,2,0,2.7699,9,7.3107
1.3,4,0,1,3850,0,4,1,0,3.5383,9,2.8917
1.3,3,0,1,2150,0.6,10,2,0,2.8719,9,4.7008
1.3,1,0,0,2350,0.4,8,3,0,4.7318,9,8.5909
1.3,5,0,0,200,0.9,16,2,0,1.1893,9,6.8108
1.3,7,0,0,1050,0.6,12,1,0,1.1472,9,5.0433
1.3,3,0,1,1050,0,6,1,0,2.0564,9,6.6297
1.3,5,0,1,1600,0.8,8,2,0,2.6353,9,3.0736
1.3,3,0,0,2750,0.2,2,3,0,1.8298,9,7.4108
1.3,2,0,1,550,0.5,10,2,0,2.5961,9,7.8158
1.3,2,0,1,1850,0.1,6,2,0,2.9312,9,6.9418
1.3,6,0,0,3550,0.7,8,1,0,1.9437,9,3.4768
1.3,3,1,1,1750,0.8,6,1,0,1.8901,9,7.2132
1.3,5,1,1,700,0.6,12,2,0,1.3908,9,5.8241
1.3,4,0,0,300,0.1,14,1,0,1.339,9,7.5614
1.3,10,0,1,1050,0.5,8,1,0,2.484,9,1.6304
1.3,2,1,0,1550,0.7,10,2,0,2.4057,9,8.4346
1.3,8,1,1,3600,0.6,16,2,0,1.1115,9,4.5545
1.3,6,0,1,1750,0.2,6,3,0,2.591,9,2.6051
1.3,8,0,0,3550,0.8,6,1,0,2.1816,9,2.3233
1.3,5,0,0,3750,0.5,10,3,0,1.9154,9,4.2289
1.3,5,0,1,3400,0.6,12,2,0,4.3085,9,1.88
1.3,2,0,1,2200,0.6,6,2,0,3.1692,9,6.4204
1.3,4,0,0,1050,0.2,14,3,0,1.51,9,6.7052
1.3,4,0,0,1950,1,14,2,0,1.8014,9,5.6206
1.3,8,0,1,3750,0,8,3,0,5.3048,9,0.95432
1.3,1,0,0,3550,0.8,6,2,0,4.7786,9,8.5337
1.3,8,0,0,3450,0.6,8,1,0,1.9925,9,2.5408
1.3,5,1,0,2700,1,4,1,0,0.95937,9,8.5213
1.3,10,1,1,3350,0.6,6,1,0,0.84005,9,4.8211
1.3,9,0,0,2600,0.7,6,3,0,1.8007,9,2.499
1.3,6,0,0,2650,0.1,14,1,0,1.4478,9,4.6623
1.3,6,1,1,3500,0.6,16,1,0,1.2635,9,5.3424
1.3,10,1,0,2700,0.9,4,1,0,0.50937,9,7.9781
1.3,7,0,0,3700,0,10,3,0,1.587,9,3.6457
1.3,5,0,1,1400,0.1,8,3,0,2.1545,9,3.7596
1.3,9,0,0,2200,0.7,8,2,0,1.6328,9,2.7561
1.3,7,1,0,1650,0.9,4,1,0,0.70223,9,8.2954
1.3,9,1,1,2450,0.3,12,3,0,1.0175,9,4.4228
1.3,9,0,0,3050,0.1,14,3,0,1.6425,9,2.7397
1.3,3,1,1,3500,0,10,1,0,1.9394,9,7.0041
1.3,4,1,1,750,0.9,2,1,0,1.4657,9,6.997
1.3,1,0,0,3150,0.1,4,1,3.2e-06,4.6682,9,8.7946
1.3,8,1,0,2600,0.9,6,2,0,0.65989,9,7.6717
1.3,2,1,0,1900,0.2,6,1,0,2.3341,9,8.7774
1.3,6,1,0,3950,0.8,2,1,0,0.78469,9,8.7028
1.3,6,0,0,600,1,14,3,0,1.2063,9,5.5957
1.3,7,1,0,3300,0.2,12,2,0,0.82764,9,6.9907
1.3,1,0,0,1950,0.4,4,1,3.2e-06,4.6457,9,8.8372
1.3,7,1,0,1500,0.8,2,3,0,0.68643,9,8.4385
1.3,4,0,1,2350,0.3,10,1,0,2.8633,9,3.5482
1.3,5,0,1,2300,0.4,4,1,0,3.0008,9,2.7243
1.3,9,1,0,3400,0,4,3,0,0.57715,9,7.7969
1.3,4,1,1,250,0.3,8,1,0,1.5397,9,6.6143
1.3,5,1,0,2400,0.6,6,1,0,0.98406,9,8.2824
1.3,8,1,0,3100,0.7,10,1,0,0.69592,9,7.2745
1.3,6,0,0,2200,0.3,10,2,0,1.4094,9,4.7893
1.3,6,0,0,1750,0.4,12,1,0,1.3406,9,5.035
1.3,3,0,1,2300,0.1,6,1,0,2.6774,9,5.092
1.3,9,0,1,1500,0.9,2,3,0,3.3497,9,1.3434
1.3,3,0,0,800,0.8,2,3,0,1.6648,9,8.1453
1.3,8,0,1,550,0,16,3,0,1.5054,9,3.3628
1.3,1,1,0,3150,0.9,14,2,0,4.7139,9,8.6262
1.3,5,1,1,3150,0.9,4,3,0,1.2832,9,6.3126
1.3,5,1,0,3450,1,4,1,0,0.95937,9,8.5213
1.3,8,1,0,3400,0.5,14,1,0,0.74529,9,6.7926
1.3,3,1,1,2900,0.1,16,3,0,2.0846,9,6.4761
1.3,7,0,1,4000,0.1,16,2,0,5.3417,9,1.0831
1.3,3,1,1,3850,0,2,2,0,1.8451,9,7.3671
1.3,8,0,1,1800,0.8,6,1,0,3.5519,9,1.427
1.3,10,0,1,1100,0.7,10,2,0,2.7578,9,1.4686
1.3,8,0,0,2600,0.3,2,3,0,1.4098,9,3.5928
1.3,2,0,0,3900,0.1,12,1,0,2.6569,9,7.6842
1.3,8,1,1,1050,0.2,12,3,0,1.08,9,4.6877
1.3,5,1,0,900,0.3,16,1,0,1.1075,9,7.3139
1.3,4,0,1,750,0.5,8,3,0,1.8101,9,5.5936
1.3,10,1,0,1650,0.7,4,2,0,0.51826,9,7.8146
1.3,2,1,1,2850,0.5,10,1,0,2.6894,9,7.5992
1.3,2,0,1,2900,0.6,14,2,0,3.5518,9,5.7014
1.3,4,1,1,3750,0.9,2,1,0,1.4657,9,6.997
1.3,1,0,1,1700,0.7,2,2,3.2e-06,4.8689,9,8.3853
1.3,4,0,1,1350,0.4,16,3,0,2.349,9,4.3103
1.3,8,0,0,800,0.2,8,2,0,0.90777,9,5.5769
1.3,1,1,0,3350,1,14,1,0,4.6828,9,8.7446
1.3,2,0,1,3750,0.1,16,3,0,3.7156,9,5.45
1.3,2,1,0,3900,0.2,16,2,0,2.493,9,8.1226
1.3,4,0,0,250,0,4,3,0,1.2222,9,8.289
1.3,2,1,0,1150,0.5,2,1,6.4e-06,2.2916,9,8.9577
1.3,6,1,0,3900,0.5,12,1,0,0.90811,9,7.433
1.3,1,0,0,2250,0.6,6,1,0,4.6828,9,8.7651
1.3,1,0,1,900,0.7,12,2,0,4.849,9,8.3926
1.3,8,0,0,3200,0.9,6,3,0,2.137,9,2.369
1.3,6,0,0,1200,0.7,2,3,0,1.1548,9,5.8567
1.3,6,1,1,3900,1,12,1,0,1.2141,9,5.5596
1.3,9,1,1,550,0.8,8,2,0,0.93252,9,4.8256
1.3,6,0,0,2300,0.1,4,3,0,1.2709,9,5.3112
1.3,3,1,0,2250,0.7,2,3,0,1.5436,9,8.7851
1.3,5,0,1,3800,0.3,16,2,0,4.4039,9,1.8393
1.3,6,1,0,650,0.7,14,2,0,0.96391,9,7.0027
1.3,7,0,1,3550,1,6,2,0,6.0712,9,0.95298
1.3,5,1,1,2450,0.4,16,1,0,1.4135,9,5.7305
1.3,2,1,1,1650,0.5,6,1,0,2.6401,9,7.7601
1.3,6,1,0,2100,0.7,14,2,0,0.96391,9,7.0027
1.3,7,0,0,2050,0.6,14,1,0,1.5094,9,3.8331
1.3,8,1,1,2450,1,16,2,0,1.1115,9,4.5545
1.3,5,0,0,3350,0.1,16,3,0,1.7199,9,4.7097
1.3,1,1,1,3800,0.3,4,2,0,4.8743,9,8.3721
1.3,8,1,1,1100,0.9,14,2,0,1.0824,9,4.6771
1.3,5,1,0,2750,0.4,8,3,0,1.0443,9,7.7564
1.3,6,1,0,2600,0.1,2,2,0,0.78913,9,8.5951
1.3,2,1,0,3200,0.4,6,2,0,2.3474,9,8.6683
1.3,10,1,1,3500,0.9,16,2,0,0.99904,9,4.0539
1.3,4,1,0,3100,0.9,8,2,0,1.2515,9,8.0902
1.3,3,0,0,2150,0.1,12,1,0,1.8619,9,7.2826
1.3,5,1,0,1150,0.8,10,3,0,1.0779,9,7.5148
1.3,5,0,1,2550,0.6,10,3,0,3.4913,9,2.3201
1.3,7,1,1,3900,0.5,4,2,0,1.0171,9,5.6884
1.3,5,0,0,2750,0.1,16,3,0,1.6223,9,4.9928
1.3,2,1,0,3400,0.2,12,2,0,2.4348,9,8.3227
1.3,5,0,1,450,0.3,10,3,0,1.451,9,5.5825
1.3,2,0,0,1250,0.8,12,1,0,2.5331,9,8.0596
1.3,1,1,1,2500,0.3,10,2,0,4.9616,9,8.2072
1.3,7,1,0,500,0.8,10,2,0,0.79851,9,7.2457
1.3,1,0,0,1150,0.9,16,3,0,4.8323,9,8.3855
1.3,7,0,0,2600,0,2,1,0,1.215,9,4.8146
1.3,3,1,0,350,0.8,4,1,0,1.5594,9,8.7587
1.3,3,0,0,3850,0.6,14,3,0,2.2938,9,5.8855
1.3,5,0,0,1000,0.9,6,1,0,1.2628,9,6.4542
1.3,6,0,0,1200,0.4,12,2,0,1.2285,9,5.4944
1.3,6,0,1,1500,1,8,2,0,2.7964,9,2.4138
1.3,7,1,0,900,1,14,1,0,0.82565,9,7.0075
1.3,4,0,1,950,0.3,12,1,0,1.9288,9,5.2555
1.3,1,1,0,2550,0.5,12,2,0,4.6848,9,8.6868
1.3,4,1,0,600,0.8,16,2,0,1.368,9,7.4011
1.3,4,1,0,1500,1,14,1,0,1.3078,9,7.742
1.3,9,0,1,2300,0.6,14,1,0,4.6128,9,0.97554
1.3,9,1,0,950,0.1,12,1,0,0.65811,9,6.8378
1.3,6,1,1,3950,0.5,12,2,0,1.2408,9,5.4401
1.3,10,0,1,700,0.1,16,3,0,1.8388,9,2.2025
1.3,7,1,0,2850,0.4,10,3,0,0.82073,9,7.0495
1.3,1,1,0,3250,0,6,1,0,4.5841,9,8.9539
1.3,1,0,1,1700,0,4,3,0,4.8313,9,8.4274
1.3,3,1,1,2400,0.5,2,2,0,1.8451,9,7.3671
1.3,7,1,0,2050,0.6,8,3,0,0.78716,9,7.3502
1.3,10,1,0,1100,0.4,6,2,0,0.54739,9,7.3987
1.3,10,0,1,1300,1,2,2,0,3.2709,9,1.2407
1.3,8,1,0,1300,0.4,16,2,0,0.80554,9,6.2846
1.3,9,0,0,250,0.4,8,2,0,0.71027,9,6.3356
1.3,9,0,1,2750,0.8,16,3,0,5.7777,9,0.77886
1.3,3,1,0,1650,0.1,16,1,0,1.7075,9,7.9156
1.3,8,1,0,1750,0.6,8,1,0,0.67124,9,7.542
1.3,8,1,1,3750,0.5,14,1,0,1.0513,9,4.8155
1.3,3,0,0,3300,0.7,16,3,0,2.2786,9,5.9247
1.3,1,0,0,2550,0.9,10,2,0,4.7919,9,8.498
1.3,10,0,1,2300,0.4,16,2,0,4.7783,9,0.84757
1.3,10,1,0,3000,0.7,14,1,0,0.63279,9,6.4002
1.3,10,1,1,400,0.5,8,2,0,0.88252,9,4.5891
1.3,10,1,1,850,0,6,1,0,0.84005,9,4.8211
1.3,4,1,0,1000,0.9,4,3,0,1.2022,9,8.4269
1.3,7,0,1,3600,0.7,8,3,0,5.7234,9,1.0109
1.3,10,1,1,300,0,4,2,0,0.82426,9,4.9135
1.3,6,1,1,3200,0.9,12,1,0,1.2141,9,5.5596
1.3,1,0,1,3300,0.4,14,1,0,5.2592,9,7.7863
1.3,1,0,0,1400,0.2,16,2,0,4.7818,9,8.4989
1.3,1,1,1,3850,0.7,6,3,0,4.9167,9,8.2741
1.3,1,0,0,950,0.6,10,1,0,4.6684,9,8.7811
1.3,7,0,0,1750,0.6,12,1,0,1.3835,9,4.182
1.3,7,0,0,200,0.5,14,3,0,0.94163,9,6.1444
1.3,3,0,1,1300,0.9,2,2,0,2.3442,9,5.7987
1.3,6,1,1,3450,0.1,16,2,0,1.299,9,5.1961
1.3,9,0,1,2050,0.2,10,1,0,3.6778,9,1.2235
1.3,1,1,1,700,1,14,3,0,5.051,9,8.0275
1.3,10,1,1,1200,0.5,8,2,0,0.88252,9,4.5891
1.3,4,1,0,1950,0.7,4,2,0,1.1933,9,8.5145
1.3,4,1,0,2750,0.3,6,2,0,1.2224,9,8.2887
1.3,7,0,0,3250,0.2,8,2,0,1.5769,9,3.6691
1.3,6,0,0,800,0.2,2,2,0,0.95163,9,7.1274
1.3,8,0,0,1050,1,6,3,0,1.1695,9,4.3289
1.3,2,0,0,800,0.7,14,2,0,2.5364,9,7.9837
1.3,5,0,1,3800,0.2,14,2,0,4.2473,9,1.9071
1.3,6,1,0,2800,0.3,2,1,0,0.78469,9,8.7028
1.3,8,1,1,550,0.4,16,2,0,1.1115,9,4.5545
1.3,2,0,1,3400,0.4,16,1,0,3.654,9,5.5744
1.3,9,1,1,2350,0,14,3,0,1.051,9,4.2815
1.3,2,1,0,750,0.8,10,1,0,2.3834,9,8.5749
1.3,5,1,0,1450,0.1,8,2,0,1.0265,9,7.8907
1.3,4,0,0,3450,0.5,12,1,0,1.8994,9,5.337
1.3,9,1,0,3550,0.9,4,1,0,0.55937,9,8.0801
1.3,5,0,1,650,1,4,2,0,1.66,9,4.8895
1.3,7,1,1,1300,1,6,1,0,1.0329,9,5.6157
1.3,6,0,0,3800,0.5,16,1,0,1.9787,9,3.4113
1.3,4,0,0,3900,0.2,14,3,0,1.9225,9,5.2665
1.3,6,0,0,2600,0.2,14,1,0,1.4853,9,4.5446
1.3,5,0,0,2850,0.6,2,1,0,1.6109,9,5.0894
1.3,5,1,0,250,0.7,12,1,0,1.0581,9,7.6552
1.3,9,1,1,1750,0,12,3,0,1.0175,9,4.4228
1.3,4,1,1,900,0.7,2,2,0,1.4701,9,6.9299
1.3,6,1,1,1550,0.8,12,1,0,1.2141,9,5.5596
1.3,6,0,1,2100,0.1,14,2,0,2.9658,9,2.276
1.3,6,1,0,1300,0.6,10,3,0,0.92788,9,7.2747
1.3,5,1,1,2750,0.5,14,1,0,1.3888,9,5.8324
1.3,9,1,1,600,0.6,14,3,0,1.051,9,4.2815
1.3,1,1,1,3200,0.2,8,1,0,4.9147,9,8.3466
1.3,2,0,1,1750,0.9,10,3,0,3.143,9,6.4429
1.3,6,0,0,1900,0,12,1,0,1.2394,9,5.4464
1.3,10,0,0,950,0.8,8,1,0,1.0662,9,3.7984
1.3,3,1,1,700,0.6,8,3,0,1.9503,9,6.922
1.3,8,0,1,2200,0.5,8,2,0,3.9164,9,1.2926
1.3,7,1,1,550,0.5,4,3,0,1.026,9,5.6391
1.3,10,1,0,3050,0.4,14,2,0,0.66391,9,6.1002
1.3,8,1,0,2550,0.2,10,1,0,0.69592,9,7.2745
1.3,10,1,0,2750,0.6,14,1,0,0.63279,9,6.4002
1.3,3,0,0,3900,1,16,1,0,2.4062,9,5.617
1.3,4,0,0,3950,0.3,12,2,0,1.9148,9,5.2878
1.3,10,0,1,1100,0.1,4,2,0,2.2654,9,1.7878
1.3,9,1,1,2800,0.3,8,2,0,0.93252,9,4.8256
1.3,4,0,1,1700,0.4,4,3,0,2.3986,9,4.2234
1.3,8,0,0,2750,0.4,16,3,0,1.7573,9,2.8808
1.3,4,0,0,2750,0.1,16,1,0,1.6862,9,6.0045
1.3,1,1,0,3550,0.8,2,2,3.2e-06,4.5473,9,8.9784
1.3,6,1,0,750,0.5,8,1,0,0.85874,9,7.8696
1.3,3,0,0,1650,0.8,12,3,0,1.9715,9,6.8478
1.3,6,1,0,1100,1,4,2,0,0.81826,9,8.2549
1.3,10,1,1,700,0.7,12,3,0,0.96745,9,4.1863
1.3,8,0,1,1600,0.9,4,1,0,3.2875,9,1.549
1.3,5,1,1,2950,0.8,6,3,0,1.3167,9,6.1516
1.3,2,1,0,2450,0.6,8,1,0,2.3587,9,8.6755
1.3,3,0,1,1000,0.3,4,2,0,2.0716,9,6.5483
1.3,7,0,1,3100,0,16,2,0,4.212,9,1.3736
1.3,7,1,0,2750,0.8,4,3,0,0.72001,9,8.0357
1.3,8,1,1,2500,1,16,1,0,1.076,9,4.705
1.3,8,1,0,250,1,2,3,0,0.60608,9,8.3574
1.3,10,1,1,3250,0.1,12,3,0,0.96745,9,4.1863
1.3,1,1,0,350,0.5,14,2,0,4.7139,9,8.6262
1.3,3,0,1,2800,0.6,6,3,0,3.2045,9,4.2129
1.3,10,1,0,650,0.2,8,3,0,0.5943,9,6.8147
1.3,3,1,1,1850,0.9,2,2,0,1.8451,9,7.3671
1.3,4,0,1,3400,0.8,14,3,0,4.118,9,2.4587
1.3,9,1,1,300,0.4,4,1,0,0.86537,9,5.2229
1.3,7,1,0,700,0.6,16,1,0,0.85033,9,6.804
1.3,5,0,1,2650,0.3,2,1,0,3.1999,9,2.5622
1.3,10,1,0,300,0.8,6,2,0,0.54739,9,7.3987
1.3,8,1,0,3900,0.6,12,2,0,0.74728,9,6.7746
1.3,1,0,0,2350,0.2,10,3,0,4.7541,9,8.5429
1.3,3,0,0,3300,1,8,1,0,2.1987,9,6.1902
1.3,9,1,0,1000,0.5,10,2,0,0.65565,9,6.8634
1.3,1,1,0,1500,0.9,16,2,0,4.743,9,8.5683
1.3,6,0,0,450,0.4,10,2,0,1.0082,9,6.6954
1.3,5,0,0,3400,0,12,3,0,1.6115,9,5.0265
1.3,4,1,0,1100,0.2,6,1,0,1.2091,9,8.4429
1.3,6,1,0,2150,0.7,12,1,0,0.90811,9,7.433
1.3,5,1,1,1700,1,14,3,0,1.451,9,5.5823
1.3,7,0,1,2950,0.6,8,3,0,4.705,9,1.2297
1.3,8,0,1,250,0.3,6,3,0,1.0079,9,5.0227
1.3,5,1,1,1900,0.5,16,2,0,1.449,9,5.5899
1.3,8,0,1,750,0.3,6,3,0,1.6898,9,2.9959
1.3,3,1,0,2700,0.4,16,2,0,1.743,9,7.7451
1.3,6,0,0,1200,0.3,14,2,0,1.2352,9,5.4649
1.3,10,1,1,1750,0.5,10,2,0,0.91165,9,4.4425
1.3,6,0,1,3300,0,16,3,0,4.0569,9,1.6638
1.3,10,0,1,2450,0,2,3,0,4.2468,9,0.95366
1.3,4,1,0,2950,0,6,2,0,1.2224,9,8.2887
1.3,10,1,1,1550,1,4,1,0,0.81537,9,4.984
1.3,8,0,1,4000,0.9,8,1,0,7.3314,9,0.69052
1.3,6,1,1,3500,1,6,3,0,1.1667,9,5.7854
1.3,6,1,1,2800,0.4,12,2,0,1.2408,9,5.4401
1.3,5,1,1,900,0.9,4,1,0,1.2654,9,6.4606
1.3,1,1,0,3600,0.6,6,2,0,4.5974,9,8.8702
1.3,6,0,1,600,0.2,10,2,0,1.4951,9,4.5147
1.3,5,1,1,2650,0.8,6,2,0,1.3034,9,6.2146
1.3,6,0,1,400,0.6,10,3,0,1.375,9,4.909
1.3,3,0,1,3650,0,14,3,0,3.4199,9,3.9474
1.3,9,1,0,1000,0.4,10,1,0,0.63342,9,7.1042
1.3,10,0,1,350,0.3,6,1,0,1.1217,9,3.6107
1.3,2,1,0,700,0.8,8,3,0,2.3943,9,8.4621
1.3,6,1,1,2400,0.3,16,3,0,1.3346,9,5.0577
1.3,3,1,1,1800,0.9,8,2,0,1.9325,9,6.9905
1.3,1,1,0,3750,0.7,8,1,0,4.6087,9,8.9008
1.3,10,0,0,2450,1,6,1,0,2.0091,9,2.0159
1.3,6,1,1,2900,0.8,12,3,0,1.2675,9,5.3257
1.3,8,1,0,3400,1,12,2,0,0.74728,9,6.7746
1.3,2,0,1,2200,0.9,6,3,0,3.2726,9,6.2001
1.3,6,1,0,3750,0.9,6,1,0,0.83406,9,8.1285
1.3,7,1,0,1650,0.9,8,3,0,0.78716,9,7.3502
1.3,9,1,1,2750,0.1,2,2,0,0.84513,9,5.3384
1.3,8,1,1,2000,0.5,14,3,0,1.1135,9,4.5464
1.3,7,1,1,3500,0.7,6,3,0,1.0596,9,5.4604
1.3,1,1,1,2050,0.9,16,3,0,5.0846,9,7.9695
1.3,2,0,0,2650,0.8,6,2,0,2.6261,9,7.7482
1.3,7,1,1,1350,0.3,16,3,0,1.2275,9,4.7136
1.3,7,1,0,2200,0.7,12,2,0,0.82764,9,6.9907
1.3,8,0,0,1250,0.9,10,3,0,1.3041,9,3.8819
1.3,5,1,1,3300,0.9,6,3,0,1.3167,9,6.1516
1.3,1,0,1,2000,0,2,1,6.9333e-06,4.8694,9,8.4312
1.3,4,1,0,2200,0.8,6,1,0,1.2091,9,8.4429
1.3,1,1,0,2250,0.2,6,3,0,4.6107,9,8.8232
1.3,2,1,0,2400,0.2,2,1,6.4e-06,2.2916,9,8.9577
1.3,7,0,1,750,0.3,10,3,0,1.7146,9,3.3743
1.3,6,0,1,1900,0.3,2,2,0,2.7387,9,2.4766
1.3,9,1,0,2000,0.9,2,1,0,0.53468,9,8.4993
1.3,7,1,1,3550,0.4,2,1,0,0.98354,9,5.9478
1.3,2,1,1,2500,0.1,10,3,0,2.7339,9,7.4071
1.3,4,1,1,1800,0.1,14,1,0,1.6138,9,6.274
1.3,1,0,0,2800,0.1,8,2,0,4.7103,9,8.6517
1.3,6,1,1,3450,0.5,14,2,0,1.2699,9,5.3153
1.3,4,1,1,1950,0.6,4,3,0,1.5082,9,6.7171
1.3,2,1,1,3900,0.8,14,2,0,2.7699,9,7.3107
1.3,2,1,1,950,0.4,4,2,0,2.6243,9,7.7644
1.3,2,1,1,2650,0.4,14,1,0,2.7388,9,7.4442
1.3,2,1,0,1700,0.5,16,2,0,2.493,9,8.1226
1.3,2,1,0,3350,1,14,3,0,2.495,9,8.1162
1.3,2,1,1,2800,1,12,1,0,2.7141,9,7.5221
1.3,2,0,0,300,0.5,8,2,0,2.3928,9,8.4922
1.3,7,0,0,2250,1,10,3,0,1.767,9,3.2744
1.3,4,0,1,1550,0.4,6,2,0,2.3102,9,4.3857
1.3,9,1,1,3250,0.3,16,3,0,1.0846,9,4.149
1.3,3,1,0,2900,0.4,14,2,0,1.7139,9,7.8767
1.3,4,1,1,1000,1,4,3,0,1.5082,9,6.7171
1.3,9,1,0,2700,0.1,10,3,0,0.67788,9,6.6384
1.3,2,1,0,1700,0.5,14,1,0,2.4328,9,8.3806
1.3,6,0,0,3450,0.3,2,3,0,1.5936,9,4.2442
1.3,1,0,0,600,0.1,10,2,0,4.6644,9,8.7303
1.3,2,1,0,3600,0.3,6,2,0,2.3474,9,8.6683
1.3,2,1,0,2650,1,12,3,0,2.4615,9,8.2269
1.3,5,0,0,3350,0.3,16,2,0,1.7893,9,4.5269
1.3,1,0,0,3350,0.3,14,1,0,4.804,9,8.5239
1.3,4,0,0,3000,0.8,16,3,0,2.0461,9,4.9484
1.3,9,0,0,2000,0.4,12,3,0,1.4627,9,3.0765
1.3,7,0,1,3350,0.5,16,2,0,5.1858,9,1.1157
1.3,10,1,1,2250,0.7,8,1,0,0.86474,9,4.6835
1.3,2,1,1,500,0.7,16,3,0,2.8346,9,7.1439
1.3,3,0,0,2750,0.5,8,1,0,1.97,9,6.909
1.3,7,1,1,2000,0.3,16,2,0,1.1919,9,4.8542
1.3,6,0,1,3500,0.2,10,1,0,4.354,9,1.5503
1.3,5,0,0,350,0.2,4,1,0,1.0131,9,8.0692
1.3,8,0,0,1150,0.5,10,1,0,1.1022,9,4.5932
1.3,2,1,0,2250,0.7,14,3,0,2.495,9,8.1162
1.3,6,1,1,3900,0.6,10,2,0,1.2117,9,5.5709
1.3,3,1,0,2650,0.4,12,3,0,1.7115,9,7.888
1.3,8,1,1,200,0.8,14,2,0,1.0824,9,4.6771
1.3,1,0,0,1850,1,16,2,0,4.8455,9,8.3871
1.3,4,1,0,1250,0.2,12,1,0,1.2831,9,7.9002
1.3,2,1,0,2750,1,8,1,0,2.3587,9,8.6755
1.3,5,1,1,650,0.4,10,1,0,1.3394,9,6.0474
1.3,7,0,0,4000,0.4,14,2,0,2.028,9,2.8529
1.3,9,1,1,3550,0.1,4,2,0,0.87426,9,5.1472
1.3,5,1,0,950,0.4,6,2,0,0.99739,9,8.1212
1.3,7,1,0,4000,0.5,6,2,0,0.74025,9,7.8159
1.3,8,0,0,1300,0.9,10,3,0,1.3266,9,3.8161
1.3,3,1,1,2450,0.6,6,2,0,1.9034,9,7.111
1.3,4,0,0,2500,0.4,8,1,0,1.6437,9,6.1958
1.3,1,1,0,700,0.7,2,3,0,4.5436,9,8.9681
1.3,6,0,0,650,0,14,1,0,1.039,9,6.4964
1.3,5,1,1,3250,1,12,2,0,1.3908,9,5.8241
1.3,8,1,0,450,0.8,14,2,0,0.77641,9,6.5204
1.3,7,1,0,2650,0.3,8,3,0,0.78716,9,7.3502
1.3,8,0,0,1550,0.9,16,3,0,1.5436,9,3.2797
1.3,5,0,0,1650,0.2,14,2,0,1.4002,9,5.7851
1.3,5,0,0,1050,0.6,14,1,0,1.324,9,6.1176
1.3,1,1,0,700,0.6,12,3,0,4.7115,9,8.6132
1.3,9,1,0,2050,0.4,14,3,0,0.74502,9,6.0401
1.3,6,1,0,1000,0.7,16,1,0,0.95748,9,7.0498
1.3,9,0,1,3850,0.8,10,2,0,7.6614,9,0.58736
1.3,1,1,0,1350,0.7,8,3,0,4.6443,9,8.7528
1.3,1,1,0,3800,0.7,8,3,0,4.6443,9,8.7528
1.3,1,0,1,2250,0.6,8,1,0,5.0268,9,8.1605
1.3,6,0,1,2000,1,2,1,0,3.3529,9,2.0368
1.3,6,0,0,2100,0.9,8,1,0,1.5762,9,4.2874
1.3,2,0,1,2050,1,16,2,0,3.3693,9,6.0102
1.3,9,1,0,1700,0,10,3,0,0.67788,9,6.6384
1.3,10,0,0,1150,0.9,10,3,0,1.2816,9,3.1601
1.3,10,0,0,3900,0.4,2,1,0,2.1209,9,1.9272
1.3,9,1,0,3550,0.8,12,2,0,0.68478,9,6.5715
1.3,8,0,1,2550,0.3,10,1,0,4.1929,9,1.2074
1.3,3,1,1,3600,0.1,16,1,0,2.0135,9,6.7127
1.3,10,0,1,1450,0.5,8,2,0,3.2362,9,1.2515
1.3,2,1,0,1800,0.6,10,3,0,2.4279,9,8.3406
1.3,7,1,1,2600,0.2,8,2,0,1.0754,9,5.3802
1.3,10,0,1,1050,0.7,14,1,0,2.6856,9,1.508
1.3,10,0,1,3200,0.3,16,3,0,6.2188,9,0.65125
1.3,10,0,0,2700,0.9,14,2,0,2.2064,9,1.8356
1.3,6,0,0,3700,0.5,14,1,0,1.924,9,3.5082
1.3,2,0,1,3950,0.7,12,3,0,4.0009,9,5.0614
1.3,5,0,0,3450,0.8,16,1,0,2.035,9,3.9804
1.3,8,0,0,1800,0,6,1,0,1.0678,9,4.7466
1.3,1,0,1,200,0.9,6,2,0,4.6286,9,8.8103
1.3,4,1,0,1700,0.3,14,1,0,1.3078,9,7.742
1.3,10,0,1,1850,0.2,2,3,0,3.5502,9,1.1408
1.3,4,1,1,1800,0.9,8,2,0,1.5575,9,6.5007
1.3,3,1,0,700,0.8,8,1,0,1.6087,9,8.4604
1.3,8,0,0,1400,0.4,6,1,0,1.1091,9,4.57
1.3,8,1,0,3600,0.4,6,2,0,0.65989,9,7.6717
1.3,2,0,0,1950,0.8,8,1,0,2.5587,9,7.9974
1.3,6,1,0,800,1,8,2,0,0.87652,9,7.7009
1.3,4,1,1,1450,0.2,12,3,0,1.6425,9,6.1646
1.3,2,0,1,2500,0,10,1,0,3.1414,9,6.5058
1.3,4,0,1,500,0.7,10,3,0,1.6826,9,6.0176
1.3,3,1,0,600,0.8,6,1,0,1.5841,9,8.6066
1.3,10,0,0,3400,0.2,2,3,0,1.7098,9,2.3687
1.3,5,1,0,400,0,16,2,0,1.143,9,7.0864
1.3,8,1,0,1200,0.5,10,3,0,0.74038,9,6.8378
1.3,3,0,0,950,0.9,12,2,0,1.836,9,7.3528
1.3,1,0,0,3250,0.3,8,2,0,4.744,9,8.5901
1.3,1,1,0,2950,0.5,12,3,0,4.7115,9,8.6132
1.3,1,0,0,3200,0,14,1,0,4.7703,9,8.5842
1.3,2,0,1,750,0.4,8,1,0,2.6166,9,7.8204
1.3,4,1,0,2950,0.2,14,3,0,1.37,9,7.3904
1.3,8,1,0,1350,0.5,10,2,0,0.71815,9,7.0494
1.3,3,0,0,1800,0,16,1,0,1.8587,9,7.2715
1.3,3,0,1,2700,0.9,16,1,0,3.3856,9,3.9921
1.3,5,0,0,3650,0.9,12,3,0,2.1477,9,3.7715
1.3,7,0,0,850,0,8,2,0,0.93937,9,6.1591
1.3,3,1,1,1350,0.5,8,2,0,1.9325,9,6.9905
1.3,6,1,0,2650,0.3,8,1,0,0.85874,9,7.8696
1.3,8,1,0,2100,0,10,2,0,0.71815,9,7.0494
1.3,4,0,0,300,0.1,2,3,0,1.1998,9,8.4701
1.3,8,0,1,3850,0.7,2,1,0,6.6351,9,0.77103
1.3,5,0,0,1250,1,6,2,0,1.3661,9,5.9291
1.3,3,1,1,3100,0.2,8,1,0,1.9147,9,7.1083
1.3,1,1,0,850,0.8,6,2,0,4.5974,9,8.8702
1.3,4,1,0,2000,0.1,12,2,0,1.3098,9,7.7303
1.3,10,1,0,1950,0.7,10,1,0,0.58342,9,6.9418
1.3,8,1,1,2900,0.1,8,1,0,0.97724,9,5.1804
1.3,8,0,0,500,0.9,4,3,0,0.86215,9,5.8719
1.3,10,0,1,750,0.9,8,1,0,2.1132,9,1.9165
1.3,7,1,1,3150,0.3,16,2,0,1.1919,9,4.8542
1.3,5,0,0,1900,0.2,4,2,0,1.2995,9,6.2457
1.3,7,0,0,2950,0.5,4,2,0,1.6349,9,3.539
1.3,2,1,0,2800,0.7,6,2,0,2.3474,9,8.6683
1.3,5,0,1,3550,0.4,10,3,0,4.2293,9,1.9152
1.3,8,0,0,1100,0.9,8,1,0,1.1675,9,4.3362
1.3,5,1,1,850,0.9,6,3,0,1.3167,9,6.1516
1.3,6,0,0,3000,0.6,12,2,0,1.791,9,3.7688
1.3,9,1,1,1450,0,8,3,0,0.9503,9,4.7353
1.3,7,1,0,400,0.8,14,1,0,0.82565,9,7.0075
1.3,8,1,1,3300,0.6,8,2,0,0.99502,9,5.0878
1.3,2,1,0,3200,0.9,14,2,0,2.4639,9,8.2186
1.3,3,0,1,2150,0.4,10,1,0,2.7671,9,4.909
1.3,3,1,0,550,0,12,1,0,1.6581,9,8.1775
1.3,8,1,1,3000,0.6,6,2,0,0.96589,9,5.2413
1.3,8,1,0,2450,0.4,8,1,0,0.67124,9,7.542
1.3,4,0,1,2750,0.2,4,1,0,2.999,9,3.4117
1.3,3,0,1,3000,0.4,4,2,0,3.1582,9,4.2953
1.3,9,0,0,1900,0.7,14,1,0,1.554,9,2.8957
1.3,3,1,1,1700,0.4,6,3,0,1.9167,9,7.0433
1.3,6,1,0,2800,0.3,16,1,0,0.95748,9,7.0498
1.3,8,0,1,3450,0.7,16,3,0,6.2495,9,0.81007
1.3,5,1,0,2650,1,8,3,0,1.0443,9,7.7564
1.3,7,0,1,650,0.9,2,2,0,1.6229,9,3.5795
1.3,9,1,1,2850,0.9,4,2,0,0.87426,9,5.1472
1.3,9,0,0,1700,0.9,4,3,0,1.4484,9,3.1069
1.3,10,0,1,1550,0.7,2,2,0,3.5199,9,1.1529
1.3,9,0,0,2150,0.4,14,3,0,1.5525,9,2.8985
1.3,7,1,1,3500,0.4,10,1,0,1.0823,9,5.3459
1.3,8,0,0,800,0.6,4,1,0,0.91937,9,5.5387
1.3,9,0,0,550,0.8,16,1,0,0.96748,9,4.6513
1.3,7,1,0,250,0.9,8,3,0,0.78716,9,7.3502
1.3,10,0,0,3550,0.3,4,3,0,1.9046,9,2.1264
1.3,5,1,1,600,0.7,4,3,0,1.2832,9,6.3126
1.3,10,1,0,3700,0.4,14,1,0,0.63279,9,6.4002
1.3,3,0,1,2050,0.8,12,3,0,2.9521,9,4.573
1.3,4,1,1,1650,0.8,12,2,0,1.6158,9,6.2663
1.3,1,0,0,3550,0.8,12,2,0,4.866,9,8.3632
1.3,10,1,0,2800,0.5,4,1,0,0.50937,9,7.9781
1.3,3,1,0,300,0.6,10,2,0,1.6557,9,8.1539
1.3,5,1,0,1200,0.2,14,1,0,1.0828,9,7.4806
1.3,9,1,0,3550,0.7,12,2,0,0.68478,9,6.5715
1.3,10,1,1,750,0,4,2,0,0.82426,9,4.9135
1.3,6,0,0,2100,0.4,6,3,0,1.3832,9,4.8799
1.3,6,0,0,1750,0.5,4,1,0,1.2756,9,5.3349
1.3,8,0,0,2400,0.8,14,2,0,1.8089,9,2.7986
1.3,5,1,1,1300,0.8,12,1,0,1.3641,9,5.9379
1.3,2,1,1,1700,0.7,16,3,0,2.8346,9,7.1439
1.3,6,1,0,500,0.2,2,3,0,0.79358,9,8.5227
1.3,5,1,1,2000,0.4,14,2,0,1.4199,9,5.7046
1.3,5,0,0,2950,0.7,10,3,0,1.8254,9,4.4374
1.3,1,1,1,400,1,16,1,0,5.0135,9,8.1633
1.3,6,0,0,2150,0.8,8,3,0,1.5856,9,4.2572
1.3,4,1,0,3150,0.3,6,2,0,1.2224,9,8.2887
1.3,10,1,1,2200,0.4,10,1,0,0.88943,9,4.5535
1.3,7,0,0,2400,0.1,16,1,0,1.3953,9,4.1465
1.3,8,1,0,1100,0.6,14,3,0,0.80752,9,6.2692
1.3,1,1,1,400,0.1,8,3,0,4.9503,9,8.2117
1.3,7,1,1,2600,0.6,8,2,0,1.0754,9,5.3802
1.3,1,0,1,2750,0.3,4,2,0,5.0332,9,8.1078
1.3,7,0,0,500,0.3,10,2,0,0.92351,9,6.265
1.3,9,1,1,2150,0.4,4,3,0,0.88315,9,5.0954
1.3,4,1,1,3100,0.4,2,1,0,1.4657,9,6.997
1.3,3,1,0,2650,0.7,14,1,0,1.6828,9,8.0429
1.3,2,1,0,2950,0.6,4,2,0,2.3183,9,8.7893
1.3,5,0,1,3450,0.4,6,2,0,4.057,9,1.9966
1.3,4,1,1,2900,0.1,14,1,0,1.6138,9,6.274
1.3,7,1,0,1300,0.8,10,2,0,0.79851,9,7.2457
1.3,2,1,1,3000,1,2,3,0,2.5996,9,7.8311
1.3,1,1,0,2450,0.3,8,3,0,4.6443,9,8.7528
1.3,2,0,0,3400,0.7,2,3,0,2.6323,9,7.7336
1.3,3,0,1,4000,0.6,2,1,0,3.8104,9,3.5906
1.3,3,0,1,3450,0.1,4,1,0,3.2006,9,4.2673
1.3,4,1,1,350,0.7,4,1,0,1.4904,9,6.8652
1.3,8,1,0,2700,0.7,4,3,0,0.63965,9,7.9145
1.3,3,1,1,2800,0.5,8,1,0,1.9147,9,7.1083
1.3,3,1,0,750,0.8,2,3,0,1.5436,9,8.7851
1.3,6,0,1,1850,0.1,2,3,0,2.5575,9,2.6445
1.3,8,0,0,2500,0,14,3,0,1.3975,9,3.6225
1.3,8,1,0,3700,0.9,12,3,0,0.77395,9,6.5411
1.3,3,1,0,1700,0.6,10,2,0,1.6557,9,8.1539
1.3,5,0,0,3450,0.7,8,1,0,1.8875,9,4.3061
1.3,3,0,1,4000,0,6,1,0,3.4173,9,3.9895
1.3,7,0,0,2150,0.3,10,3,0,1.3995,9,4.1342
1.3,2,1,0,4000,0.5,10,1,0,2.3834,9,8.5749
1.3,10,1,0,3700,0.9,4,1,0,0.50937,9,7.9781
1.3,7,0,0,850,0.5,12,2,0,1.0839,9,5.3379
1.3,1,0,1,4000,0.1,12,2,0,5.3117,9,7.6616
1.3,8,0,0,1000,0.9,16,1,0,1.2212,9,4.1454
1.3,6,0,1,3000,0.2,14,3,0,3.9673,9,1.7014
1.3,5,1,0,2550,0.1,8,2,0,1.0265,9,7.8907
1.3,7,0,0,3150,0.2,16,1,0,1.6353,9,3.5379
1.3,2,1,1,1700,0.7,6,1,0,2.6401,9,7.7601
1.3,9,0,1,3300,1,8,3,0,7.0142,9,0.64155
1.3,6,1,0,2800,0.7,16,2,0,0.99304,9,6.7973
1.3,3,0,0,3050,0,2,1,0,1.7984,9,7.6075
1.3,2,0,1,3200,0,16,1,0,3.429,9,5.94
1.3,9,0,1,300,0.6,12,1,0,1.1633,9,3.8682
1.3,8,1,1,3600,0.6,16,3,0,1.1471,9,4.4133
1.3,10,0,1,2500,0.4,4,2,0,4.9558,9,0.81723
1.3,6,0,0,2900,0.1,16,1,0,1.5212,9,4.4372
1.3,3,0,1,200,0.1,16,1,0,1.7911,9,7.5459
1.3,1,0,0,3850,0.1,6,3,0,4.7282,9,8.6039
1.3,4,1,1,2200,0.1,16,2,0,1.674,9,6.0482
1.3,9,1,1,3950,0,16,1,0,1.0135,9,4.4401
1.3,10,0,0,1500,0,6,2,0,0.98739,9,4.1017
1.3,2,1,0,2750,0.8,2,2,0,2.2891,9,8.9133
1.3,1,1,0,2550,0.1,4,3,0,4.5771,9,8.8952
1.3,8,0,0,1600,0.2,8,1,0,1.1225,9,4.5101
1.3,9,1,1,1400,0.3,8,1,0,0.91474,9,4.9194
1.3,3,1,0,3950,1,4,2,0,1.5683,9,8.6499
1.3,7,1,1,800,0.3,8,2,0,1.0754,9,5.3802
1.3,6,1,1,2050,0.5,10,3,0,1.2339,9,5.4706
1.3,10,0,1,2550,0.3,16,3,0,5.1004,9,0.79406
1.3,10,1,0,2550,0.5,2,3,0,0.49357,9,8.2054
1.3,6,1,0,1400,0.7,8,1,0,0.85874,9,7.8696
1.3,8,1,1,500,0.2,10,3,0,1.0464,9,4.8381
1.3,3,0,0,1800,0.6,2,3,0,1.7923,9,7.5658
1.3,2,1,0,3950,0.1,6,1,0,2.3341,9,8.7774
1.3,5,0,1,2400,0.5,10,1,0,3.2341,9,2.5045
1.3,5,1,1,3900,0.7,4,1,0,1.2654,9,6.4606
1.3,10,1,0,350,0.2,16,2,0,0.69304,9,5.8438
1.3,4,1,0,3450,0.3,12,1,0,1.2831,9,7.9002
1.3,7,1,0,600,0,10,1,0,0.77628,9,7.4531
1.3,9,0,1,2850,0.7,4,1,0,5.5827,9,0.8096
1.3,8,0,1,2300,0.9,16,2,0,4.6403,9,1.091
1.3,3,0,1,2850,0.1,12,1,0,3.0109,9,4.5034
1.3,10,0,0,3950,1,14,2,0,3.0464,9,1.3294
1.3,5,1,0,200,0,8,3,0,1.0443,9,7.7564
1.3,3,0,1,750,0.8,14,3,0,2.1856,9,6.1767
1.3,3,1,1,3300,0.5,10,1,0,1.9394,9,7.0041
1.3,6,0,0,1000,0.5,8,3,0,1.1543,9,5.8477
1.3,4,0,1,2800,0.9,4,1,0,3.5127,9,2.9128
1.3,9,1,1,300,0.8,4,1,0,0.86537,9,5.2229
1.3,4,0,1,3100,0.7,14,1,0,3.7334,9,2.712
1.3,1,0,0,3600,0.3,2,1,6.9333e-06,4.701,9,8.7333
1.3,8,0,1,450,0.7,16,1,0,1.4644,9,3.457
1.3,10,0,1,2850,1,8,3,0,6.7094,9,0.60363
1.3,4,0,1,950,0,10,2,0,1.8513,9,5.469
1.3,7,1,1,1800,0.3,12,2,0,1.1336,9,5.1037
1.3,1,1,0,1600,0.8,16,2,0,4.743,9,8.5683
1.3,10,0,1,200,0.9,14,3,0,1.0972,9,3.6911
1.3,10,0,1,2550,1,6,1,0,6.0009,9,0.6749
1.3,9,0,0,1950,0.6,2,1,0,1.3722,9,3.3118
1.3,8,0,0,1300,1,12,1,0,1.3406,9,3.7763
1.3,3,0,0,1550,0.9,2,1,0,1.7947,9,7.6234
1.3,3,0,1,3450,0.3,2,2,0,3.3079,9,4.1093
1.3,7,0,0,950,0.2,12,1,0,1.031,9,5.6119
1.3,4,1,0,2300,0.3,12,1,0,1.2831,9,7.9002
1.3,10,0,1,200,0,6,2,0,0.84459,9,4.7952
1.3,5,0,0,3750,0.6,16,2,0,2.0368,9,3.9768
1.3,10,0,0,3500,0.3,4,3,0,1.8859,9,2.1475
1.3,3,0,1,250,0.9,12,3,0,1.8542,9,7.281
1.3,4,1,0,2500,0.2,12,1,0,1.2831,9,7.9002
1.3,4,1,0,400,0.8,10,1,0,1.2584,9,8.0732
1.3,8,1,1,2350,0.1,6,2,0,0.96589,9,5.2413
1.3,3,1,1,2200,0.7,16,1,0,2.0135,9,6.7127
1.3,4,0,0,1500,0.9,14,2,0,1.6739,9,6.0487
1.3,1,0,1,3150,0.7,14,2,0,5.3213,9,7.6416
1.3,8,1,0,1100,0.3,6,1,0,0.64655,9,7.8391
1.3,4,0,0,1350,0.6,4,1,0,1.4331,9,7.1394
1.3,4,0,0,1200,0.3,16,2,0,1.5455,9,6.5511
1.3,8,0,0,2450,0.7,8,2,0,1.6878,9,2.9995
1.3,9,1,0,1350,0.3,16,1,0,0.70748,9,6.3606
1.3,10,1,0,350,0.9,16,3,0,0.7286,9,5.5586
1.3,4,0,0,1700,0.1,4,3,0,1.4171,9,7.1484
1.3,8,0,1,1750,0.8,16,2,0,3.6359,9,1.3923
1.3,6,1,1,2650,0.4,6,1,0,1.1401,9,5.9467
1.3,8,1,1,2200,0.2,6,2,0,0.96589,9,5.2413
1.3,4,0,1,3400,0.7,8,1,0,3.8917,9,2.6169
1.3,1,0,0,2650,0.2,14,1,0,4.7665,9,8.591
1.3,5,0,1,3400,0.3,8,3,0,3.9605,9,2.0452
1.3,3,1,1,1150,0.4,6,3,0,1.9167,9,7.0433
1.3,4,1,0,2700,0.5,2,2,0,1.1641,9,8.7515
1.3,1,1,1,3950,0,8,1,0,4.9147,9,8.3466
1.3,10,0,0,2400,0,16,1,0,1.3675,9,2.9617
1.3,5,1,1,950,0.5,12,1,0,1.3641,9,5.9379
1.3,3,0,1,1900,1,14,1,0,2.8963,9,4.673
1.3,10,0,0,450,0.7,16,3,0,0.94735,9,4.2751
1.3,5,0,0,1950,0.4,16,2,0,1.5418,9,5.2536
1.3,3,0,0,800,0.3,10,2,0,1.7394,9,7.7613
1.3,8,1,0,2700,0.1,14,1,0,0.74529,9,6.7926
1.3,5,0,1,3450,0,12,3,0,3.751,9,2.1594
1.3,1,0,0,1900,0.9,2,3,0,4.6423,9,8.7773
1.3,4,1,0,1100,0.3,8,1,0,1.2337,9,8.2548
1.3,6,1,1,3750,0.4,4,2,0,1.1243,9,6.0081
1.3,2,0,0,3250,1,8,2,0,2.7603,9,7.3616
1.3,8,0,1,900,0.4,6,1,0,1.918,9,2.6426
1.3,10,1,0,1500,0.2,8,2,0,0.57652,9,7.0249
1.3,10,0,1,3150,0.5,4,2,0,6.3067,9,0.64218
1.3,10,0,1,2850,0,6,2,0,4.915,9,0.82401
1.3,6,0,0,1450,0.9,8,1,0,1.3475,9,5.0152
1.3,7,1,1,2900,0,8,1,0,1.0576,9,5.4706
1.3,10,0,0,2550,0.5,4,3,0,1.6722,9,2.422
1.3,7,1,0,2450,0.8,2,3,0,0.68643,9,8.4385
1.3,1,0,0,1400,0.5,8,3,0,4.6981,9,8.6526
1.3,4,1,1,450,0,2,2,0,1.4701,9,6.9299
1.3,7,1,0,2150,0.3,8,3,0,0.78716,9,7.3502
1.3,2,0,0,1900,1,2,3,0,2.5161,9,8.091
1.3,7,0,0,2250,0.4,12,3,0,1.5081,9,3.8365
1.3,5,1,0,2700,0.9,14,1,0,1.0828,9,7.4806
1.3,7,0,0,3750,0,14,3,0,1.6654,9,3.4741
1.3,1,0,0,2500,0.7,12,2,0,4.8023,9,8.4743
1.3,7,1,0,600,0.9,4,1,0,0.70223,9,8.2954
1.3,6,0,1,2900,1,8,2,0,4.6027,9,1.4665
1.3,8,1,1,1800,0.3,4,2,0,0.93676,9,5.4043
1.3,8,1,0,2800,0.2,2,1,0,0.59718,9,8.5666
1.3,7,0,0,1950,0.3,6,2,0,1.2627,9,4.5819
1.3,10,1,0,1250,0.8,8,2,0,0.57652,9,7.0249
1.3,5,1,1,3950,0.8,16,1,0,1.4135,9,5.7305
1.3,3,1,1,3350,0.2,10,2,0,1.9617,9,6.882
1.3,10,1,0,1300,0.6,10,1,0,0.58342,9,6.9418
1.3,3,0,0,2650,0.3,10,1,0,1.9347,9,7.0213
1.3,10,1,1,200,0.5,6,3,0,0.86673,9,4.6728
1.3,2,0,1,1850,0.7,16,2,0,3.2044,9,6.3195
1.3,4,1,1,3950,0.4,10,3,0,1.6089,9,6.2932
1.3,2,0,1,1400,0.5,12,2,0,2.9419,9,6.8882
1.3,4,0,0,450,0,10,1,0,1.3009,9,7.8095
1.3,4,1,1,3800,0,16,1,0,1.6385,9,6.1795
1.3,1,1,1,2350,0,6,3,0,4.9167,9,8.2741
1.3,5,0,1,800,0.6,12,1,0,1.805,9,4.4875
1.3,2,0,1,3500,0.5,8,2,0,3.6517,9,5.5645
1.3,4,0,0,3200,0,10,3,0,1.6754,9,6.0434
1.3,8,0,1,1450,1,10,1,0,3.1817,9,1.5911
1.3,2,1,1,2200,0.4,12,3,0,2.7675,9,7.3172
1.3,7,0,1,2450,0.5,4,2,0,3.8589,9,1.4993
1.3,8,0,1,2700,0.5,10,2,0,4.6799,9,1.0818
1.3,7,0,0,3450,0.2,6,3,0,1.6136,9,3.5856
1.3,6,0,1,400,0.8,4,3,0,1.3043,9,5.1752
1.3,4,1,0,3700,0.4,4,2,0,1.1933,9,8.5145
1.3,3,0,0,750,0.4,12,3,0,1.7952,9,7.5201
1.3,5,0,1,1600,0.4,4,3,0,2.391,9,3.3878
1.3,6,1,0,1200,0.5,8,1,0,0.85874,9,7.8696
1.3,2,0,1,1450,0,8,3,0,2.8282,9,7.1637
1.3,3,0,1,1200,0.6,14,1,0,2.3548,9,5.7478
1.3,10,0,0,1750,0.9,2,1,0,1.4797,9,2.7624
1.3,4,0,0,1950,0.2,2,2,0,1.4354,9,7.0977
1.3,8,1,1,1050,0,8,1,0,0.97724,9,5.1804
1.3,3,0,1,1400,0.3,12,2,0,2.3979,9,5.6299
1.3,5,0,0,1100,0.7,14,3,0,1.42,9,5.7041
1.3,1,0,1,3400,0.9,4,3,0,5.2754,9,7.7179
1.3,4,1,1,1750,0.6,10,1,0,1.5644,9,6.4941
1.3,9,0,0,3200,0.3,2,1,0,1.6534,9,2.7485
1.3,6,0,1,700,0.8,10,3,0,1.761,9,3.8331
1.3,2,0,1,1200,0.9,10,1,0,2.8681,9,7.1259
1.3,9,1,1,200,0.8,16,3,0,1.0846,9,4.149
1.3,4,1,1,950,0.2,8,1,0,1.5397,9,6.6143
1.3,4,0,1,1750,0.7,8,3,0,2.6345,9,3.8432
1.3,5,1,0,1350,0.8,12,3,0,1.1115,9,7.2878
1.3,1,1,1,1600,0.9,6,1,0,4.8901,9,8.3936
1.3,6,1,0,1700,0.6,16,3,0,1.0286,9,6.5623
1.3,8,0,1,1050,0.7,14,2,0,2.4152,9,2.0961
1.3,5,0,1,2800,0,4,3,0,3.1175,9,2.5982
1.3,2,0,1,3200,0.5,2,2,0,3.4557,9,5.9044
1.3,7,0,1,350,0.3,2,3,0,1.0933,9,5.2984
1.3,10,1,0,3200,0.7,12,1,0,0.60811,9,6.66
1.3,10,1,0,750,0.8,16,3,0,0.7286,9,5.5586
1.3,4,1,1,1000,0.2,2,2,0,1.4701,9,6.9299
1.3,7,1,0,800,0.9,16,3,0,0.92146,9,6.2789
1.3,3,1,1,3050,0.2,8,3,0,1.9503,9,6.922
1.3,7,0,1,1350,0.2,8,3,0,2.3442,9,2.4681
1.3,1,0,1,3550,0.1,14,3,0,5.2998,9,7.6507
1.3,1,0,0,3450,0.5,12,2,0,4.8285,9,8.4282
1.3,3,1,1,3150,0.7,12,1,0,1.9641,9,6.9035
1.3,10,1,0,1000,1,12,2,0,0.63478,9,6.3802
1.3,7,0,1,1150,1,14,2,0,2.5752,9,2.2467
1.3,8,0,0,450,0.6,12,1,0,0.88311,9,5.7326
1.3,4,1,0,1600,0.3,8,2,0,1.2515,9,8.0902
1.3,2,0,0,1800,0.1,6,1,0,2.4441,9,8.3824
1.3,3,1,1,550,0.8,10,1,0,1.9394,9,7.0041
1.3,1,1,0,650,0.8,8,1,0,4.6087,9,8.9008
1.3,7,0,1,2550,0.4,4,2,0,3.8794,9,1.4914
1.3,9,0,1,1000,0.7,12,1,0,2.413,9,1.8649
1.3,6,0,1,900,0.8,6,1,0,1.922,9,3.5274
1.3,7,0,1,3800,0.7,10,3,0,6.038,9,0.95822
1.3,8,0,1,3650,0,4,1,0,5.1,9,0.99846
1.3,5,1,1,2600,1,14,1,0,1.3888,9,5.8324
1.3,2,1,0,3050,0.7,6,3,0,2.3607,9,8.5949
1.3,6,0,1,1850,0.2,6,2,0,2.6789,9,2.5197
1.3,7,0,0,2750,0.6,2,3,0,1.6027,9,3.6142
1.3,9,0,1,2850,0.2,10,3,0,4.9137,9,0.9158
1.3,10,1,0,2200,0.6,12,3,0,0.66145,9,6.1229
1.3,7,0,0,400,0.4,4,3,0,0.82626,9,7.0023
1.3,2,0,0,250,0.6,4,2,0,2.3308,9,8.7421
1.3,1,0,1,2500,0.5,2,1,6.9333e-06,5.0212,9,8.1763
1.3,8,0,0,900,0.2,14,2,0,1.0252,9,4.9383
1.3,8,0,1,3800,0.5,6,2,0,6.2478,9,0.81028
1.3,4,1,1,3050,0.6,16,2,0,1.674,9,6.0482
1.3,8,0,1,2500,0.5,8,1,0,4.3407,9,1.1663
1.3,9,0,1,200,0,4,3,0,0.84063,9,5.3531
1.3,8,1,1,2350,0.9,14,3,0,1.1135,9,4.5464
1.3,2,1,0,3600,0.7,4,2,0,2.3183,9,8.7893
1.3,1,1,0,3450,0.1,12,2,0,4.6848,9,8.6868
1.3,6,1,1,400,0.2,2,1,0,1.0907,9,6.2612
1.3,6,1,1,1850,0.1,8,2,0,1.1825,9,5.7081
1.3,7,1,0,2550,0.3,14,3,0,0.88788,9,6.5163
1.3,8,1,1,500,0.3,12,1,0,1.0266,9,4.9313
1.3,2,1,1,550,0.7,6,3,0,2.6667,9,7.6087
1.3,8,1,0,3300,0.1,12,1,0,0.72061,9,7.0253
1.3,3,0,0,3650,0.9,10,1,0,2.2497,9,6.0382
1.3,6,1,0,2150,0.2,8,1,0,0.85874,9,7.8696
1.3,9,0,1,1000,0.7,6,2,0,2.3523,9,1.913
1.3,10,0,1,3900,0.1,12,2,0,6.8477,9,0.59144
1.3,4,1,1,1100,0.7,6,3,0,1.5417,9,6.5673
1.3,8,0,0,3100,0.3,16,2,0,1.7668,9,2.8654
1.3,7,0,0,2200,0.1,10,2,0,1.2985,9,4.4557
1.3,8,1,0,3900,0.5,4,2,0,0.63076,9,8.026
1.3,1,1,0,2350,0.2,8,3,0,4.6443,9,8.7528
1.3,9,1,1,1200,0,10,1,0,0.93942,9,4.7902
1.3,5,0,1,1250,0.9,14,2,0,2.4089,9,3.3625
1.3,3,1,1,2950,0.4,12,1,0,1.9641,9,6.9035
1.3,3,1,1,2250,0.4,16,1,0,2.0135,9,6.7127
1.3,1,0,0,3100,0.7,2,1,6.9333e-06,4.7197,9,8.6986
1.3,8,0,0,3150,0.8,8,2,0,2.0515,9,2.4677
1.3,3,0,1,3750,0.3,16,2,0,3.6635,9,3.685
1.3,6,0,1,3250,0,16,3,0,4.0138,9,1.6817
1.3,6,0,1,850,0.1,8,1,0,1.6636,9,4.0622
1.3,9,1,0,3700,0.8,10,1,0,0.63342,9,7.1042
1.3,6,0,1,3100,0.4,10,1,0,4.1819,9,1.6141
1.3,1,1,1,2950,0,12,2,0,4.9908,9,8.1542
1.3,1,1,1,3050,0.7,10,1,0,4.9394,9,8.2993
1.3,8,0,0,1150,0,12,2,0,1.0148,9,4.9888
1.3,5,0,1,2900,0,14,2,0,3.3311,9,2.4316
1.3,1,0,1,2200,0.6,12,2,0,5.0907,9,7.9941
1.3,3,1,1,600,0.9,12,3,0,2.0175,9,6.6916
1.3,5,0,1,3600,0.5,6,2,0,4.2997,9,1.8839
1.3,5,0,0,3600,0,4,3,0,1.5072,9,5.3744
1.3,4,1,1,400,0.8,12,3,0,1.6425,9,6.1646
1.3,10,0,0,700,0.1,10,1,0,0.80593,9,5.0253
1.3,4,0,1,2750,0,12,3,0,3.016,9,3.357
1.3,3,1,0,700,0.1,16,1,0,1.7075,9,7.9156
1.3,2,0,1,3850,0.9,2,2,0,3.8848,9,5.2521
1.3,3,1,1,1750,1,12,1,0,1.9641,9,6.9035
1.3,2,1,0,3100,0.9,10,2,0,2.4057,9,8.4346
1.3,7,0,1,3650,0.8,12,3,0,6.0183,9,0.96136
1.3,6,1,0,2550,0,4,1,0,0.80937,9,8.4081
1.3,9,0,0,3400,0.4,16,2,0,2.023,9,2.2244
1.3,6,1,0,3950,0.4,16,3,0,1.0286,9,6.5623
1.3,10,0,0,2350,0.7,12,3,0,1.859,9,2.1786
1.3,9,0,1,600,0.8,6,3,0,1.6987,9,2.6491
1.3,10,1,0,3400,0.7,10,1,0,0.58342,9,6.9418
1.3,3,1,1,3950,0.7,4,1,0,1.8654,9,7.3219
1.3,10,0,0,3300,0.4,14,1,0,2.014,9,2.0109
1.3,1,0,0,2200,0.2,16,1,0,4.7762,9,8.5688
1.3,8,1,1,1800,0.5,8,1,0,0.97724,9,5.1804
1.3,6,0,0,2500,0.7,8,1,0,1.6175,9,4.178
1.3,7,0,1,1500,0.2,2,1,0,2.4078,9,2.4295
1.3,2,0,0,3600,0.1,10,2,0,2.6319,9,7.7096
1.3,4,0,1,3000,0.7,6,3,0,3.5789,9,2.8291
1.3,7,0,0,2700,0.1,2,3,0,1.2989,9,4.4594
1.3,3,0,0,2750,0.6,2,2,0,1.9304,9,7.0417
1.3,10,1,0,1700,0.7,2,2,0,0.48913,9,8.2967
1.3,1,1,0,4000,0.7,10,3,0,4.6779,9,8.6822
1.3,8,1,0,800,0.9,6,1,0,0.64655,9,7.8391
1.3,5,0,0,350,0.6,6,2,0,1.0699,9,7.5709
1.3,7,0,0,3850,0.7,12,2,0,2.2051,9,2.6237
1.3,5,0,0,1600,0.8,4,2,0,1.3933,9,5.8254
1.3,9,0,0,3200,0.1,14,2,0,1.6527,9,2.7229
1.3,4,0,1,500,0.8,4,3,0,1.5968,9,6.344
1.3,9,0,1,3500,0.5,2,1,0,6.3231,9,0.71871
1.3,10,0,1,400,0.3,16,1,0,1.3369,9,3.0294
1.3,10,1,1,2400,0.7,16,3,0,1.0346,9,3.9146
1.3,6,1,1,1400,0.5,12,2,0,1.2408,9,5.4401
1.3,7,1,1,2600,0.5,10,3,0,1.1267,9,5.135
1.3,7,0,0,2200,0.3,10,1,0,1.3663,9,4.2346
1.3,2,1,0,1900,0.3,2,3,0,2.2936,9,8.8759
1.3,1,0,1,1700,0.9,10,3,0,5.022,9,8.0873
1.3,6,0,0,1150,0.1,14,1,0,1.1515,9,5.8617
1.3,2,0,1,3550,0.3,6,3,0,3.5703,9,5.6831
1.3,6,0,0,400,0.3,12,2,0,1.0185,9,6.6272
1.3,2,0,0,2100,0.2,14,3,0,2.635,9,7.6849
1.3,1,0,0,800,0.1,6,2,0,4.6136,9,8.8389
1.3,9,1,1,250,1,10,3,0,0.98388,9,4.5738
1.3,9,1,0,1950,0.6,8,2,0,0.62652,9,7.1825
1.3,7,0,0,200,0.9,10,2,0,0.86726,9,6.6713
1.3,10,0,0,1800,0.2,12,1,0,1.2469,9,3.2482
1.3,5,0,1,3800,0,8,2,0,3.9349,9,2.0585
1.3,4,1,0,3800,0.6,12,1,0,1.2831,9,7.9002
1.3,7,1,1,2200,0.5,8,3,0,1.0932,9,5.2927
1.3,10,1,0,3450,0.8,4,3,0,0.52715,9,7.6828
1.3,3,1,0,1500,0.1,6,3,0,1.6107,9,8.3813
1.3,3,0,1,2800,0,8,1,0,2.8875,9,4.7137
1.3,4,1,1,3200,0.6,12,3,0,1.6425,9,6.1646
1.3,2,0,0,550,0.6,8,3,0,2.4368,9,8.3145
1.3,2,0,0,1000,0.2,2,3,0,2.3548,9,8.645
1.3,3,0,0,1900,0.8,4,2,0,1.8695,9,7.256
1.3,9,0,0,1350,0.1,6,2,0,0.98864,9,4.5517
1.3,1,1,1,200,0.7,12,2,0,4.9908,9,8.1542
1.3,9,0,0,1750,0.9,12,2,0,1.5785,9,2.8508
1.3,4,1,0,2550,0.6,12,3,0,1.3365,9,7.576
1.3,6,0,1,2850,0.4,16,1,0,3.9955,9,1.6894
1.3,1,0,0,3000,0.9,12,2,0,4.8473,9,8.3956
1.3,10,0,1,2500,0.7,10,1,0,5.4784,9,0.73926
1.3,4,0,1,2400,0.8,4,1,0,3.1154,9,3.2842
1.3,7,0,1,700,0.5,6,1,0,1.6181,9,3.5849
1.3,4,0,0,1100,0.4,6,2,0,1.3961,9,7.2571
1.3,10,0,0,1650,0.3,10,2,0,1.2444,9,3.2546
1.3,6,0,1,3100,0.9,8,2,0,4.7525,9,1.4203
1.3,5,1,0,700,0.9,4,3,0,0.97715,9,8.2894
1.3,5,0,1,1350,0.8,14,2,0,2.4707,9,3.2784
1.3,4,1,1,1300,0.1,8,3,0,1.5753,9,6.4273
1.3,4,1,1,300,0,10,3,0,1.6089,9,6.2932
1.3,2,1,0,3300,0.6,16,2,0,2.493,9,8.1226
1.3,2,0,0,4000,1,14,3,0,2.9688,9,6.821
1.3,6,0,1,2000,0.4,16,1,0,3.0832,9,2.1893
1.3,2,0,0,3250,0,16,2,0,2.678,9,7.5615
1.3,2,0,0,1000,0.3,12,2,0,2.5035,9,8.0942
1.3,4,0,1,2300,0.8,16,1,0,3.1811,9,3.1829
1.3,2,1,0,1550,0.3,4,2,0,2.3183,9,8.7893
1.3,3,0,0,2000,0.5,6,2,0,1.8574,9,7.2871
1.3,4,1,1,1200,0,6,2,0,1.5284,9,6.6292
1.3,4,1,0,1150,0.8,8,3,0,1.2693,9,7.9768
1.3,5,0,1,1900,0.7,6,3,0,2.8649,9,2.8273
1.3,9,0,1,2850,0.9,4,3,0,5.923,9,0.75975
1.3,8,1,0,2600,0.9,6,1,0,0.64655,9,7.8391
1.3,6,1,1,900,0.9,12,1,0,1.2141,9,5.5596
1.3,10,1,1,1450,0.8,6,1,0,0.84005,9,4.8211
1.3,2,0,0,3400,0.3,14,3,0,2.7513,9,7.3602
1.3,6,0,0,1650,1,6,1,0,1.4241,9,4.7608
1.3,6,1,0,400,0.9,12,1,0,0.90811,9,7.433
1.3,7,0,1,3950,0.5,6,2,0,5.8233,9,0.99355
1.3,1,0,1,3600,0.2,12,1,0,5.2476,9,7.8082
1.3,8,1,0,2400,0.4,6,3,0,0.67322,9,7.5198
1.3,9,1,1,2450,0.3,4,2,0,0.87426,9,5.1472
1.3,8,0,1,2000,1,8,3,0,4.1369,9,1.2237
1.3,6,1,0,3900,1,4,1,0,0.80937,9,8.4081
1.3,3,1,0,1250,0.9,6,2,0,1.5974,9,8.4732
1.3,1,0,1,450,0.6,8,1,0,4.6859,9,8.7543
1.3,8,1,0,1500,0.6,4,1,0,0.62187,9,8.1884
1.3,6,1,1,1450,0.8,8,3,0,1.2003,9,5.6236
1.3,1,1,0,1350,0.3,4,3,0,4.5771,9,8.8952
1.3,3,0,1,3650,1,10,1,0,3.9758,9,3.4166
1.3,10,0,0,1100,0,10,2,0,0.92565,9,4.3753
1.3,9,0,1,3900,0.9,10,2,0,7.9735,9,0.56437
1.3,5,1,0,1150,0.5,8,3,0,1.0443,9,7.7564
1.3,1,0,0,3350,0.3,10,3,0,4.7991,9,8.4628
1.3,9,0,0,3450,0.2,2,3,0,1.6548,9,2.7193
1.3,1,0,0,2350,0.9,6,2,0,4.7224,9,8.6354
1.3,3,0,1,2250,1,8,3,0,3.0836,9,4.378
1.3,10,0,1,2850,0.2,10,1,0,5.3035,9,0.76364
1.3,8,1,1,2200,0.9,6,1,0,0.95256,9,5.3209
1.3,2,1,1,3400,0.2,4,2,0,2.6243,9,7.7644
1.3,5,1,0,3900,0.3,10,1,0,1.0334,9,7.838
1.3,7,1,0,250,0.8,6,2,0,0.74025,9,7.8159
1.3,2,1,0,250,1,12,2,0,2.4348,9,8.3227
1.3,8,0,0,3100,0.2,14,1,0,1.6278,9,3.11
1.3,3,1,0,3800,1,6,3,0,1.6107,9,8.3813
1.3,9,1,1,1100,0.1,16,3,0,1.0846,9,4.149
1.3,3,1,0,1750,0.3,6,3,0,1.6107,9,8.3813
1.3,3,1,1,1450,0.1,8,3,0,1.9503,9,6.922
1.3,7,1,0,1600,0,4,3,0,0.72001,9,8.0357
1.3,10,0,0,2550,0.2,8,3,0,1.503,9,2.6945
1.3,1,1,0,1950,0.7,6,2,0,4.5974,9,8.8702
1.3,8,1,1,2400,0.6,4,3,0,0.94565,9,5.3535
1.3,1,0,1,3150,0.1,16,3,0,5.2734,9,7.6841
1.3,2,0,0,2800,0.2,12,3,0,2.654,9,7.6301
1.3,1,1,0,500,0.2,16,1,0,4.7075,9,8.6939
1.3,4,1,0,1400,0.3,10,2,0,1.2807,9,7.9061
1.3,6,1,0,1850,0.1,4,1,0,0.80937,9,8.4081
1.3,5,0,1,3250,0.6,6,1,0,4.0626,9,2.0062
1.3,9,1,0,1450,0.8,10,1,0,0.63342,9,7.1042
1.3,4,0,1,2150,0.7,10,3,0,2.9828,9,3.3944
1.3,10,1,0,1300,0.3,14,2,0,0.66391,9,6.1002
1.3,9,1,0,1300,0.1,16,3,0,0.7786,9,5.7796
1.3,6,0,0,450,1,6,3,0,1.012,9,6.6701
1.3,9,1,1,3900,0.3,14,3,0,1.051,9,4.2815
1.3,3,0,0,2200,0.4,4,3,0,1.8447,9,7.333
1.3,6,1,0,1700,0.8,16,1,0,0.95748,9,7.0498
1.3,5,1,1,200,0,10,2,0,1.3617,9,5.9487
1.3,3,0,1,650,0.5,2,1,0,1.8797,9,7.2786
1.3,3,1,1,2350,0,12,2,0,1.9908,9,6.7813
1.3,6,1,1,3550,0.7,4,3,0,1.1332,9,5.9568
1.3,8,0,1,3400,0.2,14,2,0,5.2773,9,0.95929
1.3,4,0,0,350,0.5,16,2,0,1.4218,9,7.1213
1.3,1,1,1,2450,0.5,2,1,6.9333e-06,4.8782,9,8.416
1.3,9,0,1,2100,0.3,12,1,0,3.9021,9,1.1532
1.3,1,1,0,700,0.8,14,1,0,4.6828,9,8.7446
1.3,5,0,0,1750,0.2,14,1,0,1.3878,9,5.8366
1.3,9,1,1,3100,0.8,14,2,0,1.0199,9,4.4122
1.3,1,1,1,2250,0.4,14,2,0,5.0199,9,8.1004
1.3,6,0,1,2250,0.5,2,2,0,3.2652,9,2.0772
1.3,2,0,0,1700,0.1,12,1,0,2.5106,9,8.1318
1.3,9,1,0,1800,1,6,2,0,0.59739,9,7.5328
1.3,9,0,0,450,0.9,2,2,0,0.76538,9,5.8947
1.3,6,1,0,2300,0.2,8,1,0,0.85874,9,7.8696
1.3,2,1,1,300,1,4,1,0,2.6154,9,7.8424
1.3,8,0,0,3200,0,6,1,0,1.4053,9,3.6066
1.3,3,0,0,1000,1,2,1,0,1.7047,9,8.0259
1.3,3,1,1,3550,0.1,2,1,0,1.8407,9,7.4329
1.3,4,1,1,1700,0.7,10,2,0,1.5867,9,6.3814
1.3,1,1,0,3600,0,4,1,3.2e-06,4.5732,9,8.9773
1.3,1,0,0,850,0,4,1,3.2e-06,4.5894,9,8.9455
1.3,9,0,1,1100,0.2,14,1,0,2.3119,9,1.9464
1.3,3,1,0,3200,0.9,4,3,0,1.5772,9,8.5768
1.3,9,1,0,2000,0.7,14,3,0,0.74502,9,6.0401
1.3,3,0,1,2650,0,6,2,0,2.8115,9,4.8141
1.3,10,1,1,1700,0.6,6,1,0,0.84005,9,4.8211
1.3,8,1,0,3650,0.2,6,3,0,0.67322,9,7.5198
1.3,1,0,0,300,0.7,2,2,3.2e-06,4.5523,9,8.9686
1.3,4,1,1,1050,0.3,6,3,0,1.5417,9,6.5673
1.3,4,1,1,2250,0.3,10,2,0,1.5867,9,6.3814
1.3,7,1,1,2900,0.6,8,2,0,1.0754,9,5.3802
1.3,5,0,1,3500,0.7,12,2,0,4.5128,9,1.7949
1.3,1,0,0,1200,0.9,14,1,0,4.7403,9,8.6385
1.3,2,0,1,700,0.6,10,3,0,2.6839,9,7.5449
1.3,9,1,1,700,0.1,8,3,0,0.9503,9,4.7353
1.3,8,0,0,1800,0.5,2,2,0,1.2441,9,4.0832
1.3,4,0,1,1450,0.9,14,1,0,2.5082,9,4.0368
1.3,9,1,0,2950,0.5,8,1,0,0.60874,9,7.3923
1.3,9,1,0,1300,0.8,12,2,0,0.68478,9,6.5715
1.3,10,1,1,2000,0.1,16,2,0,0.99904,9,4.0539
1.3,7,0,1,2900,0.5,14,2,0,4.5843,9,1.2621
1.3,6,1,1,2700,0.8,14,1,0,1.2388,9,5.4488
1.3,8,1,1,800,1,14,2,0,1.0824,9,4.6771
1.3,8,0,1,2500,0,16,3,0,3.9031,9,1.297
1.3,5,1,0,3100,0.3,4,2,0,0.96826,9,8.3824
1.3,1,1,0,700,0.7,16,3,0,4.7786,9,8.4798
1.3,4,1,0,2450,0.2,16,3,0,1.4036,9,7.2136
1.3,3,1,0,2400,0.7,10,2,0,1.6557,9,8.1539
1.3,3,0,0,2400,1,4,1,0,1.9844,9,6.8828
1.3,6,0,1,2850,0,4,3,0,3.4452,9,1.9592
1.3,9,0,1,3550,0.2,8,3,0,5.9348,9,0.75824
1.3,7,0,1,3650,0.7,4,1,0,5.7012,9,1.0218
1.3,5,1,1,2000,0.5,10,3,0,1.3839,9,5.8531
1.3,8,0,0,2450,0.5,14,2,0,1.6514,9,3.0656
1.3,3,1,0,700,0,12,2,0,1.6848,9,8.0129
1.3,6,0,0,1000,0.5,12,1,0,1.1681,9,5.7786
1.3,7,1,1,250,0.9,16,1,0,1.1563,9,5.0035
1.3,10,1,0,1050,0.4,16,1,0,0.65748,9,6.1599
1.3,2,0,1,750,0.2,6,1,0,2.5695,9,7.9733
1.3,6,0,0,2100,0,10,2,0,1.2744,9,5.2966
1.3,6,1,0,3300,0,2,3,0,0.79358,9,8.5227
1.3,6,0,1,1800,0.2,14,2,0,2.7448,9,2.4592
1.3,1,1,0,3300,0,10,2,0,4.6556,9,8.7467
1.3,3,1,0,3650,0,6,1,0,1.5841,9,8.6066
1.3,2,0,0,1500,0.6,4,2,0,2.4508,9,8.3141
1.3,4,1,1,450,0.4,16,1,0,1.6385,9,6.1795
1.3,10,1,0,200,1,10,1,0,0.58342,9,6.9418
1.3,6,1,0,2150,0.9,16,3,0,1.0286,9,6.5623
1.3,1,0,1,1900,0.3,10,3,0,4.9957,9,8.1298
1.3,5,0,0,3950,0.9,8,1,0,2.135,9,3.8069
1.3,6,0,1,2700,0.1,8,1,0,3.4376,9,1.9659
1.3,2,1,0,1900,0.3,6,2,0,2.3474,9,8.6683
1.3,10,1,1,700,0,12,1,0,0.91411,9,4.4305
1.3,4,0,0,3300,0.2,4,3,0,1.6684,9,6.0719
1.3,7,0,1,400,0.7,16,3,0,1.4585,9,3.9668
1.3,10,1,0,200,0.5,16,2,0,0.69304,9,5.8438
1.3,3,1,1,2300,0.3,8,3,0,1.9503,9,6.922
1.3,3,0,0,3000,0.7,2,3,0,1.9948,9,6.7978
1.3,1,1,1,3550,0.1,10,2,0,4.9616,9,8.2072
1.3,4,0,0,2950,0.4,16,2,0,1.8568,9,5.453
1.3,5,0,0,2650,0.5,10,2,0,1.6456,9,4.9221
1.3,8,0,1,2200,1,12,2,0,4.5221,9,1.1195
1.3,8,0,0,3500,0.9,16,2,0,2.408,9,2.1023
1.3,3,0,0,550,0.7,4,3,0,1.6497,9,8.1998
1.3,4,1,1,2650,0.9,10,1,0,1.5644,9,6.4941
1.3,8,1,0,1750,1,6,1,0,0.64655,9,7.8391
1.3,8,0,1,2200,0.7,16,3,0,4.286,9,1.1812
1.3,4,1,1,1350,0.4,6,2,0,1.5284,9,6.6292
1.3,3,1,0,1650,0.4,8,1,0,1.6087,9,8.4604
1.3,9,1,1,2000,1,4,2,0,0.87426,9,5.1472
1.3,5,0,0,1400,0.6,8,2,0,1.3578,9,5.9657
1.3,10,1,1,2400,0.4,2,1,0,0.79069,9,5.1696
1.3,6,0,1,1350,0.9,2,3,0,2.4717,9,2.7363
1.3,10,0,1,1200,0.1,6,3,0,2.4689,9,1.6404
1.3,9,0,0,3500,0.5,4,3,0,1.9922,9,2.2589
1.3,4,1,1,2000,0,2,3,0,1.4746,9,6.8919
1.3,9,0,0,400,0,4,2,0,0.66701,9,6.7465
1.3,10,1,0,1150,0.8,4,3,0,0.52715,9,7.6828
1.3,4,1,1,3850,0.6,4,1,0,1.4904,9,6.8652
1.3,2,1,0,1050,0.7,8,2,0,2.3765,9,8.5503
1.3,9,1,1,1400,0.2,2,3,0,0.84958,9,5.2968
1.3,9,0,1,3250,0,12,3,0,5.1943,9,0.86634
1.3,4,1,0,500,0.2,4,3,0,1.2022,9,8.4269
1.3,4,1,1,1250,0.9,14,1,0,1.6138,9,6.274
1.3,5,1,0,550,0.3,16,2,0,1.143,9,7.0864
1.3,2,0,1,3400,0.1,16,2,0,3.5695,9,5.673
1.3,2,0,1,550,0.8,8,1,0,2.5717,9,7.9571
1.3,3,1,0,1150,0.4,16,1,0,1.7075,9,7.9156
1.3,4,1,0,2600,0.5,10,1,0,1.2584,9,8.0732
1.3,1,1,1,2500,0.5,8,1,0,4.9147,9,8.3466
1.3,7,1,0,2700,0.6,10,1,0,0.77628,9,7.4531
1.3,10,0,0,250,1,10,2,0,0.74565,9,5.4315
1.3,1,1,1,3250,0.5,14,3,0,5.051,9,8.0275
1.3,10,0,1,3450,0.7,12,3,0,7.4207,9,0.54577
1.3,7,0,0,3500,0.3,6,1,0,1.6769,9,3.4591
1.3,1,1,0,3700,0.2,8,1,0,4.6087,9,8.9008
1.3,5,0,0,1600,0.7,6,1,0,1.3866,9,5.8781
1.3,4,0,0,950,0.8,4,2,0,1.3895,9,7.3119
1.3,4,1,1,400,0.8,12,1,0,1.5891,9,6.3789
1.3,3,1,1,3350,0.2,16,2,0,2.049,9,6.5885
1.3,1,1,1,1800,0.8,4,1,3.2e-06,4.8792,9,8.4143
1.3,9,1,1,3100,0,12,3,0,1.0175,9,4.4228
1.3,3,0,0,3400,0.1,4,3,0,1.9047,9,7.102
1.3,3,0,0,1850,0.7,8,1,0,1.8837,9,7.2253
1.3,5,0,0,1550,0.8,10,2,0,1.4694,9,5.5125
1.3,8,1,1,3900,0.1,14,3,0,1.1135,9,4.5464
1.3,2,1,0,2800,0.4,4,2,0,2.3183,9,8.7893
1.3,8,1,1,850,0.5,16,2,0,1.1115,9,4.5545
1.3,6,0,0,3750,0.1,4,1,0,1.5419,9,4.4137
1.3,8,0,0,1200,0.5,8,1,0,1.0962,9,4.6181
1.3,1,1,1,1250,0.4,6,2,0,4.9034,9,8.3166
1.3,5,1,0,3250,0,12,3,0,1.1115,9,7.2878
1.3,10,1,1,2250,0.3,2,2,0,0.79513,9,5.1038
1.3,10,0,0,1050,0,16,1,0,0.96248,9,4.2079
1.3,8,1,0,2850,0.8,6,1,0,0.64655,9,7.8391
1.3,3,0,1,3250,0.8,4,2,0,3.5284,9,3.8446
1.3,1,0,0,250,0.9,12,3,0,4.7165,9,8.6041
1.3,2,0,0,1050,0.1,10,2,0,2.4632,9,8.2377
1.3,8,1,1,1550,0.3,16,3,0,1.1471,9,4.4133
1.3,4,1,1,3700,0.6,6,2,0,1.5284,9,6.6292
1.3,9,0,1,3450,0.1,6,1,0,5.5278,9,0.81406
1.3,6,1,0,3900,0.3,10,1,0,0.88343,9,7.6407
1.3,2,0,0,1200,0.1,12,3,0,2.5302,9,8.0033
1.3,6,1,0,550,0.6,14,3,0,0.99503,9,6.7837
1.3,9,0,1,650,0.7,6,3,0,1.7558,9,2.563
1.3,5,1,1,1300,0.1,14,1,0,1.3888,9,5.8324
1.3,9,1,0,1700,0,4,2,0,0.56826,9,7.9189
1.3,1,0,0,2300,0.6,8,2,0,4.7253,9,8.6242
1.3,4,1,1,3150,0.1,2,1,0,1.4657,9,6.997
1.3,5,0,1,2950,0,2,1,0,3.1903,9,2.5699
1.3,5,0,1,2650,0.8,8,3,0,3.722,9,2.1762
1.3,4,0,0,1150,0.3,14,1,0,1.4778,9,6.8514
1.3,5,1,0,1150,0.9,8,2,0,1.0265,9,7.8907
1.3,3,1,0,2750,0.7,10,3,0,1.6779,9,8.0459
1.3,2,0,1,3550,0.8,14,3,0,3.9221,9,5.1631
1.3,9,1,0,3850,0.8,12,3,0,0.71145,9,6.3251
1.3,5,0,0,200,1,14,3,0,1.195,9,6.7781
1.3,6,1,1,800,0.6,16,3,0,1.3346,9,5.0577
1.3,5,1,1,1500,1,8,1,0,1.3147,9,6.1819
1.3,4,1,0,1700,0.7,12,3,0,1.3365,9,7.576
1.3,6,0,1,1650,0.8,12,1,0,2.9047,9,2.3238
1.3,6,0,0,900,0.2,8,1,0,1.0437,9,6.4747
1.3,2,1,1,3100,0.5,16,3,0,2.8346,9,7.1439
1.3,5,0,1,1800,0.1,12,2,0,2.5097,9,3.2275
1.3,9,0,1,2400,0,12,1,0,3.9674,9,1.1343
1.3,6,1,0,3350,0.8,2,1,0,0.78469,9,8.7028
1.3,3,0,0,3150,1,6,2,0,2.1611,9,6.2629
1.3,10,0,0,800,0,8,1,0,0.78874,9,5.1348
1.3,8,0,0,1350,0.9,2,2,0,1.2104,9,4.197
1.3,2,0,1,2250,0.7,2,2,0,3.1578,9,6.4613
1.3,6,1,0,3050,1,6,3,0,0.86073,9,7.8422
1.3,1,1,1,1750,0.6,12,3,0,5.0175,9,8.0879
1.3,8,1,0,550,0.4,6,2,0,0.65989,9,7.6717
1.3,9,1,1,3200,0.4,2,3,0,0.84958,9,5.2968
1.3,4,1,1,200,0.2,4,3,0,1.5082,9,6.7171
1.3,6,0,1,800,0.6,10,2,0,1.8024,9,3.7449
1.3,3,1,1,3650,0.7,10,2,0,1.9617,9,6.882
1.3,6,0,0,3900,0.8,10,3,0,2.1929,9,3.0782
1.3,2,0,0,1200,0.9,8,3,0,2.5193,9,8.0422
1.3,9,0,1,3900,0.1,12,2,0,6.2776,9,0.71683
1.3,3,1,1,2600,0.4,14,3,0,2.051,9,6.5821
1.3,10,0,1,1550,0.9,12,2,0,3.8606,9,1.0491
1.3,8,0,1,450,0.1,8,1,0,1.2382,9,4.0886
1.3,8,0,0,1850,0.7,4,2,0,1.3783,9,3.6731
1.3,7,1,0,3850,0,4,2,0,0.71112,9,8.1361
1.3,2,0,1,2950,0.4,2,3,0,3.3308,9,6.1118
1.3,7,0,1,3700,0.2,10,3,0,5.1025,9,1.1339
1.3,3,0,1,2300,0.6,14,3,0,3.0484,9,4.4286
1.3,4,0,0,1700,0.9,6,2,0,1.6024,9,6.323
1.3,6,0,1,2800,0.2,4,1,0,3.5794,9,1.9013
1.3,7,1,1,2300,0.6,12,1,0,1.107,9,5.2266
1.3,1,1,1,700,0.7,14,2,0,5.0199,9,8.1004
1.3,5,0,1,2500,0.6,4,1,0,3.3269,9,2.4573
1.3,2,0,1,950,0.5,14,2,0,2.8043,9,7.2212
1.3,9,0,1,550,1,10,1,0,1.6867,9,2.6679
1.3,3,0,0,3700,0.4,8,1,0,2.0637,9,6.5951
1.3,6,1,0,3700,0,12,3,0,0.96145,9,7.0206
1.3,6,1,0,400,0.7,6,3,0,0.86073,9,7.8422
1.3,3,1,0,1400,0.5,6,1,0,1.5841,9,8.6066
1.3,8,1,0,2900,0.5,10,1,0,0.69592,9,7.2745
1.3,4,1,1,3900,1,14,1,0,1.6138,9,6.274
1.3,10,0,0,1700,0.6,16,2,0,1.5043,9,2.6923
1.3,3,1,1,3100,0.7,10,2,0,1.9617,9,6.882
1.3,9,1,1,650,0.1,8,2,0,0.93252,9,4.8256
1.3,9,1,1,3150,0.2,12,3,0,1.0175,9,4.4228
1.3,8,1,1,650,0.7,6,1,0,0.95256,9,5.3209
1.3,8,0,1,3900,0.9,6,3,0,7.1685,9,0.70621
1.3,10,0,1,1850,0.5,12,2,0,4.0289,9,1.0052
1.3,1,0,1,850,0.9,8,3,0,4.8114,9,8.4488
1.3,7,1,1,3700,0.6,14,2,0,1.1628,9,4.9758
1.3,10,0,0,3600,0.9,8,1,0,2.6187,9,1.5465
1.3,3,0,1,2550,0,12,1,0,2.8216,9,4.8054
1.3,2,1,0,1100,1,8,2,0,2.3765,9,8.5503
1.3,8,0,0,3300,0.2,8,2,0,1.6315,9,3.1029
1.3,6,1,1,200,1,4,2,0,1.1243,9,6.0081
1.3,10,0,0,3850,1,6,2,0,2.8699,9,1.4112
1.3,2,0,1,1050,1,8,2,0,2.8181,9,7.2106
1.3,1,0,1,2500,0.3,4,2,0,4.9873,9,8.1824
1.3,4,1,1,950,0,8,1,0,1.5397,9,6.6143
1.3,9,0,0,2900,0.8,12,1,0,2.0694,9,2.1746
1.3,7,1,0,3650,0.9,2,2,0,0.68199,9,8.5178
1.3,7,0,0,3150,1,10,3,0,2.1495,9,2.6917
1.3,2,0,0,3000,0.9,8,3,0,2.7293,9,7.4234
1.3,5,0,0,4000,0.9,6,3,0,2.152,9,3.764
1.3,8,1,0,1050,0.5,16,2,0,0.80554,9,6.2846
1.3,3,0,0,2450,0.5,12,1,0,1.9781,9,6.8546
1.3,8,0,0,250,0.8,8,2,0,0.78777,9,6.4264
1.3,9,0,1,1150,0.3,8,3,0,2.4131,9,1.8649
1.3,5,0,1,2250,0.1,14,2,0,2.8994,9,2.7937
1.3,8,0,1,550,0.8,2,1,0,1.479,9,3.4589
1.3,8,1,1,3350,0.9,6,2,0,0.96589,9,5.2413
1.3,7,0,0,3400,0.4,14,1,0,1.8207,9,3.1778
1.3,10,0,1,3850,0.9,8,3,0,8.6129,9,0.47022
1.3,5,0,0,800,0.1,10,1,0,1.1547,9,7.015
1.3,1,1,1,1700,0.7,2,2,3.2e-06,4.8533,9,8.4123
1.3,6,0,1,300,0.7,8,2,0,1.215,9,5.5556
1.3,3,0,0,1150,0.3,12,1,0,1.7831,9,7.6043
1.3,6,1,0,3700,0,8,1,0,0.85874,9,7.8696
1.3,6,0,0,1100,0.6,2,1,0,1.0934,9,6.2454
1.3,9,1,1,1400,0.7,4,1,0,0.86537,9,5.2229
1.3,4,0,0,400,0.4,14,2,0,1.3964,9,7.2507
1.3,10,1,1,850,0.5,16,3,0,1.0346,9,3.9146
1.3,9,1,0,3200,0.6,12,1,0,0.65811,9,6.8378
1.3,4,0,0,350,0.4,14,2,0,1.3889,9,7.2899
1.3,9,0,1,1750,0.8,14,2,0,3.8956,9,1.1551
1.3,10,1,0,3950,0.9,2,2,0,0.48913,9,8.2967
1.3,10,1,0,1050,0.1,8,1,0,0.55874,9,7.2485
1.3,5,0,1,2350,0.6,4,2,0,3.1906,9,2.5439
1.3,5,0,0,2500,0.5,14,1,0,1.639,9,4.9419
1.3,4,0,1,2750,0.1,2,2,0,2.9112,9,3.4995
1.3,7,1,0,3800,0.6,2,1,0,0.67754,9,8.634
1.3,1,1,1,1750,0.8,14,2,0,5.0199,9,8.1004
1.3,10,1,1,1350,0.9,10,3,0,0.93388,9,4.3368
1.3,4,0,1,2050,1,10,1,0,3.0059,9,3.3798
1.3,8,0,0,800,0.3,10,1,0,0.93717,9,5.4019
1.3,3,1,0,800,0.2,6,3,0,1.6107,9,8.3813
1.3,2,0,1,3400,0.9,12,3,0,3.8679,9,5.2354
1.3,2,0,0,1150,0.1,14,2,0,2.5289,9,8.0074
1.3,10,0,1,400,0,16,1,0,1.2619,9,3.2095
1.3,4,0,0,3450,0.5,4,3,0,1.8184,9,5.571
1.3,1,1,0,3000,0.6,2,3,0,4.5436,9,8.9681
1.3,5,1,0,3800,0.8,16,2,0,1.143,9,7.0864
1.3,6,0,0,950,0.4,6,2,0,1.0774,9,6.2651
1.3,8,1,0,2450,0,2,2,0,0.60163,9,8.4437
1.3,7,1,1,3850,0.8,8,1,0,1.0576,9,5.4706
1.3,1,1,1,3500,0.3,14,2,0,5.0199,9,8.1004
1.3,8,1,0,2350,0.2,16,2,0,0.80554,9,6.2846
1.3,7,1,0,1550,0.8,4,2,0,0.71112,9,8.1361
1.3,4,0,0,850,0.3,14,1,0,1.429,9,7.0852
1.3,7,1,0,2750,0.1,14,1,0,0.82565,9,7.0075
1.3,7,0,0,3950,0.9,16,1,0,2.4303,9,2.3806
1.3,4,1,0,1150,0.9,4,3,0,1.2022,9,8.4269
1.3,9,1,0,2550,1,8,3,0,0.6443,9,6.9843
1.3,9,0,1,950,0.5,10,2,0,2.2259,9,2.0216
1.3,9,1,0,350,0.3,14,3,0,0.74502,9,6.0401
1.3,8,0,0,3000,0.2,16,1,0,1.6225,9,3.1202
1.3,8,1,0,200,0,8,2,0,0.68902,9,7.3474
1.3,5,1,1,2550,0.4,6,1,0,1.2901,9,6.3178
1.3,10,0,0,1400,0.9,2,1,0,1.2809,9,3.191
1.3,1,1,1,1500,1,6,2,0,4.9034,9,8.3166
1.3,8,0,1,3100,0.5,10,1,0,5.2497,9,0.96434
1.3,3,0,0,2250,1,6,2,0,1.9961,9,6.7806
1.3,3,0,1,3000,1,2,3,0,3.4635,9,3.9153
1.3,8,0,1,1100,1,6,1,0,2.5252,9,2.0071
1.3,7,1,1,3950,0.8,8,2,0,1.0754,9,5.3802
1.3,9,0,1,2500,0.6,4,2,0,4.8393,9,0.92989
1.3,6,0,1,1400,0.2,6,3,0,2.2445,9,3.0074
1.3,9,1,1,2350,0.6,12,1,0,0.96411,9,4.6675
1.3,4,0,0,3000,0.5,4,1,0,1.7181,9,5.9551
1.3,2,0,0,1900,0.3,4,3,0,2.4672,9,8.2383
1.3,6,1,0,1050,0.5,8,2,0,0.87652,9,7.7009
1.3,9,0,1,1300,0.1,12,1,0,2.5157,9,1.7887
1.3,7,1,0,3750,1,10,1,0,0.77628,9,7.4531
1.3,2,0,0,2250,0.9,14,1,0,2.6815,9,7.6032
1.3,9,1,1,700,1,2,1,0,0.84069,9,5.4056
1.3,2,1,1,2050,0.6,12,1,0,2.7141,9,7.5221
1.3,4,0,1,800,0.4,12,2,0,1.8693,9,5.4165
1.3,9,1,1,1400,0.9,14,1,0,0.98879,9,4.551
1.3,10,0,0,800,0,10,3,0,0.85787,9,4.721
1.3,3,0,0,550,0.7,16,3,0,1.8511,9,7.293
1.3,10,1,1,2050,0.2,6,1,0,0.84005,9,4.8211
1.3,4,1,1,2500,0,12,1,0,1.5891,9,6.3789
1.3,3,1,1,1150,0.4,4,3,0,1.8832,9,7.1831
1.3,9,0,0,1050,1,6,2,0,1.1611,9,3.8755
1.3,3,1,1,2300,0.2,4,1,0,1.8654,9,7.3219
1.3,7,0,0,1250,0.5,2,3,0,1.0739,9,5.3937
1.3,3,1,1,2400,1,6,2,0,1.9034,9,7.111
1.3,8,1,1,550,0.8,10,3,0,1.0464,9,4.8381
1.3,10,0,0,2300,0.2,10,3,0,1.4466,9,2.7996
1.3,7,1,0,1350,0.4,14,3,0,0.88788,9,6.5163
1.3,6,0,0,2700,0,12,2,0,1.4123,9,4.7795
1.3,1,1,0,1950,0.7,6,1,0,4.5841,9,8.9539
1.3,1,1,0,3900,0,10,1,0,4.6334,9,8.8474
1.3,8,0,1,1600,0.5,16,1,0,3.1206,9,1.6223
1.3,6,1,0,2250,0.9,12,2,0,0.93478,9,7.221
1.3,7,1,0,3700,0.3,10,1,0,0.77628,9,7.4531
1.3,7,1,0,1900,0.8,14,1,0,0.82565,9,7.0075
1.3,5,1,0,500,0.6,14,2,0,1.1139,9,7.2717
1.3,2,0,0,2350,0.2,14,2,0,2.6227,9,7.7212
1.3,10,1,1,600,0.4,4,3,0,0.83315,9,4.8611
1.3,6,0,0,3600,0.2,14,1,0,1.699,9,3.9728
1.3,8,0,0,2400,0.3,16,1,0,1.5137,9,3.3444
1.3,9,0,1,1150,0,14,2,0,2.2952,9,1.9606
1.3,5,0,1,300,0.4,12,1,0,1.316,9,6.155
1.3,6,0,1,200,0.7,4,3,0,1.0495,9,6.4318
1.3,6,1,0,2550,0.5,8,1,0,0.85874,9,7.8696
1.3,9,1,1,3250,0.1,6,3,0,0.91673,9,4.9088
1.3,10,1,0,2600,0,6,1,0,0.53405,9,7.5835
1.3,6,0,1,3150,0.1,4,2,0,3.8223,9,1.7672
1.3,6,0,0,2550,0.5,10,1,0,1.5672,9,4.3071
1.3,5,0,0,2000,0.4,12,2,0,1.4948,9,5.4189
1.3,2,0,0,2250,0,6,2,0,2.4724,9,8.23
1.3,3,1,1,2500,0.5,12,1,0,1.9641,9,6.9035
1.3,4,1,1,2600,0.4,2,1,0,1.4657,9,6.997
1.3,8,0,1,3850,0.2,2,2,0,5.702,9,0.89091
1.3,3,0,1,1650,0.3,10,2,0,2.4915,9,5.4185
1.3,3,0,0,1550,0.7,8,1,0,1.835,9,7.4173
1.3,1,1,0,2300,1,10,1,0,4.6334,9,8.8474
1.3,3,1,0,2650,0.1,10,1,0,1.6334,9,8.3162
1.3,7,0,0,450,0.4,10,2,0,0.91976,9,6.2905
1.3,6,1,0,400,0.9,12,3,0,0.96145,9,7.0206
1.3,6,1,0,3650,0.1,10,3,0,0.92788,9,7.2747
